solid CATIA STL
  facet normal  1.000000e+000  0.000000e+000  0.000000e+000
    outer loop
      vertex  5.000000e+000 -1.904986e+001 -2.816208e+001
      vertex  5.000000e+000 -1.471924e+001 -2.578578e+001
      vertex  5.000000e+000 -2.089700e+001 -2.682006e+001
    endloop
  endfacet
  facet normal  1.000000e+000  -0.000000e+000  0.000000e+000
    outer loop
      vertex  5.000000e+000 -3.252809e+000  7.852976e+000
      vertex  5.000000e+000 -2.907223e+001  6.030582e+000
      vertex  5.000000e+000 -6.010407e+000  6.010407e+000
    endloop
  endfacet
  facet normal  1.000000e+000  0.000000e+000  -0.000000e+000
    outer loop
      vertex  5.000000e+000  3.252809e+000  7.852976e+000
      vertex  5.000000e+000  6.010407e+000  6.010407e+000
      vertex  5.000000e+000  2.907223e+001  6.030582e+000
    endloop
  endfacet
  facet normal  1.000000e+000  0.000000e+000  0.000000e+000
    outer loop
      vertex  5.000000e+000  1.784221e+001 -1.751159e+001
      vertex  5.000000e+000  1.114097e+001 -2.238032e+001
      vertex  5.000000e+000  1.997524e+001 -2.196707e+001
    endloop
  endfacet
  facet normal  9.999999e-001  0.000000e+000  0.000000e+000
    outer loop
      vertex  5.000000e+000 -1.928068e+001 -1.591400e+001
      vertex  5.000000e+000 -2.342227e+001 -8.740555e+000
      vertex  5.000000e+000 -2.718310e+001 -1.194326e+001
    endloop
  endfacet
  facet normal  1.000000e+000  0.000000e+000  0.000000e+000
    outer loop
      vertex  5.000000e+000 -1.928068e+001 -1.591400e+001
      vertex  5.000000e+000 -2.718310e+001 -1.194326e+001
      vertex  5.000000e+000 -2.999906e+001 -1.600177e+001
    endloop
  endfacet
  facet normal  1.000000e+000  -0.000000e+000  0.000000e+000
    outer loop
      vertex  5.000000e+000 -1.928068e+001 -1.591400e+001
      vertex  5.000000e+000 -2.999906e+001 -1.600177e+001
      vertex  5.000000e+000 -2.885747e+001 -1.797906e+001
    endloop
  endfacet
  facet normal  1.000000e+000  0.000000e+000  0.000000e+000
    outer loop
      vertex  5.000000e+000 -1.928068e+001 -1.591400e+001
      vertex  5.000000e+000 -2.885747e+001 -1.797906e+001
      vertex  5.000000e+000 -2.393471e+001 -1.756963e+001
    endloop
  endfacet
  facet normal  1.000000e+000  -0.000000e+000  -0.000000e+000
    outer loop
      vertex  5.000000e+000 -2.342227e+001 -8.740555e+000
      vertex  5.000000e+000 -1.928068e+001 -1.591400e+001
      vertex  5.000000e+000 -1.784221e+001 -1.751159e+001
    endloop
  endfacet
  facet normal  9.999999e-001  -0.000000e+000  -0.000000e+000
    outer loop
      vertex  5.000000e+000 -2.342227e+001 -8.740555e+000
      vertex  5.000000e+000 -1.784221e+001 -1.751159e+001
      vertex  5.000000e+000 -1.114097e+001 -2.238032e+001
    endloop
  endfacet
  facet normal  1.000000e+000  -0.000000e+000  -0.000000e+000
    outer loop
      vertex  5.000000e+000 -2.342227e+001 -8.740555e+000
      vertex  5.000000e+000 -1.114097e+001 -2.238032e+001
      vertex  5.000000e+000 -9.177060e+000 -2.325471e+001
    endloop
  endfacet
  facet normal  1.000000e+000  -0.000000e+000  -0.000000e+000
    outer loop
      vertex  5.000000e+000 -2.342227e+001 -8.740555e+000
      vertex  5.000000e+000 -9.177060e+000 -2.325471e+001
      vertex  5.000000e+000 -1.074882e+000 -2.497688e+001
    endloop
  endfacet
  facet normal  1.000000e+000  0.000000e+000  -0.000000e+000
    outer loop
      vertex  5.000000e+000 -2.342227e+001 -8.740555e+000
      vertex  5.000000e+000 -1.074882e+000 -2.497688e+001
      vertex  5.000000e+000  1.074882e+000 -2.497688e+001
    endloop
  endfacet
  facet normal  1.000000e+000  0.000000e+000  0.000000e+000
    outer loop
      vertex  5.000000e+000 -2.342227e+001 -8.740555e+000
      vertex  5.000000e+000  1.074882e+000 -2.497688e+001
      vertex  5.000000e+000  5.988143e-015 -8.500000e+000
    endloop
  endfacet
  facet normal  1.000000e+000  0.000000e+000  -0.000000e+000
    outer loop
      vertex  5.000000e+000  5.988143e-015 -8.500000e+000
      vertex  5.000000e+000  1.074882e+000 -2.497688e+001
      vertex  5.000000e+000  9.177060e+000 -2.325471e+001
    endloop
  endfacet
  facet normal  1.000000e+000  0.000000e+000  -0.000000e+000
    outer loop
      vertex  5.000000e+000  5.988143e-015 -8.500000e+000
      vertex  5.000000e+000  9.177060e+000 -2.325471e+001
      vertex  5.000000e+000  1.114097e+001 -2.238032e+001
    endloop
  endfacet
  facet normal  1.000000e+000  0.000000e+000  -0.000000e+000
    outer loop
      vertex  5.000000e+000  5.988143e-015 -8.500000e+000
      vertex  5.000000e+000  1.114097e+001 -2.238032e+001
      vertex  5.000000e+000  1.784221e+001 -1.751159e+001
    endloop
  endfacet
  facet normal  1.000000e+000  0.000000e+000  -0.000000e+000
    outer loop
      vertex  5.000000e+000  5.988143e-015 -8.500000e+000
      vertex  5.000000e+000  1.784221e+001 -1.751159e+001
      vertex  5.000000e+000  1.928068e+001 -1.591400e+001
    endloop
  endfacet
  facet normal  1.000000e+000  0.000000e+000  -0.000000e+000
    outer loop
      vertex  5.000000e+000  5.988143e-015 -8.500000e+000
      vertex  5.000000e+000  1.928068e+001 -1.591400e+001
      vertex  5.000000e+000  2.718310e+001 -1.194326e+001
    endloop
  endfacet
  facet normal  1.000000e+000  0.000000e+000  0.000000e+000
    outer loop
      vertex  5.000000e+000  5.988143e-015 -8.500000e+000
      vertex  5.000000e+000  2.718310e+001 -1.194326e+001
      vertex  5.000000e+000  2.342227e+001 -8.740555e+000
    endloop
  endfacet
  facet normal  1.000000e+000  -0.000000e+000  -0.000000e+000
    outer loop
      vertex  5.000000e+000  5.204577e-016  8.500000e+000
      vertex  5.000000e+000  3.252809e+000  7.852976e+000
      vertex  5.000000e+000  2.907223e+001  6.030582e+000
    endloop
  endfacet
  facet normal  1.000000e+000  0.000000e+000  -0.000000e+000
    outer loop
      vertex  5.000000e+000  5.204577e-016  8.500000e+000
      vertex  5.000000e+000  2.907223e+001  6.030582e+000
      vertex  5.000000e+000  3.267046e+001  9.414934e+000
    endloop
  endfacet
  facet normal  9.999999e-001  0.000000e+000  0.000000e+000
    outer loop
      vertex  5.000000e+000  5.204577e-016  8.500000e+000
      vertex  5.000000e+000  3.267046e+001  9.414934e+000
      vertex  5.000000e+000  2.216805e+001  1.155757e+001
    endloop
  endfacet
  facet normal  1.000000e+000  0.000000e+000  0.000000e+000
    outer loop
      vertex  5.000000e+000  5.204577e-016  8.500000e+000
      vertex  5.000000e+000  2.216805e+001  1.155757e+001
      vertex  5.000000e+000  2.109317e+001  1.341932e+001
    endloop
  endfacet
  facet normal  1.000000e+000  0.000000e+000  -0.000000e+000
    outer loop
      vertex  5.000000e+000  5.204577e-016  8.500000e+000
      vertex  5.000000e+000  2.109317e+001  1.341932e+001
      vertex  5.000000e+000  2.410594e+001  1.733395e+001
    endloop
  endfacet
  facet normal  1.000000e+000  0.000000e+000  0.000000e+000
    outer loop
      vertex  5.000000e+000  5.204577e-016  8.500000e+000
      vertex  5.000000e+000  2.410594e+001  1.733395e+001
      vertex  5.000000e+000  1.555064e+001  1.957492e+001
    endloop
  endfacet
  facet normal  1.000000e+000  0.000000e+000  0.000000e+000
    outer loop
      vertex  5.000000e+000  5.204577e-016  8.500000e+000
      vertex  5.000000e+000  1.555064e+001  1.957492e+001
      vertex  5.000000e+000  1.381145e+001  2.083852e+001
    endloop
  endfacet
  facet normal  1.000000e+000  0.000000e+000  0.000000e+000
    outer loop
      vertex  5.000000e+000  5.204577e-016  8.500000e+000
      vertex  5.000000e+000  1.381145e+001  2.083852e+001
      vertex  5.000000e+000  6.244379e+000  2.420760e+001
    endloop
  endfacet
  facet normal  1.000000e+000  0.000000e+000  0.000000e+000
    outer loop
      vertex  5.000000e+000  5.204577e-016  8.500000e+000
      vertex  5.000000e+000  6.244379e+000  2.420760e+001
      vertex  5.000000e+000  4.141593e+000  2.465456e+001
    endloop
  endfacet
  facet normal  1.000000e+000  0.000000e+000  0.000000e+000
    outer loop
      vertex  5.000000e+000  5.204577e-016  8.500000e+000
      vertex  5.000000e+000  4.141593e+000  2.465456e+001
      vertex  5.000000e+000  3.248387e+000  2.951288e+001
    endloop
  endfacet
  facet normal  1.000000e+000  0.000000e+000  0.000000e+000
    outer loop
      vertex  5.000000e+000  5.204577e-016  8.500000e+000
      vertex  5.000000e+000  3.248387e+000  2.951288e+001
      vertex  5.000000e+000  1.141593e+000  3.398083e+001
    endloop
  endfacet
  facet normal  1.000000e+000  0.000000e+000  0.000000e+000
    outer loop
      vertex  5.000000e+000  5.204577e-016  8.500000e+000
      vertex  5.000000e+000  1.141593e+000  3.398083e+001
      vertex  5.000000e+000 -1.141593e+000  3.398083e+001
    endloop
  endfacet
  facet normal  1.000000e+000  0.000000e+000  0.000000e+000
    outer loop
      vertex  5.000000e+000  5.204577e-016  8.500000e+000
      vertex  5.000000e+000 -1.141593e+000  3.398083e+001
      vertex  5.000000e+000 -3.248387e+000  2.951288e+001
    endloop
  endfacet
  facet normal  1.000000e+000  0.000000e+000  0.000000e+000
    outer loop
      vertex  5.000000e+000  5.204577e-016  8.500000e+000
      vertex  5.000000e+000 -3.248387e+000  2.951288e+001
      vertex  5.000000e+000 -4.141593e+000  2.465456e+001
    endloop
  endfacet
  facet normal  1.000000e+000  0.000000e+000  0.000000e+000
    outer loop
      vertex  5.000000e+000  5.204577e-016  8.500000e+000
      vertex  5.000000e+000 -4.141593e+000  2.465456e+001
      vertex  5.000000e+000 -6.244379e+000  2.420760e+001
    endloop
  endfacet
  facet normal  1.000000e+000  0.000000e+000  0.000000e+000
    outer loop
      vertex  5.000000e+000  5.204577e-016  8.500000e+000
      vertex  5.000000e+000 -6.244379e+000  2.420760e+001
      vertex  5.000000e+000 -1.381145e+001  2.083852e+001
    endloop
  endfacet
  facet normal  1.000000e+000  0.000000e+000  0.000000e+000
    outer loop
      vertex  5.000000e+000  5.204577e-016  8.500000e+000
      vertex  5.000000e+000 -1.381145e+001  2.083852e+001
      vertex  5.000000e+000 -1.555064e+001  1.957492e+001
    endloop
  endfacet
  facet normal  1.000000e+000  0.000000e+000  0.000000e+000
    outer loop
      vertex  5.000000e+000  5.204577e-016  8.500000e+000
      vertex  5.000000e+000 -1.555064e+001  1.957492e+001
      vertex  5.000000e+000 -2.410594e+001  1.733395e+001
    endloop
  endfacet
  facet normal  1.000000e+000  0.000000e+000  0.000000e+000
    outer loop
      vertex  5.000000e+000  5.204577e-016  8.500000e+000
      vertex  5.000000e+000 -2.410594e+001  1.733395e+001
      vertex  5.000000e+000 -2.109317e+001  1.341932e+001
    endloop
  endfacet
  facet normal  1.000000e+000  0.000000e+000  0.000000e+000
    outer loop
      vertex  5.000000e+000  5.204577e-016  8.500000e+000
      vertex  5.000000e+000 -2.109317e+001  1.341932e+001
      vertex  5.000000e+000 -2.216805e+001  1.155757e+001
    endloop
  endfacet
  facet normal  9.999999e-001  0.000000e+000  0.000000e+000
    outer loop
      vertex  5.000000e+000  5.204577e-016  8.500000e+000
      vertex  5.000000e+000 -2.216805e+001  1.155757e+001
      vertex  5.000000e+000 -3.267046e+001  9.414934e+000
    endloop
  endfacet
  facet normal  1.000000e+000  0.000000e+000  0.000000e+000
    outer loop
      vertex  5.000000e+000  5.204577e-016  8.500000e+000
      vertex  5.000000e+000 -3.267046e+001  9.414934e+000
      vertex  5.000000e+000 -2.907223e+001  6.030582e+000
    endloop
  endfacet
  facet normal  1.000000e+000  0.000000e+000  0.000000e+000
    outer loop
      vertex  5.000000e+000  5.204577e-016  8.500000e+000
      vertex  5.000000e+000 -2.907223e+001  6.030582e+000
      vertex  5.000000e+000 -3.252809e+000  7.852976e+000
    endloop
  endfacet
  facet normal  1.000000e+000  0.000000e+000  0.000000e+000
    outer loop
      vertex  5.000000e+000  5.948366e+000 -3.347562e+001
      vertex  5.000000e+000  8.181658e+000 -3.300092e+001
      vertex  5.000000e+000  2.958671e+000 -2.954333e+001
    endloop
  endfacet
  facet normal  1.000000e+000  -0.000000e+000  0.000000e+000
    outer loop
      vertex  5.000000e+000  2.958671e+000 -2.954333e+001
      vertex  5.000000e+000  8.181658e+000 -3.300092e+001
      vertex  5.000000e+000  9.313476e+000 -2.819258e+001
    endloop
  endfacet
  facet normal  1.000000e+000  0.000000e+000  0.000000e+000
    outer loop
      vertex  5.000000e+000  2.958671e+000 -2.954333e+001
      vertex  5.000000e+000  9.313476e+000 -2.819258e+001
      vertex  5.000000e+000  1.074882e+000 -2.497688e+001
    endloop
  endfacet
  facet normal  1.000000e+000  -0.000000e+000  0.000000e+000
    outer loop
      vertex  5.000000e+000  1.074882e+000 -2.497688e+001
      vertex  5.000000e+000  9.313476e+000 -2.819258e+001
      vertex  5.000000e+000  9.177060e+000 -2.325471e+001
    endloop
  endfacet
  facet normal  1.000000e+000  0.000000e+000  0.000000e+000
    outer loop
      vertex  5.000000e+000  1.486415e+001  3.057870e+001
      vertex  5.000000e+000  1.277835e+001  3.150736e+001
      vertex  5.000000e+000  1.497152e+001  2.564012e+001
    endloop
  endfacet
  facet normal  1.000000e+000  0.000000e+000  0.000000e+000
    outer loop
      vertex  5.000000e+000  1.497152e+001  2.564012e+001
      vertex  5.000000e+000  1.277835e+001  3.150736e+001
      vertex  5.000000e+000  9.036422e+000  2.828260e+001
    endloop
  endfacet
  facet normal  1.000000e+000  0.000000e+000  0.000000e+000
    outer loop
      vertex  5.000000e+000  1.497152e+001  2.564012e+001
      vertex  5.000000e+000  9.036422e+000  2.828260e+001
      vertex  5.000000e+000  1.381145e+001  2.083852e+001
    endloop
  endfacet
  facet normal  1.000000e+000  0.000000e+000  0.000000e+000
    outer loop
      vertex  5.000000e+000  1.381145e+001  2.083852e+001
      vertex  5.000000e+000  9.036422e+000  2.828260e+001
      vertex  5.000000e+000  6.244379e+000  2.420760e+001
    endloop
  endfacet
  facet normal  1.000000e+000  -0.000000e+000  0.000000e+000
    outer loop
      vertex  5.000000e+000 -1.277835e+001  3.150736e+001
      vertex  5.000000e+000 -1.486415e+001  3.057870e+001
      vertex  5.000000e+000 -9.036422e+000  2.828260e+001
    endloop
  endfacet
  facet normal  1.000000e+000  0.000000e+000  0.000000e+000
    outer loop
      vertex  5.000000e+000 -9.036422e+000  2.828260e+001
      vertex  5.000000e+000 -1.486415e+001  3.057870e+001
      vertex  5.000000e+000 -1.497152e+001  2.564012e+001
    endloop
  endfacet
  facet normal  9.999999e-001  -0.000000e+000  0.000000e+000
    outer loop
      vertex  5.000000e+000 -9.036422e+000  2.828260e+001
      vertex  5.000000e+000 -1.497152e+001  2.564012e+001
      vertex  5.000000e+000 -6.244379e+000  2.420760e+001
    endloop
  endfacet
  facet normal  9.999999e-001  0.000000e+000  0.000000e+000
    outer loop
      vertex  5.000000e+000 -6.244379e+000  2.420760e+001
      vertex  5.000000e+000 -1.497152e+001  2.564012e+001
      vertex  5.000000e+000 -1.381145e+001  2.083852e+001
    endloop
  endfacet
  facet normal  1.000000e+000  0.000000e+000  0.000000e+000
    outer loop
      vertex  5.000000e+000 -2.089700e+001 -2.682006e+001
      vertex  5.000000e+000 -1.471924e+001 -2.578578e+001
      vertex  5.000000e+000 -1.997524e+001 -2.196707e+001
    endloop
  endfacet
  facet normal  9.999999e-001  0.000000e+000  0.000000e+000
    outer loop
      vertex  5.000000e+000 -1.997524e+001 -2.196707e+001
      vertex  5.000000e+000 -1.471924e+001 -2.578578e+001
      vertex  5.000000e+000 -1.114097e+001 -2.238032e+001
    endloop
  endfacet
  facet normal  1.000000e+000  0.000000e+000  0.000000e+000
    outer loop
      vertex  5.000000e+000 -1.997524e+001 -2.196707e+001
      vertex  5.000000e+000 -1.114097e+001 -2.238032e+001
      vertex  5.000000e+000 -1.784221e+001 -1.751159e+001
    endloop
  endfacet
  facet normal  1.000000e+000  0.000000e+000  0.000000e+000
    outer loop
      vertex  5.000000e+000 -6.010407e+000  6.010407e+000
      vertex  5.000000e+000 -2.907223e+001  6.030582e+000
      vertex  5.000000e+000 -7.852976e+000  3.252809e+000
    endloop
  endfacet
  facet normal  1.000000e+000  0.000000e+000  0.000000e+000
    outer loop
      vertex  5.000000e+000 -7.852976e+000  3.252809e+000
      vertex  5.000000e+000 -2.907223e+001  6.030582e+000
      vertex  5.000000e+000 -2.472770e+001  3.679789e+000
    endloop
  endfacet
  facet normal  9.999999e-001  0.000000e+000  0.000000e+000
    outer loop
      vertex  5.000000e+000 -7.852976e+000  3.252809e+000
      vertex  5.000000e+000 -2.472770e+001  3.679789e+000
      vertex  5.000000e+000 -8.500000e+000  1.040915e-015
    endloop
  endfacet
  facet normal  1.000000e+000  0.000000e+000  0.000000e+000
    outer loop
      vertex  5.000000e+000 -8.500000e+000  1.040915e-015
      vertex  5.000000e+000 -2.472770e+001  3.679789e+000
      vertex  5.000000e+000 -2.495241e+001  1.541802e+000
    endloop
  endfacet
  facet normal  9.999999e-001  0.000000e+000  0.000000e+000
    outer loop
      vertex  5.000000e+000 -8.500000e+000  1.040915e-015
      vertex  5.000000e+000 -2.495241e+001  1.541802e+000
      vertex  5.000000e+000 -2.969076e+001  1.456559e-001
    endloop
  endfacet
  facet normal  1.000000e+000  0.000000e+000  0.000000e+000
    outer loop
      vertex  5.000000e+000 -8.500000e+000  1.040915e-015
      vertex  5.000000e+000 -2.969076e+001  1.456559e-001
      vertex  5.000000e+000 -7.852976e+000 -3.252809e+000
    endloop
  endfacet
  facet normal  1.000000e+000  0.000000e+000  0.000000e+000
    outer loop
      vertex  5.000000e+000 -7.852976e+000 -3.252809e+000
      vertex  5.000000e+000 -2.969076e+001  1.456559e-001
      vertex  5.000000e+000 -3.391401e+001 -2.416625e+000
    endloop
  endfacet
  facet normal  1.000000e+000  0.000000e+000  0.000000e+000
    outer loop
      vertex  5.000000e+000 -7.852976e+000 -3.252809e+000
      vertex  5.000000e+000 -3.391401e+001 -2.416625e+000
      vertex  5.000000e+000 -6.010407e+000 -6.010407e+000
    endloop
  endfacet
  facet normal  9.999999e-001  0.000000e+000  0.000000e+000
    outer loop
      vertex  5.000000e+000 -6.010407e+000 -6.010407e+000
      vertex  5.000000e+000 -3.391401e+001 -2.416625e+000
      vertex  5.000000e+000 -3.367535e+001 -4.687303e+000
    endloop
  endfacet
  facet normal  1.000000e+000  0.000000e+000  0.000000e+000
    outer loop
      vertex  5.000000e+000 -6.010407e+000 -6.010407e+000
      vertex  5.000000e+000 -3.367535e+001 -4.687303e+000
      vertex  5.000000e+000 -2.901166e+001 -6.315528e+000
    endloop
  endfacet
  facet normal  1.000000e+000  -0.000000e+000  0.000000e+000
    outer loop
      vertex  5.000000e+000 -6.010407e+000 -6.010407e+000
      vertex  5.000000e+000 -2.901166e+001 -6.315528e+000
      vertex  5.000000e+000 -3.252809e+000 -7.852976e+000
    endloop
  endfacet
  facet normal  1.000000e+000  0.000000e+000  0.000000e+000
    outer loop
      vertex  5.000000e+000 -3.252809e+000 -7.852976e+000
      vertex  5.000000e+000 -2.901166e+001 -6.315528e+000
      vertex  5.000000e+000 -2.408658e+001 -6.696008e+000
    endloop
  endfacet
  facet normal  9.999999e-001  0.000000e+000  0.000000e+000
    outer loop
      vertex  5.000000e+000 -3.252809e+000 -7.852976e+000
      vertex  5.000000e+000 -2.408658e+001 -6.696008e+000
      vertex  5.000000e+000  5.988143e-015 -8.500000e+000
    endloop
  endfacet
  facet normal  1.000000e+000  0.000000e+000  0.000000e+000
    outer loop
      vertex  5.000000e+000  5.988143e-015 -8.500000e+000
      vertex  5.000000e+000 -2.408658e+001 -6.696008e+000
      vertex  5.000000e+000 -2.342227e+001 -8.740555e+000
    endloop
  endfacet
  facet normal  1.000000e+000  0.000000e+000  0.000000e+000
    outer loop
      vertex  5.000000e+000 -1.074882e+000 -2.497688e+001
      vertex  5.000000e+000 -9.177060e+000 -2.325471e+001
      vertex  5.000000e+000 -2.958671e+000 -2.954333e+001
    endloop
  endfacet
  facet normal  1.000000e+000  0.000000e+000  0.000000e+000
    outer loop
      vertex  5.000000e+000 -2.958671e+000 -2.954333e+001
      vertex  5.000000e+000 -9.177060e+000 -2.325471e+001
      vertex  5.000000e+000 -9.313476e+000 -2.819258e+001
    endloop
  endfacet
  facet normal  1.000000e+000  0.000000e+000  0.000000e+000
    outer loop
      vertex  5.000000e+000 -2.958671e+000 -2.954333e+001
      vertex  5.000000e+000 -9.313476e+000 -2.819258e+001
      vertex  5.000000e+000 -5.948366e+000 -3.347562e+001
    endloop
  endfacet
  facet normal  1.000000e+000  0.000000e+000  0.000000e+000
    outer loop
      vertex  5.000000e+000 -5.948366e+000 -3.347562e+001
      vertex  5.000000e+000 -9.313476e+000 -2.819258e+001
      vertex  5.000000e+000 -8.181658e+000 -3.300092e+001
    endloop
  endfacet
  facet normal  1.000000e+000  0.000000e+000  0.000000e+000
    outer loop
      vertex  5.000000e+000 -2.410594e+001  1.733395e+001
      vertex  5.000000e+000 -1.555064e+001  1.957492e+001
      vertex  5.000000e+000 -2.601655e+001  2.188924e+001
    endloop
  endfacet
  facet normal  1.000000e+000  -0.000000e+000  0.000000e+000
    outer loop
      vertex  5.000000e+000 -2.601655e+001  2.188924e+001
      vertex  5.000000e+000 -1.555064e+001  1.957492e+001
      vertex  5.000000e+000 -1.975875e+001  2.216199e+001
    endloop
  endfacet
  facet normal  9.999999e-001  0.000000e+000  0.000000e+000
    outer loop
      vertex  5.000000e+000 -2.601655e+001  2.188924e+001
      vertex  5.000000e+000 -1.975875e+001  2.216199e+001
      vertex  5.000000e+000 -2.448880e+001  2.358598e+001
    endloop
  endfacet
  facet normal  1.000000e+000  0.000000e+000  0.000000e+000
    outer loop
      vertex  5.000000e+000 -3.196492e+001  1.158637e+001
      vertex  5.000000e+000 -3.267046e+001  9.414934e+000
      vertex  5.000000e+000 -2.706461e+001  1.220938e+001
    endloop
  endfacet
  facet normal  1.000000e+000  0.000000e+000  0.000000e+000
    outer loop
      vertex  5.000000e+000 -2.706461e+001  1.220938e+001
      vertex  5.000000e+000 -3.267046e+001  9.414934e+000
      vertex  5.000000e+000 -2.216805e+001  1.155757e+001
    endloop
  endfacet
  facet normal  1.000000e+000  0.000000e+000  0.000000e+000
    outer loop
      vertex  5.000000e+000  2.216805e+001  1.155757e+001
      vertex  5.000000e+000  3.267046e+001  9.414934e+000
      vertex  5.000000e+000  2.706461e+001  1.220938e+001
    endloop
  endfacet
  facet normal  1.000000e+000  0.000000e+000  0.000000e+000
    outer loop
      vertex  5.000000e+000  2.706461e+001  1.220938e+001
      vertex  5.000000e+000  3.267046e+001  9.414934e+000
      vertex  5.000000e+000  3.196492e+001  1.158637e+001
    endloop
  endfacet
  facet normal  1.000000e+000  0.000000e+000  0.000000e+000
    outer loop
      vertex  5.000000e+000  1.555064e+001  1.957492e+001
      vertex  5.000000e+000  2.410594e+001  1.733395e+001
      vertex  5.000000e+000  1.975875e+001  2.216199e+001
    endloop
  endfacet
  facet normal  1.000000e+000  0.000000e+000  0.000000e+000
    outer loop
      vertex  5.000000e+000  1.975875e+001  2.216199e+001
      vertex  5.000000e+000  2.410594e+001  1.733395e+001
      vertex  5.000000e+000  2.601655e+001  2.188924e+001
    endloop
  endfacet
  facet normal  9.999999e-001  0.000000e+000  0.000000e+000
    outer loop
      vertex  5.000000e+000  1.975875e+001  2.216199e+001
      vertex  5.000000e+000  2.601655e+001  2.188924e+001
      vertex  5.000000e+000  2.448880e+001  2.358598e+001
    endloop
  endfacet
  facet normal  1.000000e+000  -0.000000e+000  0.000000e+000
    outer loop
      vertex  5.000000e+000  2.907223e+001  6.030582e+000
      vertex  5.000000e+000  6.010407e+000  6.010407e+000
      vertex  5.000000e+000  2.472770e+001  3.679789e+000
    endloop
  endfacet
  facet normal  1.000000e+000  0.000000e+000  0.000000e+000
    outer loop
      vertex  5.000000e+000  2.472770e+001  3.679789e+000
      vertex  5.000000e+000  6.010407e+000  6.010407e+000
      vertex  5.000000e+000  7.852976e+000  3.252809e+000
    endloop
  endfacet
  facet normal  1.000000e+000  -0.000000e+000  0.000000e+000
    outer loop
      vertex  5.000000e+000  2.472770e+001  3.679789e+000
      vertex  5.000000e+000  7.852976e+000  3.252809e+000
      vertex  5.000000e+000  2.495241e+001  1.541802e+000
    endloop
  endfacet
  facet normal  1.000000e+000  0.000000e+000  0.000000e+000
    outer loop
      vertex  5.000000e+000  2.495241e+001  1.541802e+000
      vertex  5.000000e+000  7.852976e+000  3.252809e+000
      vertex  5.000000e+000  8.500000e+000  0.000000e+000
    endloop
  endfacet
  facet normal  9.999999e-001  0.000000e+000  0.000000e+000
    outer loop
      vertex  5.000000e+000  2.495241e+001  1.541802e+000
      vertex  5.000000e+000  8.500000e+000  0.000000e+000
      vertex  5.000000e+000  2.969076e+001  1.456559e-001
    endloop
  endfacet
  facet normal  1.000000e+000  -0.000000e+000  0.000000e+000
    outer loop
      vertex  5.000000e+000  2.969076e+001  1.456559e-001
      vertex  5.000000e+000  8.500000e+000  0.000000e+000
      vertex  5.000000e+000  3.391401e+001 -2.416625e+000
    endloop
  endfacet
  facet normal  1.000000e+000  0.000000e+000  0.000000e+000
    outer loop
      vertex  5.000000e+000  3.391401e+001 -2.416625e+000
      vertex  5.000000e+000  8.500000e+000  0.000000e+000
      vertex  5.000000e+000  7.852976e+000 -3.252809e+000
    endloop
  endfacet
  facet normal  1.000000e+000  -0.000000e+000  0.000000e+000
    outer loop
      vertex  5.000000e+000  3.391401e+001 -2.416625e+000
      vertex  5.000000e+000  7.852976e+000 -3.252809e+000
      vertex  5.000000e+000  3.367535e+001 -4.687303e+000
    endloop
  endfacet
  facet normal  1.000000e+000  0.000000e+000  0.000000e+000
    outer loop
      vertex  5.000000e+000  3.367535e+001 -4.687303e+000
      vertex  5.000000e+000  7.852976e+000 -3.252809e+000
      vertex  5.000000e+000  6.010407e+000 -6.010407e+000
    endloop
  endfacet
  facet normal  1.000000e+000  -0.000000e+000  0.000000e+000
    outer loop
      vertex  5.000000e+000  3.367535e+001 -4.687303e+000
      vertex  5.000000e+000  6.010407e+000 -6.010407e+000
      vertex  5.000000e+000  2.901166e+001 -6.315528e+000
    endloop
  endfacet
  facet normal  1.000000e+000  0.000000e+000  0.000000e+000
    outer loop
      vertex  5.000000e+000  2.901166e+001 -6.315528e+000
      vertex  5.000000e+000  6.010407e+000 -6.010407e+000
      vertex  5.000000e+000  2.408658e+001 -6.696008e+000
    endloop
  endfacet
  facet normal  1.000000e+000  0.000000e+000  0.000000e+000
    outer loop
      vertex  5.000000e+000  2.408658e+001 -6.696008e+000
      vertex  5.000000e+000  6.010407e+000 -6.010407e+000
      vertex  5.000000e+000  3.252809e+000 -7.852976e+000
    endloop
  endfacet
  facet normal  1.000000e+000  -0.000000e+000  0.000000e+000
    outer loop
      vertex  5.000000e+000  2.408658e+001 -6.696008e+000
      vertex  5.000000e+000  3.252809e+000 -7.852976e+000
      vertex  5.000000e+000  2.342227e+001 -8.740555e+000
    endloop
  endfacet
  facet normal  1.000000e+000  0.000000e+000  0.000000e+000
    outer loop
      vertex  5.000000e+000  2.342227e+001 -8.740555e+000
      vertex  5.000000e+000  3.252809e+000 -7.852976e+000
      vertex  5.000000e+000  5.988143e-015 -8.500000e+000
    endloop
  endfacet
  facet normal  1.000000e+000  0.000000e+000  0.000000e+000
    outer loop
      vertex  5.000000e+000  2.393471e+001 -1.756963e+001
      vertex  5.000000e+000  2.885747e+001 -1.797906e+001
      vertex  5.000000e+000  1.928068e+001 -1.591400e+001
    endloop
  endfacet
  facet normal  1.000000e+000  0.000000e+000  0.000000e+000
    outer loop
      vertex  5.000000e+000  1.928068e+001 -1.591400e+001
      vertex  5.000000e+000  2.885747e+001 -1.797906e+001
      vertex  5.000000e+000  2.999906e+001 -1.600177e+001
    endloop
  endfacet
  facet normal  1.000000e+000  0.000000e+000  0.000000e+000
    outer loop
      vertex  5.000000e+000  1.928068e+001 -1.591400e+001
      vertex  5.000000e+000  2.999906e+001 -1.600177e+001
      vertex  5.000000e+000  2.718310e+001 -1.194326e+001
    endloop
  endfacet
  facet normal  1.000000e+000  -0.000000e+000  0.000000e+000
    outer loop
      vertex  5.000000e+000  1.997524e+001 -2.196707e+001
      vertex  5.000000e+000  1.114097e+001 -2.238032e+001
      vertex  5.000000e+000  2.089700e+001 -2.682006e+001
    endloop
  endfacet
  facet normal  1.000000e+000  0.000000e+000  0.000000e+000
    outer loop
      vertex  5.000000e+000  2.089700e+001 -2.682006e+001
      vertex  5.000000e+000  1.114097e+001 -2.238032e+001
      vertex  5.000000e+000  1.471924e+001 -2.578578e+001
    endloop
  endfacet
  facet normal  1.000000e+000  0.000000e+000  0.000000e+000
    outer loop
      vertex  5.000000e+000  2.089700e+001 -2.682006e+001
      vertex  5.000000e+000  1.471924e+001 -2.578578e+001
      vertex  5.000000e+000  1.904986e+001 -2.816208e+001
    endloop
  endfacet
  facet normal -1.000000e+000  0.000000e+000  0.000000e+000
    outer loop
      vertex -5.000000e+000 -2.089700e+001 -2.682006e+001
      vertex -5.000000e+000 -1.471924e+001 -2.578578e+001
      vertex -5.000000e+000 -1.904986e+001 -2.816208e+001
    endloop
  endfacet
  facet normal -1.000000e+000  0.000000e+000  0.000000e+000
    outer loop
      vertex -5.000000e+000 -6.010407e+000  6.010407e+000
      vertex -5.000000e+000 -2.907223e+001  6.030582e+000
      vertex -5.000000e+000 -3.252809e+000  7.852976e+000
    endloop
  endfacet
  facet normal -1.000000e+000  0.000000e+000  0.000000e+000
    outer loop
      vertex -5.000000e+000  2.907223e+001  6.030582e+000
      vertex -5.000000e+000  6.010407e+000  6.010407e+000
      vertex -5.000000e+000  3.252809e+000  7.852976e+000
    endloop
  endfacet
  facet normal -1.000000e+000  0.000000e+000  0.000000e+000
    outer loop
      vertex -5.000000e+000  1.997524e+001 -2.196707e+001
      vertex -5.000000e+000  1.114097e+001 -2.238032e+001
      vertex -5.000000e+000  1.784221e+001 -1.751159e+001
    endloop
  endfacet
  facet normal -1.000000e+000  -0.000000e+000  0.000000e+000
    outer loop
      vertex -5.000000e+000 -1.928068e+001 -1.591400e+001
      vertex -5.000000e+000 -2.393471e+001 -1.756963e+001
      vertex -5.000000e+000 -2.885747e+001 -1.797906e+001
    endloop
  endfacet
  facet normal -1.000000e+000  0.000000e+000  0.000000e+000
    outer loop
      vertex -5.000000e+000 -1.928068e+001 -1.591400e+001
      vertex -5.000000e+000 -2.885747e+001 -1.797906e+001
      vertex -5.000000e+000 -2.999906e+001 -1.600177e+001
    endloop
  endfacet
  facet normal -1.000000e+000  0.000000e+000  0.000000e+000
    outer loop
      vertex -5.000000e+000 -1.928068e+001 -1.591400e+001
      vertex -5.000000e+000 -2.999906e+001 -1.600177e+001
      vertex -5.000000e+000 -2.718310e+001 -1.194326e+001
    endloop
  endfacet
  facet normal -9.999999e-001  0.000000e+000  0.000000e+000
    outer loop
      vertex -5.000000e+000 -1.928068e+001 -1.591400e+001
      vertex -5.000000e+000 -2.718310e+001 -1.194326e+001
      vertex -5.000000e+000 -2.342227e+001 -8.740555e+000
    endloop
  endfacet
  facet normal -1.000000e+000  0.000000e+000  -0.000000e+000
    outer loop
      vertex -5.000000e+000 -2.342227e+001 -8.740555e+000
      vertex -5.000000e+000  5.988143e-015 -8.500000e+000
      vertex -5.000000e+000  1.074882e+000 -2.497688e+001
    endloop
  endfacet
  facet normal -1.000000e+000  0.000000e+000  0.000000e+000
    outer loop
      vertex -5.000000e+000 -2.342227e+001 -8.740555e+000
      vertex -5.000000e+000  1.074882e+000 -2.497688e+001
      vertex -5.000000e+000 -1.074882e+000 -2.497688e+001
    endloop
  endfacet
  facet normal -1.000000e+000  0.000000e+000  0.000000e+000
    outer loop
      vertex -5.000000e+000 -2.342227e+001 -8.740555e+000
      vertex -5.000000e+000 -1.074882e+000 -2.497688e+001
      vertex -5.000000e+000 -9.177060e+000 -2.325471e+001
    endloop
  endfacet
  facet normal -1.000000e+000  0.000000e+000  0.000000e+000
    outer loop
      vertex -5.000000e+000 -2.342227e+001 -8.740555e+000
      vertex -5.000000e+000 -9.177060e+000 -2.325471e+001
      vertex -5.000000e+000 -1.114097e+001 -2.238032e+001
    endloop
  endfacet
  facet normal -9.999999e-001  0.000000e+000  0.000000e+000
    outer loop
      vertex -5.000000e+000 -2.342227e+001 -8.740555e+000
      vertex -5.000000e+000 -1.114097e+001 -2.238032e+001
      vertex -5.000000e+000 -1.784221e+001 -1.751159e+001
    endloop
  endfacet
  facet normal -1.000000e+000  0.000000e+000  0.000000e+000
    outer loop
      vertex -5.000000e+000 -2.342227e+001 -8.740555e+000
      vertex -5.000000e+000 -1.784221e+001 -1.751159e+001
      vertex -5.000000e+000 -1.928068e+001 -1.591400e+001
    endloop
  endfacet
  facet normal -1.000000e+000  -0.000000e+000  -0.000000e+000
    outer loop
      vertex -5.000000e+000  5.988143e-015 -8.500000e+000
      vertex -5.000000e+000  2.342227e+001 -8.740555e+000
      vertex -5.000000e+000  2.718310e+001 -1.194326e+001
    endloop
  endfacet
  facet normal -1.000000e+000  -0.000000e+000  0.000000e+000
    outer loop
      vertex -5.000000e+000  5.988143e-015 -8.500000e+000
      vertex -5.000000e+000  2.718310e+001 -1.194326e+001
      vertex -5.000000e+000  1.928068e+001 -1.591400e+001
    endloop
  endfacet
  facet normal -1.000000e+000  -0.000000e+000  0.000000e+000
    outer loop
      vertex -5.000000e+000  5.988143e-015 -8.500000e+000
      vertex -5.000000e+000  1.928068e+001 -1.591400e+001
      vertex -5.000000e+000  1.784221e+001 -1.751159e+001
    endloop
  endfacet
  facet normal -1.000000e+000  -0.000000e+000  0.000000e+000
    outer loop
      vertex -5.000000e+000  5.988143e-015 -8.500000e+000
      vertex -5.000000e+000  1.784221e+001 -1.751159e+001
      vertex -5.000000e+000  1.114097e+001 -2.238032e+001
    endloop
  endfacet
  facet normal -1.000000e+000  -0.000000e+000  0.000000e+000
    outer loop
      vertex -5.000000e+000  5.988143e-015 -8.500000e+000
      vertex -5.000000e+000  1.114097e+001 -2.238032e+001
      vertex -5.000000e+000  9.177060e+000 -2.325471e+001
    endloop
  endfacet
  facet normal -1.000000e+000  -0.000000e+000  0.000000e+000
    outer loop
      vertex -5.000000e+000  5.988143e-015 -8.500000e+000
      vertex -5.000000e+000  9.177060e+000 -2.325471e+001
      vertex -5.000000e+000  1.074882e+000 -2.497688e+001
    endloop
  endfacet
  facet normal -1.000000e+000  -0.000000e+000  0.000000e+000
    outer loop
      vertex -5.000000e+000  5.204577e-016  8.500000e+000
      vertex -5.000000e+000 -3.252809e+000  7.852976e+000
      vertex -5.000000e+000 -2.907223e+001  6.030582e+000
    endloop
  endfacet
  facet normal -1.000000e+000  0.000000e+000  0.000000e+000
    outer loop
      vertex -5.000000e+000  5.204577e-016  8.500000e+000
      vertex -5.000000e+000 -2.907223e+001  6.030582e+000
      vertex -5.000000e+000 -3.267046e+001  9.414934e+000
    endloop
  endfacet
  facet normal -9.999999e-001  0.000000e+000  0.000000e+000
    outer loop
      vertex -5.000000e+000  5.204577e-016  8.500000e+000
      vertex -5.000000e+000 -3.267046e+001  9.414934e+000
      vertex -5.000000e+000 -2.216805e+001  1.155757e+001
    endloop
  endfacet
  facet normal -1.000000e+000  0.000000e+000  0.000000e+000
    outer loop
      vertex -5.000000e+000  5.204577e-016  8.500000e+000
      vertex -5.000000e+000 -2.216805e+001  1.155757e+001
      vertex -5.000000e+000 -2.109317e+001  1.341932e+001
    endloop
  endfacet
  facet normal -1.000000e+000  0.000000e+000  0.000000e+000
    outer loop
      vertex -5.000000e+000  5.204577e-016  8.500000e+000
      vertex -5.000000e+000 -2.109317e+001  1.341932e+001
      vertex -5.000000e+000 -2.410594e+001  1.733395e+001
    endloop
  endfacet
  facet normal -1.000000e+000  0.000000e+000  0.000000e+000
    outer loop
      vertex -5.000000e+000  5.204577e-016  8.500000e+000
      vertex -5.000000e+000 -2.410594e+001  1.733395e+001
      vertex -5.000000e+000 -1.555064e+001  1.957492e+001
    endloop
  endfacet
  facet normal -1.000000e+000  0.000000e+000  0.000000e+000
    outer loop
      vertex -5.000000e+000  5.204577e-016  8.500000e+000
      vertex -5.000000e+000 -1.555064e+001  1.957492e+001
      vertex -5.000000e+000 -1.381145e+001  2.083852e+001
    endloop
  endfacet
  facet normal -1.000000e+000  0.000000e+000  0.000000e+000
    outer loop
      vertex -5.000000e+000  5.204577e-016  8.500000e+000
      vertex -5.000000e+000 -1.381145e+001  2.083852e+001
      vertex -5.000000e+000 -6.244379e+000  2.420760e+001
    endloop
  endfacet
  facet normal -1.000000e+000  0.000000e+000  0.000000e+000
    outer loop
      vertex -5.000000e+000  5.204577e-016  8.500000e+000
      vertex -5.000000e+000 -6.244379e+000  2.420760e+001
      vertex -5.000000e+000 -4.141593e+000  2.465456e+001
    endloop
  endfacet
  facet normal -1.000000e+000  0.000000e+000  0.000000e+000
    outer loop
      vertex -5.000000e+000  5.204577e-016  8.500000e+000
      vertex -5.000000e+000 -4.141593e+000  2.465456e+001
      vertex -5.000000e+000 -3.248387e+000  2.951288e+001
    endloop
  endfacet
  facet normal -1.000000e+000  0.000000e+000  0.000000e+000
    outer loop
      vertex -5.000000e+000  5.204577e-016  8.500000e+000
      vertex -5.000000e+000 -3.248387e+000  2.951288e+001
      vertex -5.000000e+000 -1.141593e+000  3.398083e+001
    endloop
  endfacet
  facet normal -1.000000e+000  0.000000e+000  0.000000e+000
    outer loop
      vertex -5.000000e+000  5.204577e-016  8.500000e+000
      vertex -5.000000e+000 -1.141593e+000  3.398083e+001
      vertex -5.000000e+000  1.141593e+000  3.398083e+001
    endloop
  endfacet
  facet normal -1.000000e+000  0.000000e+000  -0.000000e+000
    outer loop
      vertex -5.000000e+000  5.204577e-016  8.500000e+000
      vertex -5.000000e+000  1.141593e+000  3.398083e+001
      vertex -5.000000e+000  3.248387e+000  2.951288e+001
    endloop
  endfacet
  facet normal -1.000000e+000  0.000000e+000  -0.000000e+000
    outer loop
      vertex -5.000000e+000  5.204577e-016  8.500000e+000
      vertex -5.000000e+000  3.248387e+000  2.951288e+001
      vertex -5.000000e+000  4.141593e+000  2.465456e+001
    endloop
  endfacet
  facet normal -1.000000e+000  0.000000e+000  -0.000000e+000
    outer loop
      vertex -5.000000e+000  5.204577e-016  8.500000e+000
      vertex -5.000000e+000  4.141593e+000  2.465456e+001
      vertex -5.000000e+000  6.244379e+000  2.420760e+001
    endloop
  endfacet
  facet normal -1.000000e+000  0.000000e+000  -0.000000e+000
    outer loop
      vertex -5.000000e+000  5.204577e-016  8.500000e+000
      vertex -5.000000e+000  6.244379e+000  2.420760e+001
      vertex -5.000000e+000  1.381145e+001  2.083852e+001
    endloop
  endfacet
  facet normal -1.000000e+000  0.000000e+000  -0.000000e+000
    outer loop
      vertex -5.000000e+000  5.204577e-016  8.500000e+000
      vertex -5.000000e+000  1.381145e+001  2.083852e+001
      vertex -5.000000e+000  1.555064e+001  1.957492e+001
    endloop
  endfacet
  facet normal -1.000000e+000  0.000000e+000  -0.000000e+000
    outer loop
      vertex -5.000000e+000  5.204577e-016  8.500000e+000
      vertex -5.000000e+000  1.555064e+001  1.957492e+001
      vertex -5.000000e+000  2.410594e+001  1.733395e+001
    endloop
  endfacet
  facet normal -1.000000e+000  0.000000e+000  0.000000e+000
    outer loop
      vertex -5.000000e+000  5.204577e-016  8.500000e+000
      vertex -5.000000e+000  2.410594e+001  1.733395e+001
      vertex -5.000000e+000  2.109317e+001  1.341932e+001
    endloop
  endfacet
  facet normal -1.000000e+000  0.000000e+000  -0.000000e+000
    outer loop
      vertex -5.000000e+000  5.204577e-016  8.500000e+000
      vertex -5.000000e+000  2.109317e+001  1.341932e+001
      vertex -5.000000e+000  2.216805e+001  1.155757e+001
    endloop
  endfacet
  facet normal -9.999999e-001  0.000000e+000  -0.000000e+000
    outer loop
      vertex -5.000000e+000  5.204577e-016  8.500000e+000
      vertex -5.000000e+000  2.216805e+001  1.155757e+001
      vertex -5.000000e+000  3.267046e+001  9.414934e+000
    endloop
  endfacet
  facet normal -1.000000e+000  0.000000e+000  0.000000e+000
    outer loop
      vertex -5.000000e+000  5.204577e-016  8.500000e+000
      vertex -5.000000e+000  3.267046e+001  9.414934e+000
      vertex -5.000000e+000  2.907223e+001  6.030582e+000
    endloop
  endfacet
  facet normal -1.000000e+000  0.000000e+000  0.000000e+000
    outer loop
      vertex -5.000000e+000  5.204577e-016  8.500000e+000
      vertex -5.000000e+000  2.907223e+001  6.030582e+000
      vertex -5.000000e+000  3.252809e+000  7.852976e+000
    endloop
  endfacet
  facet normal -1.000000e+000  0.000000e+000  0.000000e+000
    outer loop
      vertex -5.000000e+000  5.948366e+000 -3.347562e+001
      vertex -5.000000e+000  2.958671e+000 -2.954333e+001
      vertex -5.000000e+000  8.181658e+000 -3.300092e+001
    endloop
  endfacet
  facet normal -1.000000e+000  0.000000e+000  0.000000e+000
    outer loop
      vertex -5.000000e+000  8.181658e+000 -3.300092e+001
      vertex -5.000000e+000  2.958671e+000 -2.954333e+001
      vertex -5.000000e+000  9.313476e+000 -2.819258e+001
    endloop
  endfacet
  facet normal -1.000000e+000  0.000000e+000  0.000000e+000
    outer loop
      vertex -5.000000e+000  2.958671e+000 -2.954333e+001
      vertex -5.000000e+000  1.074882e+000 -2.497688e+001
      vertex -5.000000e+000  9.313476e+000 -2.819258e+001
    endloop
  endfacet
  facet normal -1.000000e+000  0.000000e+000  0.000000e+000
    outer loop
      vertex -5.000000e+000  9.313476e+000 -2.819258e+001
      vertex -5.000000e+000  1.074882e+000 -2.497688e+001
      vertex -5.000000e+000  9.177060e+000 -2.325471e+001
    endloop
  endfacet
  facet normal -1.000000e+000  0.000000e+000  0.000000e+000
    outer loop
      vertex -5.000000e+000  1.486415e+001  3.057870e+001
      vertex -5.000000e+000  1.497152e+001  2.564012e+001
      vertex -5.000000e+000  1.277835e+001  3.150736e+001
    endloop
  endfacet
  facet normal -1.000000e+000  0.000000e+000  -0.000000e+000
    outer loop
      vertex -5.000000e+000  1.277835e+001  3.150736e+001
      vertex -5.000000e+000  1.497152e+001  2.564012e+001
      vertex -5.000000e+000  9.036422e+000  2.828260e+001
    endloop
  endfacet
  facet normal -1.000000e+000  0.000000e+000  0.000000e+000
    outer loop
      vertex -5.000000e+000  1.497152e+001  2.564012e+001
      vertex -5.000000e+000  1.381145e+001  2.083852e+001
      vertex -5.000000e+000  9.036422e+000  2.828260e+001
    endloop
  endfacet
  facet normal -1.000000e+000  0.000000e+000  -0.000000e+000
    outer loop
      vertex -5.000000e+000  9.036422e+000  2.828260e+001
      vertex -5.000000e+000  1.381145e+001  2.083852e+001
      vertex -5.000000e+000  6.244379e+000  2.420760e+001
    endloop
  endfacet
  facet normal -1.000000e+000  0.000000e+000  0.000000e+000
    outer loop
      vertex -5.000000e+000 -1.277835e+001  3.150736e+001
      vertex -5.000000e+000 -9.036422e+000  2.828260e+001
      vertex -5.000000e+000 -1.486415e+001  3.057870e+001
    endloop
  endfacet
  facet normal -1.000000e+000  0.000000e+000  -0.000000e+000
    outer loop
      vertex -5.000000e+000 -1.486415e+001  3.057870e+001
      vertex -5.000000e+000 -9.036422e+000  2.828260e+001
      vertex -5.000000e+000 -1.497152e+001  2.564012e+001
    endloop
  endfacet
  facet normal -9.999999e-001  0.000000e+000  0.000000e+000
    outer loop
      vertex -5.000000e+000 -9.036422e+000  2.828260e+001
      vertex -5.000000e+000 -6.244379e+000  2.420760e+001
      vertex -5.000000e+000 -1.497152e+001  2.564012e+001
    endloop
  endfacet
  facet normal -9.999999e-001  0.000000e+000  0.000000e+000
    outer loop
      vertex -5.000000e+000 -1.497152e+001  2.564012e+001
      vertex -5.000000e+000 -6.244379e+000  2.420760e+001
      vertex -5.000000e+000 -1.381145e+001  2.083852e+001
    endloop
  endfacet
  facet normal -1.000000e+000  0.000000e+000  0.000000e+000
    outer loop
      vertex -5.000000e+000 -1.784221e+001 -1.751159e+001
      vertex -5.000000e+000 -1.114097e+001 -2.238032e+001
      vertex -5.000000e+000 -1.997524e+001 -2.196707e+001
    endloop
  endfacet
  facet normal -9.999999e-001  0.000000e+000  0.000000e+000
    outer loop
      vertex -5.000000e+000 -1.997524e+001 -2.196707e+001
      vertex -5.000000e+000 -1.114097e+001 -2.238032e+001
      vertex -5.000000e+000 -1.471924e+001 -2.578578e+001
    endloop
  endfacet
  facet normal -1.000000e+000  -0.000000e+000  0.000000e+000
    outer loop
      vertex -5.000000e+000 -1.997524e+001 -2.196707e+001
      vertex -5.000000e+000 -1.471924e+001 -2.578578e+001
      vertex -5.000000e+000 -2.089700e+001 -2.682006e+001
    endloop
  endfacet
  facet normal -9.999999e-001  0.000000e+000  -0.000000e+000
    outer loop
      vertex -5.000000e+000 -2.969076e+001  1.456559e-001
      vertex -5.000000e+000 -2.495241e+001  1.541802e+000
      vertex -5.000000e+000 -8.500000e+000  1.040915e-015
    endloop
  endfacet
  facet normal -1.000000e+000  0.000000e+000  0.000000e+000
    outer loop
      vertex -5.000000e+000 -8.500000e+000  1.040915e-015
      vertex -5.000000e+000 -2.495241e+001  1.541802e+000
      vertex -5.000000e+000 -2.472770e+001  3.679789e+000
    endloop
  endfacet
  facet normal -9.999999e-001  0.000000e+000  0.000000e+000
    outer loop
      vertex -5.000000e+000 -8.500000e+000  1.040915e-015
      vertex -5.000000e+000 -2.472770e+001  3.679789e+000
      vertex -5.000000e+000 -7.852976e+000  3.252809e+000
    endloop
  endfacet
  facet normal -1.000000e+000  0.000000e+000  0.000000e+000
    outer loop
      vertex -5.000000e+000 -7.852976e+000  3.252809e+000
      vertex -5.000000e+000 -2.472770e+001  3.679789e+000
      vertex -5.000000e+000 -2.907223e+001  6.030582e+000
    endloop
  endfacet
  facet normal -1.000000e+000  0.000000e+000  0.000000e+000
    outer loop
      vertex -5.000000e+000 -7.852976e+000  3.252809e+000
      vertex -5.000000e+000 -2.907223e+001  6.030582e+000
      vertex -5.000000e+000 -6.010407e+000  6.010407e+000
    endloop
  endfacet
  facet normal -1.000000e+000  0.000000e+000  0.000000e+000
    outer loop
      vertex -5.000000e+000 -2.901166e+001 -6.315528e+000
      vertex -5.000000e+000 -3.367535e+001 -4.687303e+000
      vertex -5.000000e+000 -6.010407e+000 -6.010407e+000
    endloop
  endfacet
  facet normal -9.999999e-001  0.000000e+000  0.000000e+000
    outer loop
      vertex -5.000000e+000 -6.010407e+000 -6.010407e+000
      vertex -5.000000e+000 -3.367535e+001 -4.687303e+000
      vertex -5.000000e+000 -3.391401e+001 -2.416625e+000
    endloop
  endfacet
  facet normal -1.000000e+000  0.000000e+000  0.000000e+000
    outer loop
      vertex -5.000000e+000 -6.010407e+000 -6.010407e+000
      vertex -5.000000e+000 -3.391401e+001 -2.416625e+000
      vertex -5.000000e+000 -7.852976e+000 -3.252809e+000
    endloop
  endfacet
  facet normal -1.000000e+000  0.000000e+000  0.000000e+000
    outer loop
      vertex -5.000000e+000 -7.852976e+000 -3.252809e+000
      vertex -5.000000e+000 -3.391401e+001 -2.416625e+000
      vertex -5.000000e+000 -2.969076e+001  1.456559e-001
    endloop
  endfacet
  facet normal -1.000000e+000  0.000000e+000  0.000000e+000
    outer loop
      vertex -5.000000e+000 -7.852976e+000 -3.252809e+000
      vertex -5.000000e+000 -2.969076e+001  1.456559e-001
      vertex -5.000000e+000 -8.500000e+000  1.040915e-015
    endloop
  endfacet
  facet normal -1.000000e+000  0.000000e+000  0.000000e+000
    outer loop
      vertex -5.000000e+000 -6.010407e+000 -6.010407e+000
      vertex -5.000000e+000 -3.252809e+000 -7.852976e+000
      vertex -5.000000e+000 -2.901166e+001 -6.315528e+000
    endloop
  endfacet
  facet normal -1.000000e+000  0.000000e+000  0.000000e+000
    outer loop
      vertex -5.000000e+000 -2.901166e+001 -6.315528e+000
      vertex -5.000000e+000 -3.252809e+000 -7.852976e+000
      vertex -5.000000e+000 -2.408658e+001 -6.696008e+000
    endloop
  endfacet
  facet normal -9.999999e-001  0.000000e+000  0.000000e+000
    outer loop
      vertex -5.000000e+000 -3.252809e+000 -7.852976e+000
      vertex -5.000000e+000  5.988143e-015 -8.500000e+000
      vertex -5.000000e+000 -2.408658e+001 -6.696008e+000
    endloop
  endfacet
  facet normal -1.000000e+000  0.000000e+000  0.000000e+000
    outer loop
      vertex -5.000000e+000 -2.408658e+001 -6.696008e+000
      vertex -5.000000e+000  5.988143e-015 -8.500000e+000
      vertex -5.000000e+000 -2.342227e+001 -8.740555e+000
    endloop
  endfacet
  facet normal -1.000000e+000  0.000000e+000  0.000000e+000
    outer loop
      vertex -5.000000e+000 -1.074882e+000 -2.497688e+001
      vertex -5.000000e+000 -2.958671e+000 -2.954333e+001
      vertex -5.000000e+000 -9.177060e+000 -2.325471e+001
    endloop
  endfacet
  facet normal -1.000000e+000  0.000000e+000  -0.000000e+000
    outer loop
      vertex -5.000000e+000 -9.177060e+000 -2.325471e+001
      vertex -5.000000e+000 -2.958671e+000 -2.954333e+001
      vertex -5.000000e+000 -9.313476e+000 -2.819258e+001
    endloop
  endfacet
  facet normal -1.000000e+000  0.000000e+000  0.000000e+000
    outer loop
      vertex -5.000000e+000 -2.958671e+000 -2.954333e+001
      vertex -5.000000e+000 -5.948366e+000 -3.347562e+001
      vertex -5.000000e+000 -9.313476e+000 -2.819258e+001
    endloop
  endfacet
  facet normal -1.000000e+000  0.000000e+000  0.000000e+000
    outer loop
      vertex -5.000000e+000 -9.313476e+000 -2.819258e+001
      vertex -5.000000e+000 -5.948366e+000 -3.347562e+001
      vertex -5.000000e+000 -8.181658e+000 -3.300092e+001
    endloop
  endfacet
  facet normal -9.999999e-001  -0.000000e+000  0.000000e+000
    outer loop
      vertex -5.000000e+000 -2.448880e+001  2.358598e+001
      vertex -5.000000e+000 -1.975875e+001  2.216199e+001
      vertex -5.000000e+000 -2.601655e+001  2.188924e+001
    endloop
  endfacet
  facet normal -1.000000e+000  0.000000e+000  0.000000e+000
    outer loop
      vertex -5.000000e+000 -2.601655e+001  2.188924e+001
      vertex -5.000000e+000 -1.975875e+001  2.216199e+001
      vertex -5.000000e+000 -1.555064e+001  1.957492e+001
    endloop
  endfacet
  facet normal -1.000000e+000  -0.000000e+000  0.000000e+000
    outer loop
      vertex -5.000000e+000 -2.601655e+001  2.188924e+001
      vertex -5.000000e+000 -1.555064e+001  1.957492e+001
      vertex -5.000000e+000 -2.410594e+001  1.733395e+001
    endloop
  endfacet
  facet normal -1.000000e+000  0.000000e+000  0.000000e+000
    outer loop
      vertex -5.000000e+000 -3.196492e+001  1.158637e+001
      vertex -5.000000e+000 -2.706461e+001  1.220938e+001
      vertex -5.000000e+000 -3.267046e+001  9.414934e+000
    endloop
  endfacet
  facet normal -1.000000e+000  0.000000e+000  0.000000e+000
    outer loop
      vertex -5.000000e+000 -3.267046e+001  9.414934e+000
      vertex -5.000000e+000 -2.706461e+001  1.220938e+001
      vertex -5.000000e+000 -2.216805e+001  1.155757e+001
    endloop
  endfacet
  facet normal -1.000000e+000  0.000000e+000  -0.000000e+000
    outer loop
      vertex -5.000000e+000  2.216805e+001  1.155757e+001
      vertex -5.000000e+000  2.706461e+001  1.220938e+001
      vertex -5.000000e+000  3.267046e+001  9.414934e+000
    endloop
  endfacet
  facet normal -1.000000e+000  0.000000e+000  0.000000e+000
    outer loop
      vertex -5.000000e+000  3.267046e+001  9.414934e+000
      vertex -5.000000e+000  2.706461e+001  1.220938e+001
      vertex -5.000000e+000  3.196492e+001  1.158637e+001
    endloop
  endfacet
  facet normal -9.999999e-001  0.000000e+000  0.000000e+000
    outer loop
      vertex -5.000000e+000  2.448880e+001  2.358598e+001
      vertex -5.000000e+000  2.601655e+001  2.188924e+001
      vertex -5.000000e+000  1.975875e+001  2.216199e+001
    endloop
  endfacet
  facet normal -1.000000e+000  0.000000e+000  0.000000e+000
    outer loop
      vertex -5.000000e+000  1.975875e+001  2.216199e+001
      vertex -5.000000e+000  2.601655e+001  2.188924e+001
      vertex -5.000000e+000  2.410594e+001  1.733395e+001
    endloop
  endfacet
  facet normal -1.000000e+000  0.000000e+000  0.000000e+000
    outer loop
      vertex -5.000000e+000  1.975875e+001  2.216199e+001
      vertex -5.000000e+000  2.410594e+001  1.733395e+001
      vertex -5.000000e+000  1.555064e+001  1.957492e+001
    endloop
  endfacet
  facet normal -9.999999e-001  0.000000e+000  0.000000e+000
    outer loop
      vertex -5.000000e+000  2.969076e+001  1.456559e-001
      vertex -5.000000e+000  8.500000e+000  0.000000e+000
      vertex -5.000000e+000  2.495241e+001  1.541802e+000
    endloop
  endfacet
  facet normal -1.000000e+000  -0.000000e+000  0.000000e+000
    outer loop
      vertex -5.000000e+000  2.495241e+001  1.541802e+000
      vertex -5.000000e+000  8.500000e+000  0.000000e+000
      vertex -5.000000e+000  7.852976e+000  3.252809e+000
    endloop
  endfacet
  facet normal -1.000000e+000  0.000000e+000  0.000000e+000
    outer loop
      vertex -5.000000e+000  2.495241e+001  1.541802e+000
      vertex -5.000000e+000  7.852976e+000  3.252809e+000
      vertex -5.000000e+000  2.472770e+001  3.679789e+000
    endloop
  endfacet
  facet normal -1.000000e+000  -0.000000e+000  0.000000e+000
    outer loop
      vertex -5.000000e+000  2.472770e+001  3.679789e+000
      vertex -5.000000e+000  7.852976e+000  3.252809e+000
      vertex -5.000000e+000  6.010407e+000  6.010407e+000
    endloop
  endfacet
  facet normal -1.000000e+000  0.000000e+000  0.000000e+000
    outer loop
      vertex -5.000000e+000  2.472770e+001  3.679789e+000
      vertex -5.000000e+000  6.010407e+000  6.010407e+000
      vertex -5.000000e+000  2.907223e+001  6.030582e+000
    endloop
  endfacet
  facet normal -1.000000e+000  0.000000e+000  0.000000e+000
    outer loop
      vertex -5.000000e+000  2.901166e+001 -6.315528e+000
      vertex -5.000000e+000  6.010407e+000 -6.010407e+000
      vertex -5.000000e+000  3.367535e+001 -4.687303e+000
    endloop
  endfacet
  facet normal -1.000000e+000  -0.000000e+000  0.000000e+000
    outer loop
      vertex -5.000000e+000  3.367535e+001 -4.687303e+000
      vertex -5.000000e+000  6.010407e+000 -6.010407e+000
      vertex -5.000000e+000  7.852976e+000 -3.252809e+000
    endloop
  endfacet
  facet normal -1.000000e+000  0.000000e+000  0.000000e+000
    outer loop
      vertex -5.000000e+000  3.367535e+001 -4.687303e+000
      vertex -5.000000e+000  7.852976e+000 -3.252809e+000
      vertex -5.000000e+000  3.391401e+001 -2.416625e+000
    endloop
  endfacet
  facet normal -1.000000e+000  -0.000000e+000  0.000000e+000
    outer loop
      vertex -5.000000e+000  3.391401e+001 -2.416625e+000
      vertex -5.000000e+000  7.852976e+000 -3.252809e+000
      vertex -5.000000e+000  8.500000e+000  0.000000e+000
    endloop
  endfacet
  facet normal -1.000000e+000  0.000000e+000  0.000000e+000
    outer loop
      vertex -5.000000e+000  3.391401e+001 -2.416625e+000
      vertex -5.000000e+000  8.500000e+000  0.000000e+000
      vertex -5.000000e+000  2.969076e+001  1.456559e-001
    endloop
  endfacet
  facet normal -1.000000e+000  0.000000e+000  0.000000e+000
    outer loop
      vertex -5.000000e+000  2.901166e+001 -6.315528e+000
      vertex -5.000000e+000  2.408658e+001 -6.696008e+000
      vertex -5.000000e+000  6.010407e+000 -6.010407e+000
    endloop
  endfacet
  facet normal -1.000000e+000  0.000000e+000  -0.000000e+000
    outer loop
      vertex -5.000000e+000  6.010407e+000 -6.010407e+000
      vertex -5.000000e+000  2.408658e+001 -6.696008e+000
      vertex -5.000000e+000  3.252809e+000 -7.852976e+000
    endloop
  endfacet
  facet normal -1.000000e+000  0.000000e+000  0.000000e+000
    outer loop
      vertex -5.000000e+000  2.408658e+001 -6.696008e+000
      vertex -5.000000e+000  2.342227e+001 -8.740555e+000
      vertex -5.000000e+000  3.252809e+000 -7.852976e+000
    endloop
  endfacet
  facet normal -1.000000e+000  0.000000e+000  -0.000000e+000
    outer loop
      vertex -5.000000e+000  3.252809e+000 -7.852976e+000
      vertex -5.000000e+000  2.342227e+001 -8.740555e+000
      vertex -5.000000e+000  5.988143e-015 -8.500000e+000
    endloop
  endfacet
  facet normal -1.000000e+000  0.000000e+000  0.000000e+000
    outer loop
      vertex -5.000000e+000  2.718310e+001 -1.194326e+001
      vertex -5.000000e+000  2.999906e+001 -1.600177e+001
      vertex -5.000000e+000  1.928068e+001 -1.591400e+001
    endloop
  endfacet
  facet normal -1.000000e+000  0.000000e+000  0.000000e+000
    outer loop
      vertex -5.000000e+000  1.928068e+001 -1.591400e+001
      vertex -5.000000e+000  2.999906e+001 -1.600177e+001
      vertex -5.000000e+000  2.885747e+001 -1.797906e+001
    endloop
  endfacet
  facet normal -1.000000e+000  0.000000e+000  0.000000e+000
    outer loop
      vertex -5.000000e+000  1.928068e+001 -1.591400e+001
      vertex -5.000000e+000  2.885747e+001 -1.797906e+001
      vertex -5.000000e+000  2.393471e+001 -1.756963e+001
    endloop
  endfacet
  facet normal -1.000000e+000  0.000000e+000  0.000000e+000
    outer loop
      vertex -5.000000e+000  1.904986e+001 -2.816208e+001
      vertex -5.000000e+000  1.471924e+001 -2.578578e+001
      vertex -5.000000e+000  2.089700e+001 -2.682006e+001
    endloop
  endfacet
  facet normal -1.000000e+000  0.000000e+000  0.000000e+000
    outer loop
      vertex -5.000000e+000  2.089700e+001 -2.682006e+001
      vertex -5.000000e+000  1.471924e+001 -2.578578e+001
      vertex -5.000000e+000  1.114097e+001 -2.238032e+001
    endloop
  endfacet
  facet normal -1.000000e+000  0.000000e+000  0.000000e+000
    outer loop
      vertex -5.000000e+000  2.089700e+001 -2.682006e+001
      vertex -5.000000e+000  1.114097e+001 -2.238032e+001
      vertex -5.000000e+000  1.997524e+001 -2.196707e+001
    endloop
  endfacet
  facet normal  0.000000e+000 -1.950904e-001  9.807853e-001
    outer loop
      vertex -5.000000e+000  5.988143e-015 -8.500000e+000
      vertex  5.000000e+000  3.252809e+000 -7.852976e+000
      vertex -5.000000e+000  3.252809e+000 -7.852976e+000
    endloop
  endfacet
  facet normal  0.000000e+000 -5.555702e-001  8.314695e-001
    outer loop
      vertex -5.000000e+000  3.252809e+000 -7.852976e+000
      vertex  5.000000e+000  3.252809e+000 -7.852976e+000
      vertex  5.000000e+000  6.010407e+000 -6.010407e+000
    endloop
  endfacet
  facet normal  0.000000e+000 -5.555702e-001  8.314695e-001
    outer loop
      vertex -5.000000e+000  3.252809e+000 -7.852976e+000
      vertex  5.000000e+000  6.010407e+000 -6.010407e+000
      vertex -5.000000e+000  6.010407e+000 -6.010407e+000
    endloop
  endfacet
  facet normal  0.000000e+000 -8.314695e-001  5.555702e-001
    outer loop
      vertex -5.000000e+000  6.010407e+000 -6.010407e+000
      vertex  5.000000e+000  6.010407e+000 -6.010407e+000
      vertex  5.000000e+000  7.852976e+000 -3.252809e+000
    endloop
  endfacet
  facet normal  0.000000e+000 -8.314695e-001  5.555702e-001
    outer loop
      vertex -5.000000e+000  6.010407e+000 -6.010407e+000
      vertex  5.000000e+000  7.852976e+000 -3.252809e+000
      vertex -5.000000e+000  7.852976e+000 -3.252809e+000
    endloop
  endfacet
  facet normal  0.000000e+000 -9.807853e-001  1.950904e-001
    outer loop
      vertex -5.000000e+000  7.852976e+000 -3.252809e+000
      vertex  5.000000e+000  7.852976e+000 -3.252809e+000
      vertex  5.000000e+000  8.500000e+000  0.000000e+000
    endloop
  endfacet
  facet normal  0.000000e+000 -9.807853e-001  1.950904e-001
    outer loop
      vertex -5.000000e+000  7.852976e+000 -3.252809e+000
      vertex  5.000000e+000  8.500000e+000  0.000000e+000
      vertex -5.000000e+000  8.500000e+000  0.000000e+000
    endloop
  endfacet
  facet normal  0.000000e+000 -1.950904e-001  9.807853e-001
    outer loop
      vertex  5.000000e+000  3.252809e+000 -7.852976e+000
      vertex -5.000000e+000  5.988143e-015 -8.500000e+000
      vertex  5.000000e+000  5.988143e-015 -8.500000e+000
    endloop
  endfacet
  facet normal  0.000000e+000  1.950904e-001  9.807853e-001
    outer loop
      vertex  5.000000e+000  5.988143e-015 -8.500000e+000
      vertex -5.000000e+000  5.988143e-015 -8.500000e+000
      vertex -5.000000e+000 -3.252809e+000 -7.852976e+000
    endloop
  endfacet
  facet normal  -0.000000e+000  1.950904e-001  9.807853e-001
    outer loop
      vertex  5.000000e+000  5.988143e-015 -8.500000e+000
      vertex -5.000000e+000 -3.252809e+000 -7.852976e+000
      vertex  5.000000e+000 -3.252809e+000 -7.852976e+000
    endloop
  endfacet
  facet normal  0.000000e+000  5.555702e-001  8.314695e-001
    outer loop
      vertex  5.000000e+000 -3.252809e+000 -7.852976e+000
      vertex -5.000000e+000 -3.252809e+000 -7.852976e+000
      vertex -5.000000e+000 -6.010407e+000 -6.010407e+000
    endloop
  endfacet
  facet normal  -0.000000e+000  5.555702e-001  8.314695e-001
    outer loop
      vertex  5.000000e+000 -3.252809e+000 -7.852976e+000
      vertex -5.000000e+000 -6.010407e+000 -6.010407e+000
      vertex  5.000000e+000 -6.010407e+000 -6.010407e+000
    endloop
  endfacet
  facet normal  0.000000e+000  8.314695e-001  5.555702e-001
    outer loop
      vertex  5.000000e+000 -6.010407e+000 -6.010407e+000
      vertex -5.000000e+000 -6.010407e+000 -6.010407e+000
      vertex -5.000000e+000 -7.852976e+000 -3.252809e+000
    endloop
  endfacet
  facet normal  -0.000000e+000  8.314695e-001  5.555702e-001
    outer loop
      vertex  5.000000e+000 -6.010407e+000 -6.010407e+000
      vertex -5.000000e+000 -7.852976e+000 -3.252809e+000
      vertex  5.000000e+000 -7.852976e+000 -3.252809e+000
    endloop
  endfacet
  facet normal  0.000000e+000  9.807853e-001  1.950904e-001
    outer loop
      vertex  5.000000e+000 -7.852976e+000 -3.252809e+000
      vertex -5.000000e+000 -7.852976e+000 -3.252809e+000
      vertex -5.000000e+000 -8.500000e+000  1.040915e-015
    endloop
  endfacet
  facet normal  -0.000000e+000  9.807853e-001  1.950904e-001
    outer loop
      vertex  5.000000e+000 -7.852976e+000 -3.252809e+000
      vertex -5.000000e+000 -8.500000e+000  1.040915e-015
      vertex  5.000000e+000 -8.500000e+000  1.040915e-015
    endloop
  endfacet
  facet normal  0.000000e+000  1.950904e-001 -9.807853e-001
    outer loop
      vertex -5.000000e+000  5.204577e-016  8.500000e+000
      vertex  5.000000e+000 -3.252809e+000  7.852976e+000
      vertex -5.000000e+000 -3.252809e+000  7.852976e+000
    endloop
  endfacet
  facet normal  0.000000e+000  5.555702e-001 -8.314695e-001
    outer loop
      vertex -5.000000e+000 -3.252809e+000  7.852976e+000
      vertex  5.000000e+000 -3.252809e+000  7.852976e+000
      vertex  5.000000e+000 -6.010407e+000  6.010407e+000
    endloop
  endfacet
  facet normal  0.000000e+000  5.555702e-001 -8.314695e-001
    outer loop
      vertex -5.000000e+000 -3.252809e+000  7.852976e+000
      vertex  5.000000e+000 -6.010407e+000  6.010407e+000
      vertex -5.000000e+000 -6.010407e+000  6.010407e+000
    endloop
  endfacet
  facet normal  0.000000e+000  8.314695e-001 -5.555702e-001
    outer loop
      vertex -5.000000e+000 -6.010407e+000  6.010407e+000
      vertex  5.000000e+000 -6.010407e+000  6.010407e+000
      vertex  5.000000e+000 -7.852976e+000  3.252809e+000
    endloop
  endfacet
  facet normal  0.000000e+000  8.314695e-001 -5.555702e-001
    outer loop
      vertex -5.000000e+000 -6.010407e+000  6.010407e+000
      vertex  5.000000e+000 -7.852976e+000  3.252809e+000
      vertex -5.000000e+000 -7.852976e+000  3.252809e+000
    endloop
  endfacet
  facet normal  0.000000e+000  9.807853e-001 -1.950904e-001
    outer loop
      vertex -5.000000e+000 -7.852976e+000  3.252809e+000
      vertex  5.000000e+000 -7.852976e+000  3.252809e+000
      vertex  5.000000e+000 -8.500000e+000  1.040915e-015
    endloop
  endfacet
  facet normal  0.000000e+000  9.807853e-001 -1.950904e-001
    outer loop
      vertex -5.000000e+000 -7.852976e+000  3.252809e+000
      vertex  5.000000e+000 -8.500000e+000  1.040915e-015
      vertex -5.000000e+000 -8.500000e+000  1.040915e-015
    endloop
  endfacet
  facet normal  0.000000e+000  1.950904e-001 -9.807853e-001
    outer loop
      vertex  5.000000e+000 -3.252809e+000  7.852976e+000
      vertex -5.000000e+000  5.204577e-016  8.500000e+000
      vertex  5.000000e+000  5.204577e-016  8.500000e+000
    endloop
  endfacet
  facet normal  -0.000000e+000 -1.950904e-001 -9.807853e-001
    outer loop
      vertex  5.000000e+000  5.204577e-016  8.500000e+000
      vertex -5.000000e+000  5.204577e-016  8.500000e+000
      vertex -5.000000e+000  3.252809e+000  7.852976e+000
    endloop
  endfacet
  facet normal  0.000000e+000 -1.950904e-001 -9.807853e-001
    outer loop
      vertex  5.000000e+000  5.204577e-016  8.500000e+000
      vertex -5.000000e+000  3.252809e+000  7.852976e+000
      vertex  5.000000e+000  3.252809e+000  7.852976e+000
    endloop
  endfacet
  facet normal  -0.000000e+000 -5.555702e-001 -8.314695e-001
    outer loop
      vertex  5.000000e+000  3.252809e+000  7.852976e+000
      vertex -5.000000e+000  3.252809e+000  7.852976e+000
      vertex -5.000000e+000  6.010407e+000  6.010407e+000
    endloop
  endfacet
  facet normal  0.000000e+000 -5.555702e-001 -8.314695e-001
    outer loop
      vertex  5.000000e+000  3.252809e+000  7.852976e+000
      vertex -5.000000e+000  6.010407e+000  6.010407e+000
      vertex  5.000000e+000  6.010407e+000  6.010407e+000
    endloop
  endfacet
  facet normal  -0.000000e+000 -8.314695e-001 -5.555702e-001
    outer loop
      vertex  5.000000e+000  6.010407e+000  6.010407e+000
      vertex -5.000000e+000  6.010407e+000  6.010407e+000
      vertex -5.000000e+000  7.852976e+000  3.252809e+000
    endloop
  endfacet
  facet normal  0.000000e+000 -8.314695e-001 -5.555702e-001
    outer loop
      vertex  5.000000e+000  6.010407e+000  6.010407e+000
      vertex -5.000000e+000  7.852976e+000  3.252809e+000
      vertex  5.000000e+000  7.852976e+000  3.252809e+000
    endloop
  endfacet
  facet normal  -0.000000e+000 -9.807853e-001 -1.950904e-001
    outer loop
      vertex  5.000000e+000  7.852976e+000  3.252809e+000
      vertex -5.000000e+000  7.852976e+000  3.252809e+000
      vertex -5.000000e+000  8.500000e+000  0.000000e+000
    endloop
  endfacet
  facet normal  0.000000e+000 -9.807853e-001 -1.950904e-001
    outer loop
      vertex  5.000000e+000  7.852976e+000  3.252809e+000
      vertex -5.000000e+000  8.500000e+000  0.000000e+000
      vertex  5.000000e+000  8.500000e+000  0.000000e+000
    endloop
  endfacet
  facet normal  0.000000e+000 -9.945218e-001  1.045289e-001
    outer loop
      vertex  5.000000e+000 -2.472770e+001  3.679789e+000
      vertex -5.000000e+000 -2.472770e+001  3.679789e+000
      vertex  5.000000e+000 -2.495241e+001  1.541802e+000
    endloop
  endfacet
  facet normal  0.000000e+000 -9.945218e-001  1.045289e-001
    outer loop
      vertex  5.000000e+000 -2.495241e+001  1.541802e+000
      vertex -5.000000e+000 -2.472770e+001  3.679789e+000
      vertex -5.000000e+000 -2.495241e+001  1.541802e+000
    endloop
  endfacet
  facet normal  0.000000e+000 -8.660258e-001  4.999995e-001
    outer loop
      vertex  5.000000e+000 -2.109317e+001  1.341932e+001
      vertex -5.000000e+000 -2.109317e+001  1.341932e+001
      vertex  5.000000e+000 -2.216805e+001  1.155757e+001
    endloop
  endfacet
  facet normal  0.000000e+000 -8.660258e-001  4.999995e-001
    outer loop
      vertex  5.000000e+000 -2.216805e+001  1.155757e+001
      vertex -5.000000e+000 -2.109317e+001  1.341932e+001
      vertex -5.000000e+000 -2.216805e+001  1.155757e+001
    endloop
  endfacet
  facet normal  0.000000e+000 -2.079123e-001  9.781474e-001
    outer loop
      vertex  5.000000e+000 -4.141593e+000  2.465456e+001
      vertex -5.000000e+000 -4.141593e+000  2.465456e+001
      vertex  5.000000e+000 -6.244379e+000  2.420760e+001
    endloop
  endfacet
  facet normal  0.000000e+000 -2.079123e-001  9.781474e-001
    outer loop
      vertex  5.000000e+000 -6.244379e+000  2.420760e+001
      vertex -5.000000e+000 -4.141593e+000  2.465456e+001
      vertex -5.000000e+000 -6.244379e+000  2.420760e+001
    endloop
  endfacet
  facet normal  0.000000e+000 -5.877854e-001  8.090169e-001
    outer loop
      vertex  5.000000e+000 -1.381145e+001  2.083852e+001
      vertex -5.000000e+000 -1.381145e+001  2.083852e+001
      vertex  5.000000e+000 -1.555064e+001  1.957492e+001
    endloop
  endfacet
  facet normal  0.000000e+000 -5.877854e-001  8.090169e-001
    outer loop
      vertex  5.000000e+000 -1.555064e+001  1.957492e+001
      vertex -5.000000e+000 -1.381145e+001  2.083852e+001
      vertex -5.000000e+000 -1.555064e+001  1.957492e+001
    endloop
  endfacet
  facet normal  -0.000000e+000  9.945218e-001  1.045289e-001
    outer loop
      vertex  5.000000e+000  2.495241e+001  1.541802e+000
      vertex -5.000000e+000  2.495241e+001  1.541802e+000
      vertex  5.000000e+000  2.472770e+001  3.679789e+000
    endloop
  endfacet
  facet normal  0.000000e+000  9.945218e-001  1.045289e-001
    outer loop
      vertex  5.000000e+000  2.472770e+001  3.679789e+000
      vertex -5.000000e+000  2.495241e+001  1.541802e+000
      vertex -5.000000e+000  2.472770e+001  3.679789e+000
    endloop
  endfacet
  facet normal  -0.000000e+000  8.660258e-001  4.999995e-001
    outer loop
      vertex  5.000000e+000  2.216805e+001  1.155757e+001
      vertex -5.000000e+000  2.216805e+001  1.155757e+001
      vertex  5.000000e+000  2.109317e+001  1.341932e+001
    endloop
  endfacet
  facet normal  0.000000e+000  8.660258e-001  4.999995e-001
    outer loop
      vertex  5.000000e+000  2.109317e+001  1.341932e+001
      vertex -5.000000e+000  2.216805e+001  1.155757e+001
      vertex -5.000000e+000  2.109317e+001  1.341932e+001
    endloop
  endfacet
  facet normal  -0.000000e+000  2.079123e-001  9.781474e-001
    outer loop
      vertex  5.000000e+000  6.244379e+000  2.420760e+001
      vertex -5.000000e+000  6.244379e+000  2.420760e+001
      vertex  5.000000e+000  4.141593e+000  2.465456e+001
    endloop
  endfacet
  facet normal  0.000000e+000  2.079123e-001  9.781474e-001
    outer loop
      vertex  5.000000e+000  4.141593e+000  2.465456e+001
      vertex -5.000000e+000  6.244379e+000  2.420760e+001
      vertex -5.000000e+000  4.141593e+000  2.465456e+001
    endloop
  endfacet
  facet normal  -0.000000e+000  5.877854e-001  8.090169e-001
    outer loop
      vertex  5.000000e+000  1.555064e+001  1.957492e+001
      vertex -5.000000e+000  1.555064e+001  1.957492e+001
      vertex  5.000000e+000  1.381145e+001  2.083852e+001
    endloop
  endfacet
  facet normal  0.000000e+000  5.877854e-001  8.090169e-001
    outer loop
      vertex  5.000000e+000  1.381145e+001  2.083852e+001
      vertex -5.000000e+000  1.555064e+001  1.957492e+001
      vertex -5.000000e+000  1.381145e+001  2.083852e+001
    endloop
  endfacet
  facet normal  0.000000e+000  4.067368e-001 -9.135454e-001
    outer loop
      vertex  5.000000e+000  9.177060e+000 -2.325471e+001
      vertex -5.000000e+000  9.177060e+000 -2.325471e+001
      vertex  5.000000e+000  1.114097e+001 -2.238032e+001
    endloop
  endfacet
  facet normal  0.000000e+000  4.067368e-001 -9.135454e-001
    outer loop
      vertex  5.000000e+000  1.114097e+001 -2.238032e+001
      vertex -5.000000e+000  9.177060e+000 -2.325471e+001
      vertex -5.000000e+000  1.114097e+001 -2.238032e+001
    endloop
  endfacet
  facet normal  0.000000e+000 -9.510567e-001 -3.090165e-001
    outer loop
      vertex  5.000000e+000 -2.408658e+001 -6.696008e+000
      vertex -5.000000e+000 -2.408658e+001 -6.696008e+000
      vertex  5.000000e+000 -2.342227e+001 -8.740555e+000
    endloop
  endfacet
  facet normal  -0.000000e+000 -9.510567e-001 -3.090165e-001
    outer loop
      vertex  5.000000e+000 -2.342227e+001 -8.740555e+000
      vertex -5.000000e+000 -2.408658e+001 -6.696008e+000
      vertex -5.000000e+000 -2.342227e+001 -8.740555e+000
    endloop
  endfacet
  facet normal  0.000000e+000 -7.431448e-001 -6.691307e-001
    outer loop
      vertex  5.000000e+000 -1.928068e+001 -1.591400e+001
      vertex -5.000000e+000 -1.928068e+001 -1.591400e+001
      vertex  5.000000e+000 -1.784221e+001 -1.751159e+001
    endloop
  endfacet
  facet normal  -0.000000e+000 -7.431448e-001 -6.691307e-001
    outer loop
      vertex  5.000000e+000 -1.784221e+001 -1.751159e+001
      vertex -5.000000e+000 -1.928068e+001 -1.591400e+001
      vertex -5.000000e+000 -1.784221e+001 -1.751159e+001
    endloop
  endfacet
  facet normal  0.000000e+000 -4.067368e-001 -9.135454e-001
    outer loop
      vertex  5.000000e+000 -1.114097e+001 -2.238032e+001
      vertex -5.000000e+000 -1.114097e+001 -2.238032e+001
      vertex  5.000000e+000 -9.177060e+000 -2.325471e+001
    endloop
  endfacet
  facet normal  -0.000000e+000 -4.067368e-001 -9.135454e-001
    outer loop
      vertex  5.000000e+000 -9.177060e+000 -2.325471e+001
      vertex -5.000000e+000 -1.114097e+001 -2.238032e+001
      vertex -5.000000e+000 -9.177060e+000 -2.325471e+001
    endloop
  endfacet
  facet normal  0.000000e+000  0.000000e+000 -1.000000e+000
    outer loop
      vertex  5.000000e+000 -1.074882e+000 -2.497688e+001
      vertex -5.000000e+000 -1.074882e+000 -2.497688e+001
      vertex  5.000000e+000  1.074882e+000 -2.497688e+001
    endloop
  endfacet
  facet normal  -0.000000e+000  0.000000e+000 -1.000000e+000
    outer loop
      vertex  5.000000e+000  1.074882e+000 -2.497688e+001
      vertex -5.000000e+000 -1.074882e+000 -2.497688e+001
      vertex -5.000000e+000  1.074882e+000 -2.497688e+001
    endloop
  endfacet
  facet normal  0.000000e+000  7.431448e-001 -6.691307e-001
    outer loop
      vertex  5.000000e+000  1.784221e+001 -1.751159e+001
      vertex -5.000000e+000  1.784221e+001 -1.751159e+001
      vertex  5.000000e+000  1.928068e+001 -1.591400e+001
    endloop
  endfacet
  facet normal  0.000000e+000  7.431448e-001 -6.691307e-001
    outer loop
      vertex  5.000000e+000  1.928068e+001 -1.591400e+001
      vertex -5.000000e+000  1.784221e+001 -1.751159e+001
      vertex -5.000000e+000  1.928068e+001 -1.591400e+001
    endloop
  endfacet
  facet normal  0.000000e+000  9.510567e-001 -3.090165e-001
    outer loop
      vertex  5.000000e+000  2.342227e+001 -8.740555e+000
      vertex -5.000000e+000  2.342227e+001 -8.740555e+000
      vertex  5.000000e+000  2.408658e+001 -6.696008e+000
    endloop
  endfacet
  facet normal  0.000000e+000  9.510567e-001 -3.090165e-001
    outer loop
      vertex  5.000000e+000  2.408658e+001 -6.696008e+000
      vertex -5.000000e+000  2.342227e+001 -8.740555e+000
      vertex -5.000000e+000  2.408658e+001 -6.696008e+000
    endloop
  endfacet
  facet normal  0.000000e+000 -8.249407e-001  5.652192e-001
    outer loop
      vertex -5.000000e+000  6.244379e+000  2.420760e+001
      vertex  5.000000e+000  6.244379e+000  2.420760e+001
      vertex -5.000000e+000  9.036422e+000  2.828260e+001
    endloop
  endfacet
  facet normal  0.000000e+000 -8.249407e-001  5.652192e-001
    outer loop
      vertex -5.000000e+000  9.036422e+000  2.828260e+001
      vertex  5.000000e+000  6.244379e+000  2.420760e+001
      vertex  5.000000e+000  9.036422e+000  2.828260e+001
    endloop
  endfacet
  facet normal  0.000000e+000 -6.528189e-001  7.575140e-001
    outer loop
      vertex -5.000000e+000  9.036422e+000  2.828260e+001
      vertex  5.000000e+000  9.036422e+000  2.828260e+001
      vertex -5.000000e+000  1.277835e+001  3.150736e+001
    endloop
  endfacet
  facet normal  0.000000e+000 -6.528189e-001  7.575140e-001
    outer loop
      vertex -5.000000e+000  1.277835e+001  3.150736e+001
      vertex  5.000000e+000  9.036422e+000  2.828260e+001
      vertex  5.000000e+000  1.277835e+001  3.150736e+001
    endloop
  endfacet
  facet normal  0.000000e+000  9.997637e-001  2.173696e-002
    outer loop
      vertex -5.000000e+000  1.486415e+001  3.057870e+001
      vertex  5.000000e+000  1.486415e+001  3.057870e+001
      vertex -5.000000e+000  1.497152e+001  2.564012e+001
    endloop
  endfacet
  facet normal  -0.000000e+000  9.997637e-001  2.173696e-002
    outer loop
      vertex -5.000000e+000  1.497152e+001  2.564012e+001
      vertex  5.000000e+000  1.486415e+001  3.057870e+001
      vertex  5.000000e+000  1.497152e+001  2.564012e+001
    endloop
  endfacet
  facet normal  0.000000e+000  9.720329e-001 -2.348449e-001
    outer loop
      vertex -5.000000e+000  1.497152e+001  2.564012e+001
      vertex  5.000000e+000  1.497152e+001  2.564012e+001
      vertex -5.000000e+000  1.381145e+001  2.083852e+001
    endloop
  endfacet
  facet normal  0.000000e+000  9.720329e-001 -2.348449e-001
    outer loop
      vertex -5.000000e+000  1.381145e+001  2.083852e+001
      vertex  5.000000e+000  1.497152e+001  2.564012e+001
      vertex  5.000000e+000  1.381145e+001  2.083852e+001
    endloop
  endfacet
  facet normal  0.000000e+000 -5.237253e-001  8.518872e-001
    outer loop
      vertex -5.000000e+000  1.555064e+001  1.957492e+001
      vertex  5.000000e+000  1.555064e+001  1.957492e+001
      vertex -5.000000e+000  1.975875e+001  2.216199e+001
    endloop
  endfacet
  facet normal  0.000000e+000 -5.237253e-001  8.518872e-001
    outer loop
      vertex -5.000000e+000  1.975875e+001  2.216199e+001
      vertex  5.000000e+000  1.555064e+001  1.957492e+001
      vertex  5.000000e+000  1.975875e+001  2.216199e+001
    endloop
  endfacet
  facet normal  0.000000e+000 -2.882709e-001  9.575489e-001
    outer loop
      vertex -5.000000e+000  1.975875e+001  2.216199e+001
      vertex  5.000000e+000  1.975875e+001  2.216199e+001
      vertex -5.000000e+000  2.448880e+001  2.358598e+001
    endloop
  endfacet
  facet normal  0.000000e+000 -2.882709e-001  9.575489e-001
    outer loop
      vertex -5.000000e+000  2.448880e+001  2.358598e+001
      vertex  5.000000e+000  1.975875e+001  2.216199e+001
      vertex  5.000000e+000  2.448880e+001  2.358598e+001
    endloop
  endfacet
  facet normal  0.000000e+000  9.221709e-001 -3.867827e-001
    outer loop
      vertex -5.000000e+000  2.601655e+001  2.188924e+001
      vertex  5.000000e+000  2.601655e+001  2.188924e+001
      vertex -5.000000e+000  2.410594e+001  1.733395e+001
    endloop
  endfacet
  facet normal  0.000000e+000  9.221709e-001 -3.867827e-001
    outer loop
      vertex -5.000000e+000  2.410594e+001  1.733395e+001
      vertex  5.000000e+000  2.601655e+001  2.188924e+001
      vertex  5.000000e+000  2.410594e+001  1.733395e+001
    endloop
  endfacet
  facet normal  0.000000e+000  7.924761e-001 -6.099029e-001
    outer loop
      vertex -5.000000e+000  2.410594e+001  1.733395e+001
      vertex  5.000000e+000  2.410594e+001  1.733395e+001
      vertex -5.000000e+000  2.109317e+001  1.341932e+001
    endloop
  endfacet
  facet normal  0.000000e+000  7.924761e-001 -6.099029e-001
    outer loop
      vertex -5.000000e+000  2.109317e+001  1.341932e+001
      vertex  5.000000e+000  2.410594e+001  1.733395e+001
      vertex  5.000000e+000  2.109317e+001  1.341932e+001
    endloop
  endfacet
  facet normal  0.000000e+000 -1.319533e-001  9.912560e-001
    outer loop
      vertex -5.000000e+000  2.216805e+001  1.155757e+001
      vertex  5.000000e+000  2.216805e+001  1.155757e+001
      vertex -5.000000e+000  2.706461e+001  1.220938e+001
    endloop
  endfacet
  facet normal  0.000000e+000 -1.319533e-001  9.912560e-001
    outer loop
      vertex -5.000000e+000  2.706461e+001  1.220938e+001
      vertex  5.000000e+000  2.216805e+001  1.155757e+001
      vertex  5.000000e+000  2.706461e+001  1.220938e+001
    endloop
  endfacet
  facet normal  0.000000e+000  1.261215e-001  9.920148e-001
    outer loop
      vertex -5.000000e+000  2.706461e+001  1.220938e+001
      vertex  5.000000e+000  2.706461e+001  1.220938e+001
      vertex -5.000000e+000  3.196492e+001  1.158637e+001
    endloop
  endfacet
  facet normal  -0.000000e+000  1.261215e-001  9.920148e-001
    outer loop
      vertex -5.000000e+000  3.196492e+001  1.158637e+001
      vertex  5.000000e+000  2.706461e+001  1.220938e+001
      vertex  5.000000e+000  3.196492e+001  1.158637e+001
    endloop
  endfacet
  facet normal  0.000000e+000  6.851262e-001 -7.284244e-001
    outer loop
      vertex -5.000000e+000  3.267046e+001  9.414934e+000
      vertex  5.000000e+000  3.267046e+001  9.414934e+000
      vertex -5.000000e+000  2.907223e+001  6.030582e+000
    endloop
  endfacet
  facet normal  0.000000e+000  6.851262e-001 -7.284244e-001
    outer loop
      vertex -5.000000e+000  2.907223e+001  6.030582e+000
      vertex  5.000000e+000  3.267046e+001  9.414934e+000
      vertex  5.000000e+000  2.907223e+001  6.030582e+000
    endloop
  endfacet
  facet normal  0.000000e+000  4.758932e-001 -8.795031e-001
    outer loop
      vertex -5.000000e+000  2.907223e+001  6.030582e+000
      vertex  5.000000e+000  2.907223e+001  6.030582e+000
      vertex -5.000000e+000  2.472770e+001  3.679789e+000
    endloop
  endfacet
  facet normal  0.000000e+000  4.758932e-001 -8.795031e-001
    outer loop
      vertex -5.000000e+000  2.472770e+001  3.679789e+000
      vertex  5.000000e+000  2.907223e+001  6.030582e+000
      vertex  5.000000e+000  2.472770e+001  3.679789e+000
    endloop
  endfacet
  facet normal  0.000000e+000  2.826349e-001  9.592275e-001
    outer loop
      vertex -5.000000e+000  2.495241e+001  1.541802e+000
      vertex  5.000000e+000  2.495241e+001  1.541802e+000
      vertex -5.000000e+000  2.969076e+001  1.456559e-001
    endloop
  endfacet
  facet normal  -0.000000e+000  2.826349e-001  9.592275e-001
    outer loop
      vertex -5.000000e+000  2.969076e+001  1.456559e-001
      vertex  5.000000e+000  2.495241e+001  1.541802e+000
      vertex  5.000000e+000  2.969076e+001  1.456559e-001
    endloop
  endfacet
  facet normal  0.000000e+000  5.187063e-001  8.549524e-001
    outer loop
      vertex -5.000000e+000  2.969076e+001  1.456559e-001
      vertex  5.000000e+000  2.969076e+001  1.456559e-001
      vertex -5.000000e+000  3.391401e+001 -2.416625e+000
    endloop
  endfacet
  facet normal  -0.000000e+000  5.187063e-001  8.549524e-001
    outer loop
      vertex -5.000000e+000  3.391401e+001 -2.416625e+000
      vertex  5.000000e+000  2.969076e+001  1.456559e-001
      vertex  5.000000e+000  3.391401e+001 -2.416625e+000
    endloop
  endfacet
  facet normal  0.000000e+000  3.296170e-001 -9.441147e-001
    outer loop
      vertex -5.000000e+000  3.367535e+001 -4.687303e+000
      vertex  5.000000e+000  3.367535e+001 -4.687303e+000
      vertex -5.000000e+000  2.901166e+001 -6.315528e+000
    endloop
  endfacet
  facet normal  0.000000e+000  3.296170e-001 -9.441147e-001
    outer loop
      vertex -5.000000e+000  2.901166e+001 -6.315528e+000
      vertex  5.000000e+000  3.367535e+001 -4.687303e+000
      vertex  5.000000e+000  2.901166e+001 -6.315528e+000
    endloop
  endfacet
  facet normal  0.000000e+000  7.702397e-002 -9.970292e-001
    outer loop
      vertex -5.000000e+000  2.901166e+001 -6.315528e+000
      vertex  5.000000e+000  2.901166e+001 -6.315528e+000
      vertex -5.000000e+000  2.408658e+001 -6.696008e+000
    endloop
  endfacet
  facet normal  0.000000e+000  7.702397e-002 -9.970292e-001
    outer loop
      vertex -5.000000e+000  2.408658e+001 -6.696008e+000
      vertex  5.000000e+000  2.901166e+001 -6.315528e+000
      vertex  5.000000e+000  2.408658e+001 -6.696008e+000
    endloop
  endfacet
  facet normal  0.000000e+000  6.483527e-001  7.613400e-001
    outer loop
      vertex -5.000000e+000  2.342227e+001 -8.740555e+000
      vertex  5.000000e+000  2.342227e+001 -8.740555e+000
      vertex -5.000000e+000  2.718310e+001 -1.194326e+001
    endloop
  endfacet
  facet normal  -0.000000e+000  6.483527e-001  7.613400e-001
    outer loop
      vertex -5.000000e+000  2.718310e+001 -1.194326e+001
      vertex  5.000000e+000  2.342227e+001 -8.740555e+000
      vertex  5.000000e+000  2.718310e+001 -1.194326e+001
    endloop
  endfacet
  facet normal  0.000000e+000  8.216024e-001  5.700608e-001
    outer loop
      vertex -5.000000e+000  2.718310e+001 -1.194326e+001
      vertex  5.000000e+000  2.718310e+001 -1.194326e+001
      vertex -5.000000e+000  2.999906e+001 -1.600177e+001
    endloop
  endfacet
  facet normal  -0.000000e+000  8.216024e-001  5.700608e-001
    outer loop
      vertex -5.000000e+000  2.999906e+001 -1.600177e+001
      vertex  5.000000e+000  2.718310e+001 -1.194326e+001
      vertex  5.000000e+000  2.999906e+001 -1.600177e+001
    endloop
  endfacet
  facet normal  -0.000000e+000 -8.288579e-002 -9.965590e-001
    outer loop
      vertex -5.000000e+000  2.885747e+001 -1.797906e+001
      vertex  5.000000e+000  2.885747e+001 -1.797906e+001
      vertex -5.000000e+000  2.393471e+001 -1.756963e+001
    endloop
  endfacet
  facet normal  0.000000e+000 -8.288579e-002 -9.965590e-001
    outer loop
      vertex -5.000000e+000  2.393471e+001 -1.756963e+001
      vertex  5.000000e+000  2.885747e+001 -1.797906e+001
      vertex  5.000000e+000  2.393471e+001 -1.756963e+001
    endloop
  endfacet
  facet normal  -0.000000e+000 -3.351637e-001 -9.421599e-001
    outer loop
      vertex -5.000000e+000  2.393471e+001 -1.756963e+001
      vertex  5.000000e+000  2.393471e+001 -1.756963e+001
      vertex -5.000000e+000  1.928068e+001 -1.591400e+001
    endloop
  endfacet
  facet normal  0.000000e+000 -3.351637e-001 -9.421599e-001
    outer loop
      vertex -5.000000e+000  1.928068e+001 -1.591400e+001
      vertex  5.000000e+000  2.393471e+001 -1.756963e+001
      vertex  5.000000e+000  1.928068e+001 -1.591400e+001
    endloop
  endfacet
  facet normal  0.000000e+000  9.019648e-001  4.318097e-001
    outer loop
      vertex -5.000000e+000  1.784221e+001 -1.751159e+001
      vertex  5.000000e+000  1.784221e+001 -1.751159e+001
      vertex -5.000000e+000  1.997524e+001 -2.196707e+001
    endloop
  endfacet
  facet normal  -0.000000e+000  9.019648e-001  4.318097e-001
    outer loop
      vertex -5.000000e+000  1.997524e+001 -2.196707e+001
      vertex  5.000000e+000  1.784221e+001 -1.751159e+001
      vertex  5.000000e+000  1.997524e+001 -2.196707e+001
    endloop
  endfacet
  facet normal  0.000000e+000  9.824358e-001  1.866006e-001
    outer loop
      vertex -5.000000e+000  1.997524e+001 -2.196707e+001
      vertex  5.000000e+000  1.997524e+001 -2.196707e+001
      vertex -5.000000e+000  2.089700e+001 -2.682006e+001
    endloop
  endfacet
  facet normal  -0.000000e+000  9.824358e-001  1.866006e-001
    outer loop
      vertex -5.000000e+000  2.089700e+001 -2.682006e+001
      vertex  5.000000e+000  1.997524e+001 -2.196707e+001
      vertex  5.000000e+000  2.089700e+001 -2.682006e+001
    endloop
  endfacet
  facet normal  -0.000000e+000 -4.810570e-001 -8.766894e-001
    outer loop
      vertex -5.000000e+000  1.904986e+001 -2.816208e+001
      vertex  5.000000e+000  1.904986e+001 -2.816208e+001
      vertex -5.000000e+000  1.471924e+001 -2.578578e+001
    endloop
  endfacet
  facet normal  0.000000e+000 -4.810570e-001 -8.766894e-001
    outer loop
      vertex -5.000000e+000  1.471924e+001 -2.578578e+001
      vertex  5.000000e+000  1.904986e+001 -2.816208e+001
      vertex  5.000000e+000  1.471924e+001 -2.578578e+001
    endloop
  endfacet
  facet normal  -0.000000e+000 -6.893981e-001 -7.243827e-001
    outer loop
      vertex -5.000000e+000  1.471924e+001 -2.578578e+001
      vertex  5.000000e+000  1.471924e+001 -2.578578e+001
      vertex -5.000000e+000  1.114097e+001 -2.238032e+001
    endloop
  endfacet
  facet normal  0.000000e+000 -6.893981e-001 -7.243827e-001
    outer loop
      vertex -5.000000e+000  1.114097e+001 -2.238032e+001
      vertex  5.000000e+000  1.471924e+001 -2.578578e+001
      vertex  5.000000e+000  1.114097e+001 -2.238032e+001
    endloop
  endfacet
  facet normal  0.000000e+000  9.996186e-001  2.761587e-002
    outer loop
      vertex -5.000000e+000  9.177060e+000 -2.325471e+001
      vertex  5.000000e+000  9.177060e+000 -2.325471e+001
      vertex -5.000000e+000  9.313476e+000 -2.819258e+001
    endloop
  endfacet
  facet normal  -0.000000e+000  9.996186e-001  2.761587e-002
    outer loop
      vertex -5.000000e+000  9.313476e+000 -2.819258e+001
      vertex  5.000000e+000  9.177060e+000 -2.325471e+001
      vertex  5.000000e+000  9.313476e+000 -2.819258e+001
    endloop
  endfacet
  facet normal  0.000000e+000  9.733970e-001 -2.291245e-001
    outer loop
      vertex -5.000000e+000  9.313476e+000 -2.819258e+001
      vertex  5.000000e+000  9.313476e+000 -2.819258e+001
      vertex -5.000000e+000  8.181658e+000 -3.300092e+001
    endloop
  endfacet
  facet normal  0.000000e+000  9.733970e-001 -2.291245e-001
    outer loop
      vertex -5.000000e+000  8.181658e+000 -3.300092e+001
      vertex  5.000000e+000  9.313476e+000 -2.819258e+001
      vertex  5.000000e+000  8.181658e+000 -3.300092e+001
    endloop
  endfacet
  facet normal  -0.000000e+000 -7.960491e-001 -6.052320e-001
    outer loop
      vertex -5.000000e+000  5.948366e+000 -3.347562e+001
      vertex  5.000000e+000  5.948366e+000 -3.347562e+001
      vertex -5.000000e+000  2.958671e+000 -2.954333e+001
    endloop
  endfacet
  facet normal  0.000000e+000 -7.960491e-001 -6.052320e-001
    outer loop
      vertex -5.000000e+000  2.958671e+000 -2.954333e+001
      vertex  5.000000e+000  5.948366e+000 -3.347562e+001
      vertex  5.000000e+000  2.958671e+000 -2.954333e+001
    endloop
  endfacet
  facet normal  -0.000000e+000 -9.244295e-001 -3.813531e-001
    outer loop
      vertex -5.000000e+000  2.958671e+000 -2.954333e+001
      vertex  5.000000e+000  2.958671e+000 -2.954333e+001
      vertex -5.000000e+000  1.074882e+000 -2.497688e+001
    endloop
  endfacet
  facet normal  0.000000e+000 -9.244295e-001 -3.813531e-001
    outer loop
      vertex -5.000000e+000  1.074882e+000 -2.497688e+001
      vertex  5.000000e+000  2.958671e+000 -2.954333e+001
      vertex  5.000000e+000  1.074882e+000 -2.497688e+001
    endloop
  endfacet
  facet normal  0.000000e+000  9.244295e-001 -3.813531e-001
    outer loop
      vertex -5.000000e+000 -1.074882e+000 -2.497688e+001
      vertex  5.000000e+000 -1.074882e+000 -2.497688e+001
      vertex -5.000000e+000 -2.958671e+000 -2.954333e+001
    endloop
  endfacet
  facet normal  0.000000e+000  9.244295e-001 -3.813531e-001
    outer loop
      vertex -5.000000e+000 -2.958671e+000 -2.954333e+001
      vertex  5.000000e+000 -1.074882e+000 -2.497688e+001
      vertex  5.000000e+000 -2.958671e+000 -2.954333e+001
    endloop
  endfacet
  facet normal  0.000000e+000  7.960491e-001 -6.052320e-001
    outer loop
      vertex -5.000000e+000 -2.958671e+000 -2.954333e+001
      vertex  5.000000e+000 -2.958671e+000 -2.954333e+001
      vertex -5.000000e+000 -5.948366e+000 -3.347562e+001
    endloop
  endfacet
  facet normal  0.000000e+000  7.960491e-001 -6.052320e-001
    outer loop
      vertex -5.000000e+000 -5.948366e+000 -3.347562e+001
      vertex  5.000000e+000 -2.958671e+000 -2.954333e+001
      vertex  5.000000e+000 -5.948366e+000 -3.347562e+001
    endloop
  endfacet
  facet normal  -0.000000e+000 -9.733970e-001 -2.291245e-001
    outer loop
      vertex -5.000000e+000 -8.181658e+000 -3.300092e+001
      vertex  5.000000e+000 -8.181658e+000 -3.300092e+001
      vertex -5.000000e+000 -9.313476e+000 -2.819258e+001
    endloop
  endfacet
  facet normal  0.000000e+000 -9.733970e-001 -2.291245e-001
    outer loop
      vertex -5.000000e+000 -9.313476e+000 -2.819258e+001
      vertex  5.000000e+000 -8.181658e+000 -3.300092e+001
      vertex  5.000000e+000 -9.313476e+000 -2.819258e+001
    endloop
  endfacet
  facet normal  0.000000e+000 -9.996186e-001  2.761587e-002
    outer loop
      vertex -5.000000e+000 -9.313476e+000 -2.819258e+001
      vertex  5.000000e+000 -9.313476e+000 -2.819258e+001
      vertex -5.000000e+000 -9.177060e+000 -2.325471e+001
    endloop
  endfacet
  facet normal  0.000000e+000 -9.996186e-001  2.761587e-002
    outer loop
      vertex -5.000000e+000 -9.177060e+000 -2.325471e+001
      vertex  5.000000e+000 -9.313476e+000 -2.819258e+001
      vertex  5.000000e+000 -9.177060e+000 -2.325471e+001
    endloop
  endfacet
  facet normal  0.000000e+000  6.893981e-001 -7.243827e-001
    outer loop
      vertex -5.000000e+000 -1.114097e+001 -2.238032e+001
      vertex  5.000000e+000 -1.114097e+001 -2.238032e+001
      vertex -5.000000e+000 -1.471924e+001 -2.578578e+001
    endloop
  endfacet
  facet normal  0.000000e+000  6.893981e-001 -7.243827e-001
    outer loop
      vertex -5.000000e+000 -1.471924e+001 -2.578578e+001
      vertex  5.000000e+000 -1.114097e+001 -2.238032e+001
      vertex  5.000000e+000 -1.471924e+001 -2.578578e+001
    endloop
  endfacet
  facet normal  0.000000e+000  4.810570e-001 -8.766894e-001
    outer loop
      vertex -5.000000e+000 -1.471924e+001 -2.578578e+001
      vertex  5.000000e+000 -1.471924e+001 -2.578578e+001
      vertex -5.000000e+000 -1.904986e+001 -2.816208e+001
    endloop
  endfacet
  facet normal  0.000000e+000  4.810570e-001 -8.766894e-001
    outer loop
      vertex -5.000000e+000 -1.904986e+001 -2.816208e+001
      vertex  5.000000e+000 -1.471924e+001 -2.578578e+001
      vertex  5.000000e+000 -1.904986e+001 -2.816208e+001
    endloop
  endfacet
  facet normal  0.000000e+000 -9.824358e-001  1.866006e-001
    outer loop
      vertex -5.000000e+000 -2.089700e+001 -2.682006e+001
      vertex  5.000000e+000 -2.089700e+001 -2.682006e+001
      vertex -5.000000e+000 -1.997524e+001 -2.196707e+001
    endloop
  endfacet
  facet normal  0.000000e+000 -9.824358e-001  1.866006e-001
    outer loop
      vertex -5.000000e+000 -1.997524e+001 -2.196707e+001
      vertex  5.000000e+000 -2.089700e+001 -2.682006e+001
      vertex  5.000000e+000 -1.997524e+001 -2.196707e+001
    endloop
  endfacet
  facet normal  0.000000e+000 -9.019648e-001  4.318097e-001
    outer loop
      vertex -5.000000e+000 -1.997524e+001 -2.196707e+001
      vertex  5.000000e+000 -1.997524e+001 -2.196707e+001
      vertex -5.000000e+000 -1.784221e+001 -1.751159e+001
    endloop
  endfacet
  facet normal  0.000000e+000 -9.019648e-001  4.318097e-001
    outer loop
      vertex -5.000000e+000 -1.784221e+001 -1.751159e+001
      vertex  5.000000e+000 -1.997524e+001 -2.196707e+001
      vertex  5.000000e+000 -1.784221e+001 -1.751159e+001
    endloop
  endfacet
  facet normal  0.000000e+000  3.351637e-001 -9.421599e-001
    outer loop
      vertex -5.000000e+000 -1.928068e+001 -1.591400e+001
      vertex  5.000000e+000 -1.928068e+001 -1.591400e+001
      vertex -5.000000e+000 -2.393471e+001 -1.756963e+001
    endloop
  endfacet
  facet normal  0.000000e+000  3.351637e-001 -9.421599e-001
    outer loop
      vertex -5.000000e+000 -2.393471e+001 -1.756963e+001
      vertex  5.000000e+000 -1.928068e+001 -1.591400e+001
      vertex  5.000000e+000 -2.393471e+001 -1.756963e+001
    endloop
  endfacet
  facet normal  0.000000e+000  8.288579e-002 -9.965590e-001
    outer loop
      vertex -5.000000e+000 -2.393471e+001 -1.756963e+001
      vertex  5.000000e+000 -2.393471e+001 -1.756963e+001
      vertex -5.000000e+000 -2.885747e+001 -1.797906e+001
    endloop
  endfacet
  facet normal  0.000000e+000  8.288579e-002 -9.965590e-001
    outer loop
      vertex -5.000000e+000 -2.885747e+001 -1.797906e+001
      vertex  5.000000e+000 -2.393471e+001 -1.756963e+001
      vertex  5.000000e+000 -2.885747e+001 -1.797906e+001
    endloop
  endfacet
  facet normal  0.000000e+000 -8.216024e-001  5.700608e-001
    outer loop
      vertex -5.000000e+000 -2.999906e+001 -1.600177e+001
      vertex  5.000000e+000 -2.999906e+001 -1.600177e+001
      vertex -5.000000e+000 -2.718310e+001 -1.194326e+001
    endloop
  endfacet
  facet normal  0.000000e+000 -8.216024e-001  5.700608e-001
    outer loop
      vertex -5.000000e+000 -2.718310e+001 -1.194326e+001
      vertex  5.000000e+000 -2.999906e+001 -1.600177e+001
      vertex  5.000000e+000 -2.718310e+001 -1.194326e+001
    endloop
  endfacet
  facet normal  0.000000e+000 -6.483527e-001  7.613400e-001
    outer loop
      vertex -5.000000e+000 -2.718310e+001 -1.194326e+001
      vertex  5.000000e+000 -2.718310e+001 -1.194326e+001
      vertex -5.000000e+000 -2.342227e+001 -8.740555e+000
    endloop
  endfacet
  facet normal  0.000000e+000 -6.483527e-001  7.613400e-001
    outer loop
      vertex -5.000000e+000 -2.342227e+001 -8.740555e+000
      vertex  5.000000e+000 -2.718310e+001 -1.194326e+001
      vertex  5.000000e+000 -2.342227e+001 -8.740555e+000
    endloop
  endfacet
  facet normal  -0.000000e+000 -7.702397e-002 -9.970292e-001
    outer loop
      vertex -5.000000e+000 -2.408658e+001 -6.696008e+000
      vertex  5.000000e+000 -2.408658e+001 -6.696008e+000
      vertex -5.000000e+000 -2.901166e+001 -6.315528e+000
    endloop
  endfacet
  facet normal  0.000000e+000 -7.702397e-002 -9.970292e-001
    outer loop
      vertex -5.000000e+000 -2.901166e+001 -6.315528e+000
      vertex  5.000000e+000 -2.408658e+001 -6.696008e+000
      vertex  5.000000e+000 -2.901166e+001 -6.315528e+000
    endloop
  endfacet
  facet normal  -0.000000e+000 -3.296170e-001 -9.441147e-001
    outer loop
      vertex -5.000000e+000 -2.901166e+001 -6.315528e+000
      vertex  5.000000e+000 -2.901166e+001 -6.315528e+000
      vertex -5.000000e+000 -3.367535e+001 -4.687303e+000
    endloop
  endfacet
  facet normal  0.000000e+000 -3.296170e-001 -9.441147e-001
    outer loop
      vertex -5.000000e+000 -3.367535e+001 -4.687303e+000
      vertex  5.000000e+000 -2.901166e+001 -6.315528e+000
      vertex  5.000000e+000 -3.367535e+001 -4.687303e+000
    endloop
  endfacet
  facet normal  0.000000e+000 -5.187063e-001  8.549524e-001
    outer loop
      vertex -5.000000e+000 -3.391401e+001 -2.416625e+000
      vertex  5.000000e+000 -3.391401e+001 -2.416625e+000
      vertex -5.000000e+000 -2.969076e+001  1.456559e-001
    endloop
  endfacet
  facet normal  0.000000e+000 -5.187063e-001  8.549524e-001
    outer loop
      vertex -5.000000e+000 -2.969076e+001  1.456559e-001
      vertex  5.000000e+000 -3.391401e+001 -2.416625e+000
      vertex  5.000000e+000 -2.969076e+001  1.456559e-001
    endloop
  endfacet
  facet normal  0.000000e+000 -2.826349e-001  9.592275e-001
    outer loop
      vertex -5.000000e+000 -2.969076e+001  1.456559e-001
      vertex  5.000000e+000 -2.969076e+001  1.456559e-001
      vertex -5.000000e+000 -2.495241e+001  1.541802e+000
    endloop
  endfacet
  facet normal  0.000000e+000 -2.826349e-001  9.592275e-001
    outer loop
      vertex -5.000000e+000 -2.495241e+001  1.541802e+000
      vertex  5.000000e+000 -2.969076e+001  1.456559e-001
      vertex  5.000000e+000 -2.495241e+001  1.541802e+000
    endloop
  endfacet
  facet normal  -0.000000e+000 -4.758932e-001 -8.795031e-001
    outer loop
      vertex -5.000000e+000 -2.472770e+001  3.679789e+000
      vertex  5.000000e+000 -2.472770e+001  3.679789e+000
      vertex -5.000000e+000 -2.907223e+001  6.030582e+000
    endloop
  endfacet
  facet normal  0.000000e+000 -4.758932e-001 -8.795031e-001
    outer loop
      vertex -5.000000e+000 -2.907223e+001  6.030582e+000
      vertex  5.000000e+000 -2.472770e+001  3.679789e+000
      vertex  5.000000e+000 -2.907223e+001  6.030582e+000
    endloop
  endfacet
  facet normal  -0.000000e+000 -6.851262e-001 -7.284244e-001
    outer loop
      vertex -5.000000e+000 -2.907223e+001  6.030582e+000
      vertex  5.000000e+000 -2.907223e+001  6.030582e+000
      vertex -5.000000e+000 -3.267046e+001  9.414934e+000
    endloop
  endfacet
  facet normal  0.000000e+000 -6.851262e-001 -7.284244e-001
    outer loop
      vertex -5.000000e+000 -3.267046e+001  9.414934e+000
      vertex  5.000000e+000 -2.907223e+001  6.030582e+000
      vertex  5.000000e+000 -3.267046e+001  9.414934e+000
    endloop
  endfacet
  facet normal  0.000000e+000 -1.261215e-001  9.920148e-001
    outer loop
      vertex -5.000000e+000 -3.196492e+001  1.158637e+001
      vertex  5.000000e+000 -3.196492e+001  1.158637e+001
      vertex -5.000000e+000 -2.706461e+001  1.220938e+001
    endloop
  endfacet
  facet normal  0.000000e+000 -1.261215e-001  9.920148e-001
    outer loop
      vertex -5.000000e+000 -2.706461e+001  1.220938e+001
      vertex  5.000000e+000 -3.196492e+001  1.158637e+001
      vertex  5.000000e+000 -2.706461e+001  1.220938e+001
    endloop
  endfacet
  facet normal  0.000000e+000  1.319533e-001  9.912560e-001
    outer loop
      vertex -5.000000e+000 -2.706461e+001  1.220938e+001
      vertex  5.000000e+000 -2.706461e+001  1.220938e+001
      vertex -5.000000e+000 -2.216805e+001  1.155757e+001
    endloop
  endfacet
  facet normal  -0.000000e+000  1.319533e-001  9.912560e-001
    outer loop
      vertex -5.000000e+000 -2.216805e+001  1.155757e+001
      vertex  5.000000e+000 -2.706461e+001  1.220938e+001
      vertex  5.000000e+000 -2.216805e+001  1.155757e+001
    endloop
  endfacet
  facet normal  -0.000000e+000 -7.924761e-001 -6.099029e-001
    outer loop
      vertex -5.000000e+000 -2.109317e+001  1.341932e+001
      vertex  5.000000e+000 -2.109317e+001  1.341932e+001
      vertex -5.000000e+000 -2.410594e+001  1.733395e+001
    endloop
  endfacet
  facet normal  0.000000e+000 -7.924761e-001 -6.099029e-001
    outer loop
      vertex -5.000000e+000 -2.410594e+001  1.733395e+001
      vertex  5.000000e+000 -2.109317e+001  1.341932e+001
      vertex  5.000000e+000 -2.410594e+001  1.733395e+001
    endloop
  endfacet
  facet normal  -0.000000e+000 -9.221709e-001 -3.867827e-001
    outer loop
      vertex -5.000000e+000 -2.410594e+001  1.733395e+001
      vertex  5.000000e+000 -2.410594e+001  1.733395e+001
      vertex -5.000000e+000 -2.601655e+001  2.188924e+001
    endloop
  endfacet
  facet normal  0.000000e+000 -9.221709e-001 -3.867827e-001
    outer loop
      vertex -5.000000e+000 -2.601655e+001  2.188924e+001
      vertex  5.000000e+000 -2.410594e+001  1.733395e+001
      vertex  5.000000e+000 -2.601655e+001  2.188924e+001
    endloop
  endfacet
  facet normal  0.000000e+000  2.882709e-001  9.575489e-001
    outer loop
      vertex -5.000000e+000 -2.448880e+001  2.358598e+001
      vertex  5.000000e+000 -2.448880e+001  2.358598e+001
      vertex -5.000000e+000 -1.975875e+001  2.216199e+001
    endloop
  endfacet
  facet normal  -0.000000e+000  2.882709e-001  9.575489e-001
    outer loop
      vertex -5.000000e+000 -1.975875e+001  2.216199e+001
      vertex  5.000000e+000 -2.448880e+001  2.358598e+001
      vertex  5.000000e+000 -1.975875e+001  2.216199e+001
    endloop
  endfacet
  facet normal  0.000000e+000  5.237253e-001  8.518872e-001
    outer loop
      vertex -5.000000e+000 -1.975875e+001  2.216199e+001
      vertex  5.000000e+000 -1.975875e+001  2.216199e+001
      vertex -5.000000e+000 -1.555064e+001  1.957492e+001
    endloop
  endfacet
  facet normal  -0.000000e+000  5.237253e-001  8.518872e-001
    outer loop
      vertex -5.000000e+000 -1.555064e+001  1.957492e+001
      vertex  5.000000e+000 -1.975875e+001  2.216199e+001
      vertex  5.000000e+000 -1.555064e+001  1.957492e+001
    endloop
  endfacet
  facet normal  -0.000000e+000 -9.720329e-001 -2.348449e-001
    outer loop
      vertex -5.000000e+000 -1.381145e+001  2.083852e+001
      vertex  5.000000e+000 -1.381145e+001  2.083852e+001
      vertex -5.000000e+000 -1.497152e+001  2.564012e+001
    endloop
  endfacet
  facet normal  0.000000e+000 -9.720329e-001 -2.348449e-001
    outer loop
      vertex -5.000000e+000 -1.497152e+001  2.564012e+001
      vertex  5.000000e+000 -1.381145e+001  2.083852e+001
      vertex  5.000000e+000 -1.497152e+001  2.564012e+001
    endloop
  endfacet
  facet normal  0.000000e+000 -9.997637e-001  2.173696e-002
    outer loop
      vertex -5.000000e+000 -1.497152e+001  2.564012e+001
      vertex  5.000000e+000 -1.497152e+001  2.564012e+001
      vertex -5.000000e+000 -1.486415e+001  3.057870e+001
    endloop
  endfacet
  facet normal  0.000000e+000 -9.997637e-001  2.173696e-002
    outer loop
      vertex -5.000000e+000 -1.486415e+001  3.057870e+001
      vertex  5.000000e+000 -1.497152e+001  2.564012e+001
      vertex  5.000000e+000 -1.486415e+001  3.057870e+001
    endloop
  endfacet
  facet normal  0.000000e+000  6.528189e-001  7.575140e-001
    outer loop
      vertex -5.000000e+000 -1.277835e+001  3.150736e+001
      vertex  5.000000e+000 -1.277835e+001  3.150736e+001
      vertex -5.000000e+000 -9.036422e+000  2.828260e+001
    endloop
  endfacet
  facet normal  -0.000000e+000  6.528189e-001  7.575140e-001
    outer loop
      vertex -5.000000e+000 -9.036422e+000  2.828260e+001
      vertex  5.000000e+000 -1.277835e+001  3.150736e+001
      vertex  5.000000e+000 -9.036422e+000  2.828260e+001
    endloop
  endfacet
  facet normal  0.000000e+000  8.249407e-001  5.652192e-001
    outer loop
      vertex -5.000000e+000 -9.036422e+000  2.828260e+001
      vertex  5.000000e+000 -9.036422e+000  2.828260e+001
      vertex -5.000000e+000 -6.244379e+000  2.420760e+001
    endloop
  endfacet
  facet normal  -0.000000e+000  8.249407e-001  5.652192e-001
    outer loop
      vertex -5.000000e+000 -6.244379e+000  2.420760e+001
      vertex  5.000000e+000 -9.036422e+000  2.828260e+001
      vertex  5.000000e+000 -6.244379e+000  2.420760e+001
    endloop
  endfacet
  facet normal  -0.000000e+000  4.067369e-001  9.135454e-001
    outer loop
      vertex  5.000000e+000  1.486415e+001  3.057870e+001
      vertex -5.000000e+000  1.486415e+001  3.057870e+001
      vertex  5.000000e+000  1.277835e+001  3.150736e+001
    endloop
  endfacet
  facet normal  0.000000e+000  4.067369e-001  9.135454e-001
    outer loop
      vertex  5.000000e+000  1.277835e+001  3.150736e+001
      vertex -5.000000e+000  1.486415e+001  3.057870e+001
      vertex -5.000000e+000  1.277835e+001  3.150736e+001
    endloop
  endfacet
  facet normal  -0.000000e+000  7.431451e-001  6.691304e-001
    outer loop
      vertex  5.000000e+000  2.601655e+001  2.188924e+001
      vertex -5.000000e+000  2.601655e+001  2.188924e+001
      vertex  5.000000e+000  2.448880e+001  2.358598e+001
    endloop
  endfacet
  facet normal  0.000000e+000  7.431451e-001  6.691304e-001
    outer loop
      vertex  5.000000e+000  2.448880e+001  2.358598e+001
      vertex -5.000000e+000  2.601655e+001  2.188924e+001
      vertex -5.000000e+000  2.448880e+001  2.358598e+001
    endloop
  endfacet
  facet normal  -0.000000e+000  9.510567e-001  3.090163e-001
    outer loop
      vertex  5.000000e+000  3.267046e+001  9.414934e+000
      vertex -5.000000e+000  3.267046e+001  9.414934e+000
      vertex  5.000000e+000  3.196492e+001  1.158637e+001
    endloop
  endfacet
  facet normal  0.000000e+000  9.510567e-001  3.090163e-001
    outer loop
      vertex  5.000000e+000  3.196492e+001  1.158637e+001
      vertex -5.000000e+000  3.267046e+001  9.414934e+000
      vertex -5.000000e+000  3.196492e+001  1.158637e+001
    endloop
  endfacet
  facet normal  0.000000e+000  9.945219e-001 -1.045289e-001
    outer loop
      vertex  5.000000e+000  3.367535e+001 -4.687303e+000
      vertex -5.000000e+000  3.367535e+001 -4.687303e+000
      vertex  5.000000e+000  3.391401e+001 -2.416625e+000
    endloop
  endfacet
  facet normal  0.000000e+000  9.945219e-001 -1.045289e-001
    outer loop
      vertex  5.000000e+000  3.391401e+001 -2.416625e+000
      vertex -5.000000e+000  3.367535e+001 -4.687303e+000
      vertex -5.000000e+000  3.391401e+001 -2.416625e+000
    endloop
  endfacet
  facet normal  0.000000e+000  8.660255e-001 -4.999997e-001
    outer loop
      vertex  5.000000e+000  2.885747e+001 -1.797906e+001
      vertex -5.000000e+000  2.885747e+001 -1.797906e+001
      vertex  5.000000e+000  2.999906e+001 -1.600177e+001
    endloop
  endfacet
  facet normal  0.000000e+000  8.660255e-001 -4.999997e-001
    outer loop
      vertex  5.000000e+000  2.999906e+001 -1.600177e+001
      vertex -5.000000e+000  2.885747e+001 -1.797906e+001
      vertex -5.000000e+000  2.999906e+001 -1.600177e+001
    endloop
  endfacet
  facet normal  0.000000e+000  5.877851e-001 -8.090171e-001
    outer loop
      vertex  5.000000e+000  1.904986e+001 -2.816208e+001
      vertex -5.000000e+000  1.904986e+001 -2.816208e+001
      vertex  5.000000e+000  2.089700e+001 -2.682006e+001
    endloop
  endfacet
  facet normal  0.000000e+000  5.877851e-001 -8.090171e-001
    outer loop
      vertex  5.000000e+000  2.089700e+001 -2.682006e+001
      vertex -5.000000e+000  1.904986e+001 -2.816208e+001
      vertex -5.000000e+000  2.089700e+001 -2.682006e+001
    endloop
  endfacet
  facet normal  0.000000e+000  2.079117e-001 -9.781476e-001
    outer loop
      vertex  5.000000e+000  5.948366e+000 -3.347562e+001
      vertex -5.000000e+000  5.948366e+000 -3.347562e+001
      vertex  5.000000e+000  8.181658e+000 -3.300092e+001
    endloop
  endfacet
  facet normal  0.000000e+000  2.079117e-001 -9.781476e-001
    outer loop
      vertex  5.000000e+000  8.181658e+000 -3.300092e+001
      vertex -5.000000e+000  5.948366e+000 -3.347562e+001
      vertex -5.000000e+000  8.181658e+000 -3.300092e+001
    endloop
  endfacet
  facet normal  0.000000e+000 -2.079117e-001 -9.781476e-001
    outer loop
      vertex  5.000000e+000 -8.181658e+000 -3.300092e+001
      vertex -5.000000e+000 -8.181658e+000 -3.300092e+001
      vertex  5.000000e+000 -5.948366e+000 -3.347562e+001
    endloop
  endfacet
  facet normal  -0.000000e+000 -2.079117e-001 -9.781476e-001
    outer loop
      vertex  5.000000e+000 -5.948366e+000 -3.347562e+001
      vertex -5.000000e+000 -8.181658e+000 -3.300092e+001
      vertex -5.000000e+000 -5.948366e+000 -3.347562e+001
    endloop
  endfacet
  facet normal  0.000000e+000 -5.877851e-001 -8.090171e-001
    outer loop
      vertex  5.000000e+000 -2.089700e+001 -2.682006e+001
      vertex -5.000000e+000 -2.089700e+001 -2.682006e+001
      vertex  5.000000e+000 -1.904986e+001 -2.816208e+001
    endloop
  endfacet
  facet normal  -0.000000e+000 -5.877851e-001 -8.090171e-001
    outer loop
      vertex  5.000000e+000 -1.904986e+001 -2.816208e+001
      vertex -5.000000e+000 -2.089700e+001 -2.682006e+001
      vertex -5.000000e+000 -1.904986e+001 -2.816208e+001
    endloop
  endfacet
  facet normal  0.000000e+000 -8.660255e-001 -4.999997e-001
    outer loop
      vertex  5.000000e+000 -2.999906e+001 -1.600177e+001
      vertex -5.000000e+000 -2.999906e+001 -1.600177e+001
      vertex  5.000000e+000 -2.885747e+001 -1.797906e+001
    endloop
  endfacet
  facet normal  -0.000000e+000 -8.660255e-001 -4.999997e-001
    outer loop
      vertex  5.000000e+000 -2.885747e+001 -1.797906e+001
      vertex -5.000000e+000 -2.999906e+001 -1.600177e+001
      vertex -5.000000e+000 -2.885747e+001 -1.797906e+001
    endloop
  endfacet
  facet normal  0.000000e+000 -9.945219e-001 -1.045289e-001
    outer loop
      vertex  5.000000e+000 -3.391401e+001 -2.416625e+000
      vertex -5.000000e+000 -3.391401e+001 -2.416625e+000
      vertex  5.000000e+000 -3.367535e+001 -4.687303e+000
    endloop
  endfacet
  facet normal  -0.000000e+000 -9.945219e-001 -1.045289e-001
    outer loop
      vertex  5.000000e+000 -3.367535e+001 -4.687303e+000
      vertex -5.000000e+000 -3.391401e+001 -2.416625e+000
      vertex -5.000000e+000 -3.367535e+001 -4.687303e+000
    endloop
  endfacet
  facet normal  0.000000e+000 -9.510567e-001  3.090163e-001
    outer loop
      vertex  5.000000e+000 -3.196492e+001  1.158637e+001
      vertex -5.000000e+000 -3.196492e+001  1.158637e+001
      vertex  5.000000e+000 -3.267046e+001  9.414934e+000
    endloop
  endfacet
  facet normal  0.000000e+000 -9.510567e-001  3.090163e-001
    outer loop
      vertex  5.000000e+000 -3.267046e+001  9.414934e+000
      vertex -5.000000e+000 -3.196492e+001  1.158637e+001
      vertex -5.000000e+000 -3.267046e+001  9.414934e+000
    endloop
  endfacet
  facet normal  0.000000e+000 -7.431451e-001  6.691304e-001
    outer loop
      vertex  5.000000e+000 -2.448880e+001  2.358598e+001
      vertex -5.000000e+000 -2.448880e+001  2.358598e+001
      vertex  5.000000e+000 -2.601655e+001  2.188924e+001
    endloop
  endfacet
  facet normal  0.000000e+000 -7.431451e-001  6.691304e-001
    outer loop
      vertex  5.000000e+000 -2.601655e+001  2.188924e+001
      vertex -5.000000e+000 -2.448880e+001  2.358598e+001
      vertex -5.000000e+000 -2.601655e+001  2.188924e+001
    endloop
  endfacet
  facet normal  0.000000e+000 -4.067369e-001  9.135454e-001
    outer loop
      vertex  5.000000e+000 -1.277835e+001  3.150736e+001
      vertex -5.000000e+000 -1.277835e+001  3.150736e+001
      vertex  5.000000e+000 -1.486415e+001  3.057870e+001
    endloop
  endfacet
  facet normal  0.000000e+000 -4.067369e-001  9.135454e-001
    outer loop
      vertex  5.000000e+000 -1.486415e+001  3.057870e+001
      vertex -5.000000e+000 -1.277835e+001  3.150736e+001
      vertex -5.000000e+000 -1.486415e+001  3.057870e+001
    endloop
  endfacet
  facet normal  0.000000e+000 -9.835162e-001  1.808200e-001
    outer loop
      vertex -5.000000e+000 -4.141593e+000  2.465456e+001
      vertex  5.000000e+000 -4.141593e+000  2.465456e+001
      vertex -5.000000e+000 -3.248387e+000  2.951288e+001
    endloop
  endfacet
  facet normal  0.000000e+000 -9.835162e-001  1.808200e-001
    outer loop
      vertex -5.000000e+000 -3.248387e+000  2.951288e+001
      vertex  5.000000e+000 -4.141593e+000  2.465456e+001
      vertex  5.000000e+000 -3.248387e+000  2.951288e+001
    endloop
  endfacet
  facet normal  0.000000e+000 -9.044884e-001  4.264980e-001
    outer loop
      vertex -5.000000e+000 -3.248387e+000  2.951288e+001
      vertex  5.000000e+000 -3.248387e+000  2.951288e+001
      vertex -5.000000e+000 -1.141593e+000  3.398083e+001
    endloop
  endfacet
  facet normal  0.000000e+000 -9.044884e-001  4.264980e-001
    outer loop
      vertex -5.000000e+000 -1.141593e+000  3.398083e+001
      vertex  5.000000e+000 -3.248387e+000  2.951288e+001
      vertex  5.000000e+000 -1.141593e+000  3.398083e+001
    endloop
  endfacet
  facet normal  0.000000e+000  9.044884e-001  4.264980e-001
    outer loop
      vertex -5.000000e+000  1.141593e+000  3.398083e+001
      vertex  5.000000e+000  1.141593e+000  3.398083e+001
      vertex -5.000000e+000  3.248387e+000  2.951288e+001
    endloop
  endfacet
  facet normal  -0.000000e+000  9.044884e-001  4.264980e-001
    outer loop
      vertex -5.000000e+000  3.248387e+000  2.951288e+001
      vertex  5.000000e+000  1.141593e+000  3.398083e+001
      vertex  5.000000e+000  3.248387e+000  2.951288e+001
    endloop
  endfacet
  facet normal  0.000000e+000  9.835162e-001  1.808200e-001
    outer loop
      vertex -5.000000e+000  3.248387e+000  2.951288e+001
      vertex  5.000000e+000  3.248387e+000  2.951288e+001
      vertex -5.000000e+000  4.141593e+000  2.465456e+001
    endloop
  endfacet
  facet normal  -0.000000e+000  9.835162e-001  1.808200e-001
    outer loop
      vertex -5.000000e+000  4.141593e+000  2.465456e+001
      vertex  5.000000e+000  3.248387e+000  2.951288e+001
      vertex  5.000000e+000  4.141593e+000  2.465456e+001
    endloop
  endfacet
  facet normal  -0.000000e+000  0.000000e+000  1.000000e+000
    outer loop
      vertex  5.000000e+000  1.141593e+000  3.398083e+001
      vertex -5.000000e+000  1.141593e+000  3.398083e+001
      vertex  5.000000e+000 -1.141593e+000  3.398083e+001
    endloop
  endfacet
  facet normal  0.000000e+000  0.000000e+000  1.000000e+000
    outer loop
      vertex  5.000000e+000 -1.141593e+000  3.398083e+001
      vertex -5.000000e+000  1.141593e+000  3.398083e+001
      vertex -5.000000e+000 -1.141593e+000  3.398083e+001
    endloop
  endfacet
endsolid CATIA STL
