solid CATIA STL
  facet normal  5.783857e-001  6.775207e-002  8.129450e-001
    outer loop
      vertex  1.288501e+002  4.157814e+001  4.863639e+000
      vertex  1.283928e+002  4.013000e+001  5.309689e+000
      vertex  1.294258e+002  4.001650e+001  4.584207e+000
    endloop
  endfacet
  facet normal  2.823897e-001 -6.713101e-002  9.569480e-001
    outer loop
      vertex  1.294258e+002  4.001650e+001  4.584207e+000
      vertex  1.300607e+002  4.150022e+001  4.500922e+000
      vertex  1.288501e+002  4.157814e+001  4.863639e+000
    endloop
  endfacet
  facet normal -3.022107e-002  6.890681e-002  9.971652e-001
    outer loop
      vertex  1.306877e+002  4.002367e+001  4.621957e+000
      vertex  1.300607e+002  4.150022e+001  4.500922e+000
      vertex  1.294258e+002  4.001650e+001  4.584207e+000
    endloop
  endfacet
  facet normal -3.385147e-001 -6.680872e-002  9.385865e-001
    outer loop
      vertex  1.306877e+002  4.002367e+001  4.621957e+000
      vertex  1.312445e+002  4.159160e+001  4.934389e+000
      vertex  1.300607e+002  4.150022e+001  4.500922e+000
    endloop
  endfacet
  facet normal -6.257968e-001  6.739949e-002  7.770687e-001
    outer loop
      vertex  1.312445e+002  4.159160e+001  4.934389e+000
      vertex  1.306877e+002  4.002367e+001  4.621957e+000
      vertex  1.316746e+002  4.014122e+001  5.406549e+000
    endloop
  endfacet
  facet normal  7.973989e-001 -6.708872e-002  5.997116e-001
    outer loop
      vertex  1.288501e+002  4.157814e+001  4.863639e+000
      vertex  1.280995e+002  4.171518e+001  5.876948e+000
      vertex  1.283928e+002  4.013000e+001  5.309689e+000
    endloop
  endfacet
  facet normal  9.802177e-001  1.270243e-001  1.517836e-001
    outer loop
      vertex  1.283928e+002  4.013000e+001  5.309689e+000
      vertex  1.280995e+002  4.171518e+001  5.876948e+000
      vertex  1.280000e+002  4.173864e+001  6.500000e+000
    endloop
  endfacet
  facet normal  9.496349e-001  0.000000e+000  3.133585e-001
    outer loop
      vertex  1.283928e+002  4.013000e+001  5.309689e+000
      vertex  1.280000e+002  4.173864e+001  6.500000e+000
      vertex  1.280000e+002  4.020204e+001  6.500000e+000
    endloop
  endfacet
  facet normal -8.318068e-001 -6.729276e-002  5.509712e-001
    outer loop
      vertex  1.312445e+002  4.159160e+001  4.934389e+000
      vertex  1.316746e+002  4.014122e+001  5.406549e+000
      vertex  1.319344e+002  4.172303e+001  5.991915e+000
    endloop
  endfacet
  facet normal -9.579231e-001  5.291403e-002  2.821059e-001
    outer loop
      vertex  1.319344e+002  4.172303e+001  5.991915e+000
      vertex  1.316746e+002  4.014122e+001  5.406549e+000
      vertex  1.320000e+002  4.020204e+001  6.500000e+000
    endloop
  endfacet
  facet normal -9.917646e-001  0.000000e+000  1.280739e-001
    outer loop
      vertex  1.319344e+002  4.172303e+001  5.991915e+000
      vertex  1.320000e+002  4.020204e+001  6.500000e+000
      vertex  1.320000e+002  4.173864e+001  6.500000e+000
    endloop
  endfacet
  facet normal  5.783857e-001 -6.775207e-002  8.129450e-001
    outer loop
      vertex  1.294258e+002  5.998350e+001  4.584207e+000
      vertex  1.283928e+002  5.987000e+001  5.309689e+000
      vertex  1.288501e+002  5.842186e+001  4.863639e+000
    endloop
  endfacet
  facet normal  2.823897e-001  6.713101e-002  9.569480e-001
    outer loop
      vertex  1.300607e+002  5.849978e+001  4.500922e+000
      vertex  1.294258e+002  5.998350e+001  4.584207e+000
      vertex  1.288501e+002  5.842186e+001  4.863639e+000
    endloop
  endfacet
  facet normal -3.022107e-002 -6.890681e-002  9.971652e-001
    outer loop
      vertex  1.300607e+002  5.849978e+001  4.500922e+000
      vertex  1.306877e+002  5.997633e+001  4.621957e+000
      vertex  1.294258e+002  5.998350e+001  4.584207e+000
    endloop
  endfacet
  facet normal -3.385147e-001  6.680872e-002  9.385865e-001
    outer loop
      vertex  1.312445e+002  5.840840e+001  4.934389e+000
      vertex  1.306877e+002  5.997633e+001  4.621957e+000
      vertex  1.300607e+002  5.849978e+001  4.500922e+000
    endloop
  endfacet
  facet normal -6.257968e-001 -6.739949e-002  7.770687e-001
    outer loop
      vertex  1.316746e+002  5.985878e+001  5.406549e+000
      vertex  1.306877e+002  5.997633e+001  4.621957e+000
      vertex  1.312445e+002  5.840840e+001  4.934389e+000
    endloop
  endfacet
  facet normal  7.973989e-001  6.708872e-002  5.997116e-001
    outer loop
      vertex  1.288501e+002  5.842186e+001  4.863639e+000
      vertex  1.283928e+002  5.987000e+001  5.309689e+000
      vertex  1.280995e+002  5.828482e+001  5.876948e+000
    endloop
  endfacet
  facet normal  9.487953e-001 -6.489604e-002  3.091538e-001
    outer loop
      vertex  1.280995e+002  5.828482e+001  5.876948e+000
      vertex  1.283928e+002  5.987000e+001  5.309689e+000
      vertex  1.280000e+002  5.979796e+001  6.500000e+000
    endloop
  endfacet
  facet normal  9.874827e-001  0.000000e+000  1.577270e-001
    outer loop
      vertex  1.280995e+002  5.828482e+001  5.876948e+000
      vertex  1.280000e+002  5.979796e+001  6.500000e+000
      vertex  1.280000e+002  5.826136e+001  6.500000e+000
    endloop
  endfacet
  facet normal -8.318068e-001  6.729276e-002  5.509712e-001
    outer loop
      vertex  1.312445e+002  5.840840e+001  4.934389e+000
      vertex  1.319344e+002  5.827697e+001  5.991915e+000
      vertex  1.316746e+002  5.985878e+001  5.406549e+000
    endloop
  endfacet
  facet normal -9.855087e-001 -1.160636e-001  1.237002e-001
    outer loop
      vertex  1.316746e+002  5.985878e+001  5.406549e+000
      vertex  1.319344e+002  5.827697e+001  5.991915e+000
      vertex  1.320000e+002  5.826136e+001  6.500000e+000
    endloop
  endfacet
  facet normal -9.584649e-001  0.000000e+000  2.852105e-001
    outer loop
      vertex  1.316746e+002  5.985878e+001  5.406549e+000
      vertex  1.320000e+002  5.826136e+001  6.500000e+000
      vertex  1.320000e+002  5.979796e+001  6.500000e+000
    endloop
  endfacet
  facet normal -6.257970e-001 -6.739936e-002 -7.770685e-001
    outer loop
      vertex  1.312445e+002  5.840840e+001  8.065611e+000
      vertex  1.306877e+002  5.997633e+001  8.378043e+000
      vertex  1.316746e+002  5.985878e+001  7.593451e+000
    endloop
  endfacet
  facet normal -3.385143e-001  6.680914e-002 -9.385865e-001
    outer loop
      vertex  1.306877e+002  5.997633e+001  8.378043e+000
      vertex  1.312445e+002  5.840840e+001  8.065611e+000
      vertex  1.300607e+002  5.849978e+001  8.499078e+000
    endloop
  endfacet
  facet normal -3.022031e-002 -6.890649e-002 -9.971652e-001
    outer loop
      vertex  1.300607e+002  5.849978e+001  8.499078e+000
      vertex  1.294258e+002  5.998350e+001  8.415792e+000
      vertex  1.306877e+002  5.997633e+001  8.378043e+000
    endloop
  endfacet
  facet normal  2.823894e-001  6.713086e-002 -9.569481e-001
    outer loop
      vertex  1.288501e+002  5.842186e+001  8.136361e+000
      vertex  1.294258e+002  5.998350e+001  8.415792e+000
      vertex  1.300607e+002  5.849978e+001  8.499078e+000
    endloop
  endfacet
  facet normal  5.783855e-001 -6.775219e-002 -8.129452e-001
    outer loop
      vertex  1.283928e+002  5.987000e+001  7.690311e+000
      vertex  1.294258e+002  5.998350e+001  8.415792e+000
      vertex  1.288501e+002  5.842186e+001  8.136361e+000
    endloop
  endfacet
  facet normal -8.318068e-001  6.729276e-002 -5.509712e-001
    outer loop
      vertex  1.312445e+002  5.840840e+001  8.065611e+000
      vertex  1.316746e+002  5.985878e+001  7.593451e+000
      vertex  1.319344e+002  5.827697e+001  7.008085e+000
    endloop
  endfacet
  facet normal -9.579231e-001 -5.291403e-002 -2.821059e-001
    outer loop
      vertex  1.319344e+002  5.827697e+001  7.008085e+000
      vertex  1.316746e+002  5.985878e+001  7.593451e+000
      vertex  1.320000e+002  5.979796e+001  6.500000e+000
    endloop
  endfacet
  facet normal -9.917646e-001  -0.000000e+000 -1.280739e-001
    outer loop
      vertex  1.319344e+002  5.827697e+001  7.008085e+000
      vertex  1.320000e+002  5.979796e+001  6.500000e+000
      vertex  1.320000e+002  5.826136e+001  6.500000e+000
    endloop
  endfacet
  facet normal  7.973989e-001  6.708872e-002 -5.997116e-001
    outer loop
      vertex  1.288501e+002  5.842186e+001  8.136361e+000
      vertex  1.280995e+002  5.828482e+001  7.123052e+000
      vertex  1.283928e+002  5.987000e+001  7.690311e+000
    endloop
  endfacet
  facet normal  9.802177e-001 -1.270243e-001 -1.517836e-001
    outer loop
      vertex  1.283928e+002  5.987000e+001  7.690311e+000
      vertex  1.280995e+002  5.828482e+001  7.123052e+000
      vertex  1.280000e+002  5.826136e+001  6.500000e+000
    endloop
  endfacet
  facet normal  9.496349e-001  0.000000e+000 -3.133585e-001
    outer loop
      vertex  1.283928e+002  5.987000e+001  7.690311e+000
      vertex  1.280000e+002  5.826136e+001  6.500000e+000
      vertex  1.280000e+002  5.979796e+001  6.500000e+000
    endloop
  endfacet
  facet normal -6.257970e-001  6.739936e-002 -7.770685e-001
    outer loop
      vertex  1.306877e+002  4.002367e+001  8.378043e+000
      vertex  1.312445e+002  4.159160e+001  8.065611e+000
      vertex  1.316746e+002  4.014122e+001  7.593451e+000
    endloop
  endfacet
  facet normal -3.385143e-001 -6.680914e-002 -9.385865e-001
    outer loop
      vertex  1.300607e+002  4.150022e+001  8.499078e+000
      vertex  1.312445e+002  4.159160e+001  8.065611e+000
      vertex  1.306877e+002  4.002367e+001  8.378043e+000
    endloop
  endfacet
  facet normal -3.022031e-002  6.890649e-002 -9.971652e-001
    outer loop
      vertex  1.294258e+002  4.001650e+001  8.415792e+000
      vertex  1.300607e+002  4.150022e+001  8.499078e+000
      vertex  1.306877e+002  4.002367e+001  8.378043e+000
    endloop
  endfacet
  facet normal  2.823894e-001 -6.713086e-002 -9.569481e-001
    outer loop
      vertex  1.294258e+002  4.001650e+001  8.415792e+000
      vertex  1.288501e+002  4.157814e+001  8.136361e+000
      vertex  1.300607e+002  4.150022e+001  8.499078e+000
    endloop
  endfacet
  facet normal  5.783855e-001  6.775219e-002 -8.129452e-001
    outer loop
      vertex  1.288501e+002  4.157814e+001  8.136361e+000
      vertex  1.294258e+002  4.001650e+001  8.415792e+000
      vertex  1.283928e+002  4.013000e+001  7.690311e+000
    endloop
  endfacet
  facet normal -8.318068e-001 -6.729276e-002 -5.509712e-001
    outer loop
      vertex  1.312445e+002  4.159160e+001  8.065611e+000
      vertex  1.319344e+002  4.172303e+001  7.008085e+000
      vertex  1.316746e+002  4.014122e+001  7.593451e+000
    endloop
  endfacet
  facet normal -9.855087e-001  1.160636e-001 -1.237002e-001
    outer loop
      vertex  1.316746e+002  4.014122e+001  7.593451e+000
      vertex  1.319344e+002  4.172303e+001  7.008085e+000
      vertex  1.320000e+002  4.173864e+001  6.500000e+000
    endloop
  endfacet
  facet normal -9.584649e-001  -0.000000e+000 -2.852105e-001
    outer loop
      vertex  1.316746e+002  4.014122e+001  7.593451e+000
      vertex  1.320000e+002  4.173864e+001  6.500000e+000
      vertex  1.320000e+002  4.020204e+001  6.500000e+000
    endloop
  endfacet
  facet normal  7.973989e-001 -6.708872e-002 -5.997116e-001
    outer loop
      vertex  1.288501e+002  4.157814e+001  8.136361e+000
      vertex  1.283928e+002  4.013000e+001  7.690311e+000
      vertex  1.280995e+002  4.171518e+001  7.123052e+000
    endloop
  endfacet
  facet normal  9.487953e-001  6.489604e-002 -3.091538e-001
    outer loop
      vertex  1.280995e+002  4.171518e+001  7.123052e+000
      vertex  1.283928e+002  4.013000e+001  7.690311e+000
      vertex  1.280000e+002  4.020204e+001  6.500000e+000
    endloop
  endfacet
  facet normal  9.874827e-001  0.000000e+000 -1.577270e-001
    outer loop
      vertex  1.280995e+002  4.171518e+001  7.123052e+000
      vertex  1.280000e+002  4.020204e+001  6.500000e+000
      vertex  1.280000e+002  4.173864e+001  6.500000e+000
    endloop
  endfacet
  facet normal  1.947900e-001 -9.792775e-001  5.543053e-002
    outer loop
      vertex  1.300000e+002  5.850000e+001  3.000000e+000
      vertex  1.280995e+002  5.828482e+001  5.876948e+000
      vertex  1.267472e+002  5.785298e+001  3.000000e+000
    endloop
  endfacet
  facet normal  5.705329e-001 -7.562300e-001  3.203255e-001
    outer loop
      vertex  1.288501e+002  5.842186e+001  4.863639e+000
      vertex  1.280995e+002  5.828482e+001  5.876948e+000
      vertex  1.300000e+002  5.850000e+001  3.000000e+000
    endloop
  endfacet
  facet normal  6.342667e-002 -9.979827e-001 -2.710289e-003
    outer loop
      vertex  1.300000e+002  5.850000e+001  3.000000e+000
      vertex  1.300607e+002  5.849978e+001  4.500922e+000
      vertex  1.288501e+002  5.842186e+001  4.863639e+000
    endloop
  endfacet
  facet normal  3.098916e-001 -9.506732e-001 -1.370123e-002
    outer loop
      vertex  1.280995e+002  5.828482e+001  7.123052e+000
      vertex  1.267472e+002  5.785298e+001  6.500000e+000
      vertex  1.280000e+002  5.826136e+001  6.500000e+000
    endloop
  endfacet
  facet normal  6.342667e-002 -9.979828e-001  2.710288e-003
    outer loop
      vertex  1.300607e+002  5.849978e+001  8.499078e+000
      vertex  1.300000e+002  5.850000e+001  1.000000e+001
      vertex  1.288501e+002  5.842186e+001  8.136361e+000
    endloop
  endfacet
  facet normal -9.506750e-001 -3.098864e-001 -1.369248e-002
    outer loop
      vertex  1.382848e+002  5.190047e+001  7.123052e+000
      vertex  1.378530e+002  5.325281e+001  6.500000e+000
      vertex  1.382614e+002  5.200000e+001  6.500000e+000
    endloop
  endfacet
  facet normal -9.976992e-001 -6.779635e-002  -0.000000e+000
    outer loop
      vertex  1.385000e+002  5.000000e+001  3.000000e+000
      vertex  1.385000e+002  5.000000e+001  4.500000e+000
      vertex  1.384219e+002  5.114992e+001  4.863639e+000
    endloop
  endfacet
  facet normal -7.561863e-001 -5.705740e-001  3.203554e-001
    outer loop
      vertex  1.385000e+002  5.000000e+001  3.000000e+000
      vertex  1.384219e+002  5.114992e+001  4.863639e+000
      vertex  1.382848e+002  5.190047e+001  5.876948e+000
    endloop
  endfacet
  facet normal -9.792776e-001 -1.947888e-001  5.543057e-002
    outer loop
      vertex  1.385000e+002  5.000000e+001  3.000000e+000
      vertex  1.382848e+002  5.190047e+001  5.876948e+000
      vertex  1.378530e+002  5.325281e+001  3.000000e+000
    endloop
  endfacet
  facet normal -9.807857e-001 -1.950888e-001  -0.000000e+000
    outer loop
      vertex  1.385000e+002  5.000000e+001  1.000000e+001
      vertex  1.378530e+002  5.325281e+001  1.000000e+001
      vertex  1.378530e+002  5.325281e+001  6.500000e+000
    endloop
  endfacet
  facet normal -9.105992e-001 -3.728903e-001 -1.782188e-001
    outer loop
      vertex  1.385000e+002  5.000000e+001  1.000000e+001
      vertex  1.378530e+002  5.325281e+001  6.500000e+000
      vertex  1.382848e+002  5.190047e+001  7.123052e+000
    endloop
  endfacet
  facet normal -7.561863e-001 -5.705740e-001 -3.203554e-001
    outer loop
      vertex  1.385000e+002  5.000000e+001  1.000000e+001
      vertex  1.382848e+002  5.190047e+001  7.123052e+000
      vertex  1.384219e+002  5.114992e+001  8.136361e+000
    endloop
  endfacet
  facet normal -9.976992e-001 -6.779635e-002  0.000000e+000
    outer loop
      vertex  1.385000e+002  5.000000e+001  1.000000e+001
      vertex  1.384219e+002  5.114992e+001  8.136361e+000
      vertex  1.385000e+002  5.000000e+001  8.500000e+000
    endloop
  endfacet
  facet normal  9.507625e-001 -3.099207e-001  0.000000e+000
    outer loop
      vertex  1.221470e+002  5.325281e+001  3.000000e+000
      vertex  1.221470e+002  5.325281e+001  6.500000e+000
      vertex  1.217386e+002  5.200000e+001  6.500000e+000
    endloop
  endfacet
  facet normal  9.582700e-001 -2.857053e-001  9.543753e-003
    outer loop
      vertex  1.221470e+002  5.325281e+001  3.000000e+000
      vertex  1.217386e+002  5.200000e+001  6.500000e+000
      vertex  1.217152e+002  5.190047e+001  5.876948e+000
    endloop
  endfacet
  facet normal  9.726221e-001 -2.292233e-001  3.824792e-002
    outer loop
      vertex  1.221470e+002  5.325281e+001  3.000000e+000
      vertex  1.217152e+002  5.190047e+001  5.876948e+000
      vertex  1.215781e+002  5.114992e+001  4.863639e+000
    endloop
  endfacet
  facet normal  9.791334e-001 -1.186970e-001  1.649508e-001
    outer loop
      vertex  1.221470e+002  5.325281e+001  3.000000e+000
      vertex  1.215781e+002  5.114992e+001  4.863639e+000
      vertex  1.215000e+002  5.000000e+001  4.500000e+000
    endloop
  endfacet
  facet normal  9.807851e-001 -1.950910e-001  0.000000e+000
    outer loop
      vertex  1.221470e+002  5.325281e+001  3.000000e+000
      vertex  1.215000e+002  5.000000e+001  4.500000e+000
      vertex  1.215000e+002  5.000000e+001  3.000000e+000
    endloop
  endfacet
  facet normal -3.099207e-001 -9.507625e-001  -0.000000e+000
    outer loop
      vertex  1.332528e+002  5.785298e+001  3.000000e+000
      vertex  1.332528e+002  5.785298e+001  6.500000e+000
      vertex  1.320000e+002  5.826136e+001  6.500000e+000
    endloop
  endfacet
  facet normal -2.896409e-001 -9.571020e-001  7.998733e-003
    outer loop
      vertex  1.332528e+002  5.785298e+001  3.000000e+000
      vertex  1.320000e+002  5.826136e+001  6.500000e+000
      vertex  1.319344e+002  5.827697e+001  5.991915e+000
    endloop
  endfacet
  facet normal -2.363300e-001 -9.710961e-001  3.347392e-002
    outer loop
      vertex  1.332528e+002  5.785298e+001  3.000000e+000
      vertex  1.319344e+002  5.827697e+001  5.991915e+000
      vertex  1.312445e+002  5.840840e+001  4.934389e+000
    endloop
  endfacet
  facet normal -1.295472e-001 -9.806066e-001  1.470659e-001
    outer loop
      vertex  1.332528e+002  5.785298e+001  3.000000e+000
      vertex  1.312445e+002  5.840840e+001  4.934389e+000
      vertex  1.300607e+002  5.849978e+001  4.500922e+000
    endloop
  endfacet
  facet normal -1.950841e-001 -9.807559e-001  7.749385e-003
    outer loop
      vertex  1.332528e+002  5.785298e+001  3.000000e+000
      vertex  1.300607e+002  5.849978e+001  4.500922e+000
      vertex  1.300000e+002  5.850000e+001  3.000000e+000
    endloop
  endfacet
  facet normal  9.807851e-001 -1.950910e-001  0.000000e+000
    outer loop
      vertex  1.221470e+002  5.325281e+001  1.000000e+001
      vertex  1.215000e+002  5.000000e+001  1.000000e+001
      vertex  1.215000e+002  5.000000e+001  8.500000e+000
    endloop
  endfacet
  facet normal  9.791334e-001 -1.186970e-001 -1.649508e-001
    outer loop
      vertex  1.221470e+002  5.325281e+001  1.000000e+001
      vertex  1.215000e+002  5.000000e+001  8.500000e+000
      vertex  1.215781e+002  5.114992e+001  8.136361e+000
    endloop
  endfacet
  facet normal  9.726221e-001 -2.292233e-001 -3.824792e-002
    outer loop
      vertex  1.221470e+002  5.325281e+001  1.000000e+001
      vertex  1.215781e+002  5.114992e+001  8.136361e+000
      vertex  1.217152e+002  5.190047e+001  7.123052e+000
    endloop
  endfacet
  facet normal  9.582700e-001 -2.857053e-001 -9.543753e-003
    outer loop
      vertex  1.221470e+002  5.325281e+001  1.000000e+001
      vertex  1.217152e+002  5.190047e+001  7.123052e+000
      vertex  1.217386e+002  5.200000e+001  6.500000e+000
    endloop
  endfacet
  facet normal  9.507625e-001 -3.099207e-001  0.000000e+000
    outer loop
      vertex  1.221470e+002  5.325281e+001  1.000000e+001
      vertex  1.217386e+002  5.200000e+001  6.500000e+000
      vertex  1.221470e+002  5.325281e+001  6.500000e+000
    endloop
  endfacet
  facet normal -1.950841e-001 -9.807559e-001 -7.749382e-003
    outer loop
      vertex  1.332528e+002  5.785298e+001  1.000000e+001
      vertex  1.300000e+002  5.850000e+001  1.000000e+001
      vertex  1.300607e+002  5.849978e+001  8.499078e+000
    endloop
  endfacet
  facet normal -1.295471e-001 -9.806065e-001 -1.470659e-001
    outer loop
      vertex  1.332528e+002  5.785298e+001  1.000000e+001
      vertex  1.300607e+002  5.849978e+001  8.499078e+000
      vertex  1.312445e+002  5.840840e+001  8.065611e+000
    endloop
  endfacet
  facet normal -2.363300e-001 -9.710961e-001 -3.347392e-002
    outer loop
      vertex  1.332528e+002  5.785298e+001  1.000000e+001
      vertex  1.312445e+002  5.840840e+001  8.065611e+000
      vertex  1.319344e+002  5.827697e+001  7.008085e+000
    endloop
  endfacet
  facet normal -2.896409e-001 -9.571020e-001 -7.998733e-003
    outer loop
      vertex  1.332528e+002  5.785298e+001  1.000000e+001
      vertex  1.319344e+002  5.827697e+001  7.008085e+000
      vertex  1.320000e+002  5.826136e+001  6.500000e+000
    endloop
  endfacet
  facet normal -3.099207e-001 -9.507625e-001  0.000000e+000
    outer loop
      vertex  1.332528e+002  5.785298e+001  1.000000e+001
      vertex  1.320000e+002  5.826136e+001  6.500000e+000
      vertex  1.332528e+002  5.785298e+001  6.500000e+000
    endloop
  endfacet
  facet normal  8.314698e-001 -5.555700e-001  0.000000e+000
    outer loop
      vertex  1.239896e+002  5.601041e+001  3.000000e+000
      vertex  1.221470e+002  5.325281e+001  6.500000e+000
      vertex  1.221470e+002  5.325281e+001  3.000000e+000
    endloop
  endfacet
  facet normal  8.314698e-001 -5.555700e-001  0.000000e+000
    outer loop
      vertex  1.221470e+002  5.325281e+001  6.500000e+000
      vertex  1.239896e+002  5.601041e+001  3.000000e+000
      vertex  1.239896e+002  5.601041e+001  6.500000e+000
    endloop
  endfacet
  facet normal  5.555708e-001 -8.314692e-001  0.000000e+000
    outer loop
      vertex  1.239896e+002  5.601041e+001  6.500000e+000
      vertex  1.239896e+002  5.601041e+001  3.000000e+000
      vertex  1.267472e+002  5.785298e+001  3.000000e+000
    endloop
  endfacet
  facet normal  5.555708e-001 -8.314692e-001  0.000000e+000
    outer loop
      vertex  1.239896e+002  5.601041e+001  6.500000e+000
      vertex  1.267472e+002  5.785298e+001  3.000000e+000
      vertex  1.267472e+002  5.785298e+001  6.500000e+000
    endloop
  endfacet
  facet normal  3.041973e-001 -9.526091e-001  0.000000e+000
    outer loop
      vertex  1.267472e+002  5.785298e+001  6.500000e+000
      vertex  1.267472e+002  5.785298e+001  3.000000e+000
      vertex  1.280995e+002  5.828482e+001  5.876948e+000
    endloop
  endfacet
  facet normal  3.098916e-001 -9.506732e-001  1.370123e-002
    outer loop
      vertex  1.267472e+002  5.785298e+001  6.500000e+000
      vertex  1.280995e+002  5.828482e+001  5.876948e+000
      vertex  1.280000e+002  5.826136e+001  6.500000e+000
    endloop
  endfacet
  facet normal -5.555708e-001 -8.314692e-001  -0.000000e+000
    outer loop
      vertex  1.360104e+002  5.601041e+001  3.000000e+000
      vertex  1.332528e+002  5.785298e+001  6.500000e+000
      vertex  1.332528e+002  5.785298e+001  3.000000e+000
    endloop
  endfacet
  facet normal -5.555708e-001 -8.314692e-001  0.000000e+000
    outer loop
      vertex  1.332528e+002  5.785298e+001  6.500000e+000
      vertex  1.360104e+002  5.601041e+001  3.000000e+000
      vertex  1.360104e+002  5.601041e+001  6.500000e+000
    endloop
  endfacet
  facet normal -8.314687e-001 -5.555716e-001  -0.000000e+000
    outer loop
      vertex  1.360104e+002  5.601041e+001  6.500000e+000
      vertex  1.360104e+002  5.601041e+001  3.000000e+000
      vertex  1.378530e+002  5.325281e+001  3.000000e+000
    endloop
  endfacet
  facet normal -8.314687e-001 -5.555716e-001  0.000000e+000
    outer loop
      vertex  1.360104e+002  5.601041e+001  6.500000e+000
      vertex  1.378530e+002  5.325281e+001  3.000000e+000
      vertex  1.378530e+002  5.325281e+001  6.500000e+000
    endloop
  endfacet
  facet normal -9.526095e-001 -3.041957e-001  -0.000000e+000
    outer loop
      vertex  1.378530e+002  5.325281e+001  6.500000e+000
      vertex  1.378530e+002  5.325281e+001  3.000000e+000
      vertex  1.382848e+002  5.190047e+001  5.876948e+000
    endloop
  endfacet
  facet normal -9.506750e-001 -3.098864e-001  1.369248e-002
    outer loop
      vertex  1.378530e+002  5.325281e+001  6.500000e+000
      vertex  1.382848e+002  5.190047e+001  5.876948e+000
      vertex  1.382614e+002  5.200000e+001  6.500000e+000
    endloop
  endfacet
  facet normal  5.705329e-001 -7.562300e-001 -3.203255e-001
    outer loop
      vertex  1.288501e+002  5.842186e+001  8.136361e+000
      vertex  1.300000e+002  5.850000e+001  1.000000e+001
      vertex  1.280995e+002  5.828482e+001  7.123052e+000
    endloop
  endfacet
  facet normal  1.947900e-001 -9.792775e-001 -5.543053e-002
    outer loop
      vertex  1.280995e+002  5.828482e+001  7.123052e+000
      vertex  1.300000e+002  5.850000e+001  1.000000e+001
      vertex  1.267472e+002  5.785298e+001  1.000000e+001
    endloop
  endfacet
  facet normal  3.041973e-001 -9.526091e-001  0.000000e+000
    outer loop
      vertex  1.280995e+002  5.828482e+001  7.123052e+000
      vertex  1.267472e+002  5.785298e+001  1.000000e+001
      vertex  1.267472e+002  5.785298e+001  6.500000e+000
    endloop
  endfacet
  facet normal  5.555708e-001 -8.314692e-001  0.000000e+000
    outer loop
      vertex  1.267472e+002  5.785298e+001  6.500000e+000
      vertex  1.267472e+002  5.785298e+001  1.000000e+001
      vertex  1.239896e+002  5.601041e+001  1.000000e+001
    endloop
  endfacet
  facet normal  5.555708e-001 -8.314692e-001  0.000000e+000
    outer loop
      vertex  1.267472e+002  5.785298e+001  6.500000e+000
      vertex  1.239896e+002  5.601041e+001  1.000000e+001
      vertex  1.239896e+002  5.601041e+001  6.500000e+000
    endloop
  endfacet
  facet normal  8.314698e-001 -5.555700e-001  0.000000e+000
    outer loop
      vertex  1.239896e+002  5.601041e+001  6.500000e+000
      vertex  1.239896e+002  5.601041e+001  1.000000e+001
      vertex  1.221470e+002  5.325281e+001  1.000000e+001
    endloop
  endfacet
  facet normal  8.314698e-001 -5.555700e-001  0.000000e+000
    outer loop
      vertex  1.239896e+002  5.601041e+001  6.500000e+000
      vertex  1.221470e+002  5.325281e+001  1.000000e+001
      vertex  1.221470e+002  5.325281e+001  6.500000e+000
    endloop
  endfacet
  facet normal -5.555708e-001 -8.314692e-001  0.000000e+000
    outer loop
      vertex  1.332528e+002  5.785298e+001  6.500000e+000
      vertex  1.360104e+002  5.601041e+001  6.500000e+000
      vertex  1.332528e+002  5.785298e+001  1.000000e+001
    endloop
  endfacet
  facet normal -5.555708e-001 -8.314692e-001  0.000000e+000
    outer loop
      vertex  1.332528e+002  5.785298e+001  1.000000e+001
      vertex  1.360104e+002  5.601041e+001  6.500000e+000
      vertex  1.360104e+002  5.601041e+001  1.000000e+001
    endloop
  endfacet
  facet normal -8.314687e-001 -5.555716e-001  0.000000e+000
    outer loop
      vertex  1.360104e+002  5.601041e+001  6.500000e+000
      vertex  1.378530e+002  5.325281e+001  6.500000e+000
      vertex  1.360104e+002  5.601041e+001  1.000000e+001
    endloop
  endfacet
  facet normal -8.314687e-001 -5.555716e-001  0.000000e+000
    outer loop
      vertex  1.360104e+002  5.601041e+001  1.000000e+001
      vertex  1.378530e+002  5.325281e+001  6.500000e+000
      vertex  1.378530e+002  5.325281e+001  1.000000e+001
    endloop
  endfacet
  facet normal -1.948163e-001  9.794097e-001  5.294554e-002
    outer loop
      vertex  1.300000e+002  4.150000e+001  3.000000e+000
      vertex  1.319344e+002  4.172303e+001  5.991915e+000
      vertex  1.332528e+002  4.214702e+001  3.000000e+000
    endloop
  endfacet
  facet normal -8.390610e-001  9.761476e-002  5.352083e-001
    outer loop
      vertex  1.312445e+002  4.159160e+001  4.934389e+000
      vertex  1.319344e+002  4.172303e+001  5.991915e+000
      vertex  1.300000e+002  4.150000e+001  3.000000e+000
    endloop
  endfacet
  facet normal -7.806219e-002  9.969440e-001  3.013316e-003
    outer loop
      vertex  1.300607e+002  4.150022e+001  4.500922e+000
      vertex  1.312445e+002  4.159160e+001  4.934389e+000
      vertex  1.300000e+002  4.150000e+001  3.000000e+000
    endloop
  endfacet
  facet normal -3.099026e-001  9.507068e-001 -1.081174e-002
    outer loop
      vertex  1.319344e+002  4.172303e+001  7.008085e+000
      vertex  1.332528e+002  4.214702e+001  6.500000e+000
      vertex  1.320000e+002  4.173864e+001  6.500000e+000
    endloop
  endfacet
  facet normal  2.292198e-001  9.726230e-001 -3.824775e-002
    outer loop
      vertex  1.280995e+002  4.171518e+001  7.123052e+000
      vertex  1.267472e+002  4.214702e+001  1.000000e+001
      vertex  1.288501e+002  4.157814e+001  8.136361e+000
    endloop
  endfacet
  facet normal  9.506733e-001  3.098916e-001 -1.369338e-002
    outer loop
      vertex  1.217152e+002  4.809953e+001  7.123052e+000
      vertex  1.221470e+002  4.674719e+001  6.500000e+000
      vertex  1.217386e+002  4.800000e+001  6.500000e+000
    endloop
  endfacet
  facet normal  9.976992e-001  6.779635e-002  0.000000e+000
    outer loop
      vertex  1.215000e+002  5.000000e+001  3.000000e+000
      vertex  1.215000e+002  5.000000e+001  4.500000e+000
      vertex  1.215781e+002  4.885008e+001  4.863639e+000
    endloop
  endfacet
  facet normal  7.561863e-001  5.705740e-001  3.203554e-001
    outer loop
      vertex  1.215000e+002  5.000000e+001  3.000000e+000
      vertex  1.215781e+002  4.885008e+001  4.863639e+000
      vertex  1.217152e+002  4.809953e+001  5.876948e+000
    endloop
  endfacet
  facet normal  9.792771e-001  1.947910e-001  5.543206e-002
    outer loop
      vertex  1.215000e+002  5.000000e+001  3.000000e+000
      vertex  1.217152e+002  4.809953e+001  5.876948e+000
      vertex  1.221470e+002  4.674719e+001  3.000000e+000
    endloop
  endfacet
  facet normal  9.807851e-001  1.950910e-001  0.000000e+000
    outer loop
      vertex  1.215000e+002  5.000000e+001  1.000000e+001
      vertex  1.221470e+002  4.674719e+001  1.000000e+001
      vertex  1.221470e+002  4.674719e+001  6.500000e+000
    endloop
  endfacet
  facet normal  9.105960e-001  3.728963e-001 -1.782231e-001
    outer loop
      vertex  1.215000e+002  5.000000e+001  1.000000e+001
      vertex  1.221470e+002  4.674719e+001  6.500000e+000
      vertex  1.217152e+002  4.809953e+001  7.123052e+000
    endloop
  endfacet
  facet normal  7.561863e-001  5.705740e-001 -3.203554e-001
    outer loop
      vertex  1.215000e+002  5.000000e+001  1.000000e+001
      vertex  1.217152e+002  4.809953e+001  7.123052e+000
      vertex  1.215781e+002  4.885008e+001  8.136361e+000
    endloop
  endfacet
  facet normal  9.976992e-001  6.779635e-002  0.000000e+000
    outer loop
      vertex  1.215000e+002  5.000000e+001  1.000000e+001
      vertex  1.215781e+002  4.885008e+001  8.136361e+000
      vertex  1.215000e+002  5.000000e+001  8.500000e+000
    endloop
  endfacet
  facet normal -9.507641e-001  3.099155e-001  0.000000e+000
    outer loop
      vertex  1.378530e+002  4.674719e+001  3.000000e+000
      vertex  1.378530e+002  4.674719e+001  6.500000e+000
      vertex  1.382614e+002  4.800000e+001  6.500000e+000
    endloop
  endfacet
  facet normal -9.582711e-001  2.857016e-001  9.543120e-003
    outer loop
      vertex  1.378530e+002  4.674719e+001  3.000000e+000
      vertex  1.382614e+002  4.800000e+001  6.500000e+000
      vertex  1.382848e+002  4.809953e+001  5.876948e+000
    endloop
  endfacet
  facet normal -9.726226e-001  2.292213e-001  3.824636e-002
    outer loop
      vertex  1.378530e+002  4.674719e+001  3.000000e+000
      vertex  1.382848e+002  4.809953e+001  5.876948e+000
      vertex  1.384219e+002  4.885008e+001  4.863639e+000
    endloop
  endfacet
  facet normal -9.791340e-001  1.186962e-001  1.649480e-001
    outer loop
      vertex  1.378530e+002  4.674719e+001  3.000000e+000
      vertex  1.384219e+002  4.885008e+001  4.863639e+000
      vertex  1.385000e+002  5.000000e+001  4.500000e+000
    endloop
  endfacet
  facet normal -9.807855e-001  1.950888e-001  0.000000e+000
    outer loop
      vertex  1.378530e+002  4.674719e+001  3.000000e+000
      vertex  1.385000e+002  5.000000e+001  4.500000e+000
      vertex  1.385000e+002  5.000000e+001  3.000000e+000
    endloop
  endfacet
  facet normal  3.099207e-001  9.507625e-001  0.000000e+000
    outer loop
      vertex  1.267472e+002  4.214702e+001  3.000000e+000
      vertex  1.267472e+002  4.214702e+001  6.500000e+000
      vertex  1.280000e+002  4.173864e+001  6.500000e+000
    endloop
  endfacet
  facet normal  2.856907e-001  9.582742e-001  9.549491e-003
    outer loop
      vertex  1.267472e+002  4.214702e+001  3.000000e+000
      vertex  1.280000e+002  4.173864e+001  6.500000e+000
      vertex  1.280995e+002  4.171518e+001  5.876948e+000
    endloop
  endfacet
  facet normal  2.292198e-001  9.726230e-001  3.824775e-002
    outer loop
      vertex  1.267472e+002  4.214702e+001  3.000000e+000
      vertex  1.280995e+002  4.171518e+001  5.876948e+000
      vertex  1.288501e+002  4.157814e+001  4.863639e+000
    endloop
  endfacet
  facet normal  1.139859e-001  9.788015e-001  1.701611e-001
    outer loop
      vertex  1.267472e+002  4.214702e+001  3.000000e+000
      vertex  1.288501e+002  4.157814e+001  4.863639e+000
      vertex  1.300607e+002  4.150022e+001  4.500922e+000
    endloop
  endfacet
  facet normal  1.950836e-001  9.807537e-001 -8.033530e-003
    outer loop
      vertex  1.267472e+002  4.214702e+001  3.000000e+000
      vertex  1.300607e+002  4.150022e+001  4.500922e+000
      vertex  1.300000e+002  4.150000e+001  3.000000e+000
    endloop
  endfacet
  facet normal -9.807855e-001  1.950888e-001  0.000000e+000
    outer loop
      vertex  1.378530e+002  4.674719e+001  1.000000e+001
      vertex  1.385000e+002  5.000000e+001  1.000000e+001
      vertex  1.385000e+002  5.000000e+001  8.500000e+000
    endloop
  endfacet
  facet normal -9.791340e-001  1.186962e-001 -1.649480e-001
    outer loop
      vertex  1.378530e+002  4.674719e+001  1.000000e+001
      vertex  1.385000e+002  5.000000e+001  8.500000e+000
      vertex  1.384219e+002  4.885008e+001  8.136361e+000
    endloop
  endfacet
  facet normal -9.726226e-001  2.292213e-001 -3.824636e-002
    outer loop
      vertex  1.378530e+002  4.674719e+001  1.000000e+001
      vertex  1.384219e+002  4.885008e+001  8.136361e+000
      vertex  1.382848e+002  4.809953e+001  7.123052e+000
    endloop
  endfacet
  facet normal -9.582711e-001  2.857016e-001 -9.543120e-003
    outer loop
      vertex  1.378530e+002  4.674719e+001  1.000000e+001
      vertex  1.382848e+002  4.809953e+001  7.123052e+000
      vertex  1.382614e+002  4.800000e+001  6.500000e+000
    endloop
  endfacet
  facet normal -9.507641e-001  3.099155e-001  0.000000e+000
    outer loop
      vertex  1.378530e+002  4.674719e+001  1.000000e+001
      vertex  1.382614e+002  4.800000e+001  6.500000e+000
      vertex  1.378530e+002  4.674719e+001  6.500000e+000
    endloop
  endfacet
  facet normal -8.314687e-001  5.555716e-001  0.000000e+000
    outer loop
      vertex  1.360104e+002  4.398959e+001  3.000000e+000
      vertex  1.378530e+002  4.674719e+001  6.500000e+000
      vertex  1.378530e+002  4.674719e+001  3.000000e+000
    endloop
  endfacet
  facet normal -8.314687e-001  5.555716e-001  0.000000e+000
    outer loop
      vertex  1.378530e+002  4.674719e+001  6.500000e+000
      vertex  1.360104e+002  4.398959e+001  3.000000e+000
      vertex  1.360104e+002  4.398959e+001  6.500000e+000
    endloop
  endfacet
  facet normal -5.555708e-001  8.314692e-001  0.000000e+000
    outer loop
      vertex  1.360104e+002  4.398959e+001  6.500000e+000
      vertex  1.360104e+002  4.398959e+001  3.000000e+000
      vertex  1.332528e+002  4.214702e+001  3.000000e+000
    endloop
  endfacet
  facet normal -5.555708e-001  8.314692e-001  0.000000e+000
    outer loop
      vertex  1.360104e+002  4.398959e+001  6.500000e+000
      vertex  1.332528e+002  4.214702e+001  3.000000e+000
      vertex  1.332528e+002  4.214702e+001  6.500000e+000
    endloop
  endfacet
  facet normal -3.061469e-001  9.519843e-001  0.000000e+000
    outer loop
      vertex  1.332528e+002  4.214702e+001  6.500000e+000
      vertex  1.332528e+002  4.214702e+001  3.000000e+000
      vertex  1.319344e+002  4.172303e+001  5.991915e+000
    endloop
  endfacet
  facet normal -3.099026e-001  9.507068e-001  1.081174e-002
    outer loop
      vertex  1.332528e+002  4.214702e+001  6.500000e+000
      vertex  1.319344e+002  4.172303e+001  5.991915e+000
      vertex  1.320000e+002  4.173864e+001  6.500000e+000
    endloop
  endfacet
  facet normal  5.555708e-001  8.314692e-001  0.000000e+000
    outer loop
      vertex  1.239896e+002  4.398959e+001  3.000000e+000
      vertex  1.267472e+002  4.214702e+001  6.500000e+000
      vertex  1.267472e+002  4.214702e+001  3.000000e+000
    endloop
  endfacet
  facet normal  5.555708e-001  8.314692e-001  -0.000000e+000
    outer loop
      vertex  1.267472e+002  4.214702e+001  6.500000e+000
      vertex  1.239896e+002  4.398959e+001  3.000000e+000
      vertex  1.239896e+002  4.398959e+001  6.500000e+000
    endloop
  endfacet
  facet normal  8.314698e-001  5.555700e-001  0.000000e+000
    outer loop
      vertex  1.239896e+002  4.398959e+001  6.500000e+000
      vertex  1.239896e+002  4.398959e+001  3.000000e+000
      vertex  1.221470e+002  4.674719e+001  3.000000e+000
    endloop
  endfacet
  facet normal  8.314698e-001  5.555700e-001  -0.000000e+000
    outer loop
      vertex  1.239896e+002  4.398959e+001  6.500000e+000
      vertex  1.221470e+002  4.674719e+001  3.000000e+000
      vertex  1.221470e+002  4.674719e+001  6.500000e+000
    endloop
  endfacet
  facet normal  9.526080e-001  3.042006e-001  0.000000e+000
    outer loop
      vertex  1.221470e+002  4.674719e+001  6.500000e+000
      vertex  1.221470e+002  4.674719e+001  3.000000e+000
      vertex  1.217152e+002  4.809953e+001  5.876948e+000
    endloop
  endfacet
  facet normal  9.506733e-001  3.098916e-001  1.369338e-002
    outer loop
      vertex  1.221470e+002  4.674719e+001  6.500000e+000
      vertex  1.217152e+002  4.809953e+001  5.876948e+000
      vertex  1.217386e+002  4.800000e+001  6.500000e+000
    endloop
  endfacet
  facet normal -8.390610e-001  9.761476e-002 -5.352083e-001
    outer loop
      vertex  1.312445e+002  4.159160e+001  8.065611e+000
      vertex  1.300000e+002  4.150000e+001  1.000000e+001
      vertex  1.319344e+002  4.172303e+001  7.008085e+000
    endloop
  endfacet
  facet normal -1.948163e-001  9.794097e-001 -5.294554e-002
    outer loop
      vertex  1.319344e+002  4.172303e+001  7.008085e+000
      vertex  1.300000e+002  4.150000e+001  1.000000e+001
      vertex  1.332528e+002  4.214702e+001  1.000000e+001
    endloop
  endfacet
  facet normal -3.061469e-001  9.519843e-001  0.000000e+000
    outer loop
      vertex  1.319344e+002  4.172303e+001  7.008085e+000
      vertex  1.332528e+002  4.214702e+001  1.000000e+001
      vertex  1.332528e+002  4.214702e+001  6.500000e+000
    endloop
  endfacet
  facet normal -5.555708e-001  8.314692e-001  0.000000e+000
    outer loop
      vertex  1.332528e+002  4.214702e+001  6.500000e+000
      vertex  1.332528e+002  4.214702e+001  1.000000e+001
      vertex  1.360104e+002  4.398959e+001  1.000000e+001
    endloop
  endfacet
  facet normal -5.555708e-001  8.314692e-001  0.000000e+000
    outer loop
      vertex  1.332528e+002  4.214702e+001  6.500000e+000
      vertex  1.360104e+002  4.398959e+001  1.000000e+001
      vertex  1.360104e+002  4.398959e+001  6.500000e+000
    endloop
  endfacet
  facet normal -8.314687e-001  5.555716e-001  0.000000e+000
    outer loop
      vertex  1.360104e+002  4.398959e+001  6.500000e+000
      vertex  1.360104e+002  4.398959e+001  1.000000e+001
      vertex  1.378530e+002  4.674719e+001  1.000000e+001
    endloop
  endfacet
  facet normal -8.314687e-001  5.555716e-001  0.000000e+000
    outer loop
      vertex  1.360104e+002  4.398959e+001  6.500000e+000
      vertex  1.378530e+002  4.674719e+001  1.000000e+001
      vertex  1.378530e+002  4.674719e+001  6.500000e+000
    endloop
  endfacet
  facet normal  3.098916e-001  9.506732e-001 -1.370123e-002
    outer loop
      vertex  1.267472e+002  4.214702e+001  6.500000e+000
      vertex  1.280995e+002  4.171518e+001  7.123052e+000
      vertex  1.280000e+002  4.173864e+001  6.500000e+000
    endloop
  endfacet
  facet normal  3.041973e-001  9.526091e-001  -0.000000e+000
    outer loop
      vertex  1.280995e+002  4.171518e+001  7.123052e+000
      vertex  1.267472e+002  4.214702e+001  6.500000e+000
      vertex  1.267472e+002  4.214702e+001  1.000000e+001
    endloop
  endfacet
  facet normal  5.555708e-001  8.314692e-001  0.000000e+000
    outer loop
      vertex  1.267472e+002  4.214702e+001  1.000000e+001
      vertex  1.267472e+002  4.214702e+001  6.500000e+000
      vertex  1.239896e+002  4.398959e+001  6.500000e+000
    endloop
  endfacet
  facet normal  5.555708e-001  8.314692e-001  -0.000000e+000
    outer loop
      vertex  1.267472e+002  4.214702e+001  1.000000e+001
      vertex  1.239896e+002  4.398959e+001  6.500000e+000
      vertex  1.239896e+002  4.398959e+001  1.000000e+001
    endloop
  endfacet
  facet normal  8.314698e-001  5.555700e-001  0.000000e+000
    outer loop
      vertex  1.239896e+002  4.398959e+001  1.000000e+001
      vertex  1.239896e+002  4.398959e+001  6.500000e+000
      vertex  1.221470e+002  4.674719e+001  6.500000e+000
    endloop
  endfacet
  facet normal  8.314698e-001  5.555700e-001  -0.000000e+000
    outer loop
      vertex  1.239896e+002  4.398959e+001  1.000000e+001
      vertex  1.221470e+002  4.674719e+001  6.500000e+000
      vertex  1.221470e+002  4.674719e+001  1.000000e+001
    endloop
  endfacet
  facet normal -7.806218e-002  9.969439e-001 -3.013314e-003
    outer loop
      vertex  1.312445e+002  4.159160e+001  8.065611e+000
      vertex  1.300607e+002  4.150022e+001  8.499078e+000
      vertex  1.300000e+002  4.150000e+001  1.000000e+001
    endloop
  endfacet
  facet normal  6.342667e-002  9.979828e-001  2.710288e-003
    outer loop
      vertex  1.300000e+002  4.150000e+001  1.000000e+001
      vertex  1.300607e+002  4.150022e+001  8.499078e+000
      vertex  1.288501e+002  4.157814e+001  8.136361e+000
    endloop
  endfacet
  facet normal  1.944801e-001  9.777198e-001 -7.900303e-002
    outer loop
      vertex  1.300000e+002  4.150000e+001  1.000000e+001
      vertex  1.288501e+002  4.157814e+001  8.136361e+000
      vertex  1.267472e+002  4.214702e+001  1.000000e+001
    endloop
  endfacet
  facet normal  1.944966e-001 -9.777998e-001 -7.796513e-002
    outer loop
      vertex  1.338268e+002  4.076120e+001  3.000000e+000
      vertex  1.316746e+002  4.014122e+001  5.406549e+000
      vertex  1.300000e+002  4.000000e+001  3.000000e+000
    endloop
  endfacet
  facet normal  1.598393e-001 -9.856985e-001 -5.338502e-002
    outer loop
      vertex  1.300000e+002  4.000000e+001  3.000000e+000
      vertex  1.316746e+002  4.014122e+001  5.406549e+000
      vertex  1.306877e+002  4.002367e+001  4.621957e+000
    endloop
  endfacet
  facet normal  5.313277e-003 -9.999097e-001  1.234179e-002
    outer loop
      vertex  1.306877e+002  4.002367e+001  4.621957e+000
      vertex  1.294258e+002  4.001650e+001  4.584207e+000
      vertex  1.300000e+002  4.000000e+001  3.000000e+000
    endloop
  endfacet
  facet normal  2.925123e-001 -9.556613e-001  3.388241e-002
    outer loop
      vertex  1.320000e+002  4.020204e+001  6.500000e+000
      vertex  1.338268e+002  4.076120e+001  6.500000e+000
      vertex  1.316746e+002  4.014122e+001  7.593451e+000
    endloop
  endfacet
  facet normal  5.313287e-003 -9.999097e-001 -1.234179e-002
    outer loop
      vertex  1.306877e+002  4.002367e+001  8.378043e+000
      vertex  1.300000e+002  4.000000e+001  1.000000e+001
      vertex  1.294258e+002  4.001650e+001  8.415792e+000
    endloop
  endfacet
  facet normal -9.554944e-001 -2.924620e-001  3.868113e-002
    outer loop
      vertex  1.202020e+002  4.800000e+001  6.500000e+000
      vertex  1.207612e+002  4.617316e+001  6.500000e+000
      vertex  1.201300e+002  4.839278e+001  7.690311e+000
    endloop
  endfacet
  facet normal -9.776188e-001 -1.944611e-001 -8.029072e-002
    outer loop
      vertex  1.200000e+002  5.000000e+001  3.000000e+000
      vertex  1.207612e+002  4.617316e+001  3.000000e+000
      vertex  1.201300e+002  4.839278e+001  5.309689e+000
    endloop
  endfacet
  facet normal -9.899114e-001 -1.361981e-001 -3.905593e-002
    outer loop
      vertex  1.200000e+002  5.000000e+001  3.000000e+000
      vertex  1.201300e+002  4.839278e+001  5.309689e+000
      vertex  1.200165e+002  4.942577e+001  4.584207e+000
    endloop
  endfacet
  facet normal -9.995873e-001 -2.872660e-002  0.000000e+000
    outer loop
      vertex  1.200000e+002  5.000000e+001  3.000000e+000
      vertex  1.200165e+002  4.942577e+001  4.584207e+000
      vertex  1.200000e+002  5.000000e+001  4.500000e+000
    endloop
  endfacet
  facet normal -9.995873e-001 -2.872660e-002  0.000000e+000
    outer loop
      vertex  1.200000e+002  5.000000e+001  1.000000e+001
      vertex  1.200000e+002  5.000000e+001  8.500000e+000
      vertex  1.200165e+002  4.942577e+001  8.415792e+000
    endloop
  endfacet
  facet normal -9.899116e-001 -1.361981e-001  3.905591e-002
    outer loop
      vertex  1.200000e+002  5.000000e+001  1.000000e+001
      vertex  1.200165e+002  4.942577e+001  8.415792e+000
      vertex  1.201300e+002  4.839278e+001  7.690311e+000
    endloop
  endfacet
  facet normal -9.070425e-001 -3.678196e-001  2.048964e-001
    outer loop
      vertex  1.200000e+002  5.000000e+001  1.000000e+001
      vertex  1.201300e+002  4.839278e+001  7.690311e+000
      vertex  1.207612e+002  4.617316e+001  6.500000e+000
    endloop
  endfacet
  facet normal -9.807851e-001 -1.950910e-001  0.000000e+000
    outer loop
      vertex  1.200000e+002  5.000000e+001  1.000000e+001
      vertex  1.207612e+002  4.617316e+001  6.500000e+000
      vertex  1.207612e+002  4.617316e+001  1.000000e+001
    endloop
  endfacet
  facet normal  9.807855e-001 -1.950891e-001  0.000000e+000
    outer loop
      vertex  1.392388e+002  4.617316e+001  3.000000e+000
      vertex  1.400000e+002  5.000000e+001  3.000000e+000
      vertex  1.400000e+002  5.000000e+001  4.500000e+000
    endloop
  endfacet
  facet normal  9.511001e-001 -7.139003e-002 -3.005196e-001
    outer loop
      vertex  1.392388e+002  4.617316e+001  3.000000e+000
      vertex  1.400000e+002  5.000000e+001  4.500000e+000
      vertex  1.399835e+002  4.942577e+001  4.584207e+000
    endloop
  endfacet
  facet normal  9.794075e-001 -1.764846e-001 -9.805179e-002
    outer loop
      vertex  1.392388e+002  4.617316e+001  3.000000e+000
      vertex  1.399835e+002  4.942577e+001  4.584207e+000
      vertex  1.398700e+002  4.839278e+001  5.309689e+000
    endloop
  endfacet
  facet normal  9.678814e-001 -2.502584e-001 -2.400512e-002
    outer loop
      vertex  1.392388e+002  4.617316e+001  3.000000e+000
      vertex  1.398700e+002  4.839278e+001  5.309689e+000
      vertex  1.397980e+002  4.800000e+001  6.500000e+000
    endloop
  endfacet
  facet normal  9.562113e-001 -2.926774e-001  0.000000e+000
    outer loop
      vertex  1.392388e+002  4.617316e+001  3.000000e+000
      vertex  1.397980e+002  4.800000e+001  6.500000e+000
      vertex  1.392388e+002  4.617316e+001  6.500000e+000
    endloop
  endfacet
  facet normal -1.947340e-001 -9.789954e-001 -6.038802e-002
    outer loop
      vertex  1.261732e+002  4.076120e+001  3.000000e+000
      vertex  1.300000e+002  4.000000e+001  3.000000e+000
      vertex  1.294258e+002  4.001650e+001  4.584207e+000
    endloop
  endfacet
  facet normal -1.764800e-001 -9.794075e-001 -9.805975e-002
    outer loop
      vertex  1.261732e+002  4.076120e+001  3.000000e+000
      vertex  1.294258e+002  4.001650e+001  4.584207e+000
      vertex  1.283928e+002  4.013000e+001  5.309689e+000
    endloop
  endfacet
  facet normal -2.502639e-001 -9.678800e-001 -2.400310e-002
    outer loop
      vertex  1.261732e+002  4.076120e+001  3.000000e+000
      vertex  1.283928e+002  4.013000e+001  5.309689e+000
      vertex  1.280000e+002  4.020204e+001  6.500000e+000
    endloop
  endfacet
  facet normal -2.926792e-001 -9.562106e-001  0.000000e+000
    outer loop
      vertex  1.261732e+002  4.076120e+001  3.000000e+000
      vertex  1.280000e+002  4.020204e+001  6.500000e+000
      vertex  1.261732e+002  4.076120e+001  6.500000e+000
    endloop
  endfacet
  facet normal  9.562113e-001 -2.926774e-001  0.000000e+000
    outer loop
      vertex  1.392388e+002  4.617316e+001  1.000000e+001
      vertex  1.392388e+002  4.617316e+001  6.500000e+000
      vertex  1.397980e+002  4.800000e+001  6.500000e+000
    endloop
  endfacet
  facet normal  9.678814e-001 -2.502584e-001  2.400512e-002
    outer loop
      vertex  1.392388e+002  4.617316e+001  1.000000e+001
      vertex  1.397980e+002  4.800000e+001  6.500000e+000
      vertex  1.398700e+002  4.839278e+001  7.690311e+000
    endloop
  endfacet
  facet normal  9.794075e-001 -1.764846e-001  9.805181e-002
    outer loop
      vertex  1.392388e+002  4.617316e+001  1.000000e+001
      vertex  1.398700e+002  4.839278e+001  7.690311e+000
      vertex  1.399835e+002  4.942577e+001  8.415792e+000
    endloop
  endfacet
  facet normal  9.511002e-001 -7.139021e-002  3.005192e-001
    outer loop
      vertex  1.392388e+002  4.617316e+001  1.000000e+001
      vertex  1.399835e+002  4.942577e+001  8.415792e+000
      vertex  1.400000e+002  5.000000e+001  8.500000e+000
    endloop
  endfacet
  facet normal  9.807855e-001 -1.950891e-001  0.000000e+000
    outer loop
      vertex  1.392388e+002  4.617316e+001  1.000000e+001
      vertex  1.400000e+002  5.000000e+001  8.500000e+000
      vertex  1.400000e+002  5.000000e+001  1.000000e+001
    endloop
  endfacet
  facet normal -2.926792e-001 -9.562106e-001  0.000000e+000
    outer loop
      vertex  1.261732e+002  4.076120e+001  1.000000e+001
      vertex  1.261732e+002  4.076120e+001  6.500000e+000
      vertex  1.280000e+002  4.020204e+001  6.500000e+000
    endloop
  endfacet
  facet normal -2.502639e-001 -9.678800e-001  2.400310e-002
    outer loop
      vertex  1.261732e+002  4.076120e+001  1.000000e+001
      vertex  1.280000e+002  4.020204e+001  6.500000e+000
      vertex  1.283928e+002  4.013000e+001  7.690311e+000
    endloop
  endfacet
  facet normal -1.764800e-001 -9.794076e-001  9.805979e-002
    outer loop
      vertex  1.261732e+002  4.076120e+001  1.000000e+001
      vertex  1.283928e+002  4.013000e+001  7.690311e+000
      vertex  1.294258e+002  4.001650e+001  8.415792e+000
    endloop
  endfacet
  facet normal -1.947340e-001 -9.789954e-001  6.038800e-002
    outer loop
      vertex  1.261732e+002  4.076120e+001  1.000000e+001
      vertex  1.294258e+002  4.001650e+001  8.415792e+000
      vertex  1.300000e+002  4.000000e+001  1.000000e+001
    endloop
  endfacet
  facet normal  8.314698e-001 -5.555699e-001  0.000000e+000
    outer loop
      vertex  1.392388e+002  4.617316e+001  3.000000e+000
      vertex  1.392388e+002  4.617316e+001  6.500000e+000
      vertex  1.370711e+002  4.292893e+001  3.000000e+000
    endloop
  endfacet
  facet normal  8.314698e-001 -5.555699e-001  0.000000e+000
    outer loop
      vertex  1.370711e+002  4.292893e+001  3.000000e+000
      vertex  1.392388e+002  4.617316e+001  6.500000e+000
      vertex  1.370711e+002  4.292893e+001  6.500000e+000
    endloop
  endfacet
  facet normal  5.555687e-001 -8.314705e-001  0.000000e+000
    outer loop
      vertex  1.370711e+002  4.292893e+001  3.000000e+000
      vertex  1.370711e+002  4.292893e+001  6.500000e+000
      vertex  1.338268e+002  4.076120e+001  3.000000e+000
    endloop
  endfacet
  facet normal  5.555687e-001 -8.314705e-001  0.000000e+000
    outer loop
      vertex  1.338268e+002  4.076120e+001  3.000000e+000
      vertex  1.370711e+002  4.292893e+001  6.500000e+000
      vertex  1.338268e+002  4.076120e+001  6.500000e+000
    endloop
  endfacet
  facet normal  2.768139e-001 -9.609235e-001  0.000000e+000
    outer loop
      vertex  1.338268e+002  4.076120e+001  3.000000e+000
      vertex  1.338268e+002  4.076120e+001  6.500000e+000
      vertex  1.316746e+002  4.014122e+001  5.406549e+000
    endloop
  endfacet
  facet normal  2.925123e-001 -9.556613e-001 -3.388241e-002
    outer loop
      vertex  1.316746e+002  4.014122e+001  5.406549e+000
      vertex  1.338268e+002  4.076120e+001  6.500000e+000
      vertex  1.320000e+002  4.020204e+001  6.500000e+000
    endloop
  endfacet
  facet normal -5.555705e-001 -8.314694e-001  -0.000000e+000
    outer loop
      vertex  1.261732e+002  4.076120e+001  3.000000e+000
      vertex  1.261732e+002  4.076120e+001  6.500000e+000
      vertex  1.229289e+002  4.292893e+001  3.000000e+000
    endloop
  endfacet
  facet normal -5.555705e-001 -8.314694e-001  0.000000e+000
    outer loop
      vertex  1.229289e+002  4.292893e+001  3.000000e+000
      vertex  1.261732e+002  4.076120e+001  6.500000e+000
      vertex  1.229289e+002  4.292893e+001  6.500000e+000
    endloop
  endfacet
  facet normal -8.314698e-001 -5.555699e-001  -0.000000e+000
    outer loop
      vertex  1.229289e+002  4.292893e+001  3.000000e+000
      vertex  1.229289e+002  4.292893e+001  6.500000e+000
      vertex  1.207612e+002  4.617316e+001  3.000000e+000
    endloop
  endfacet
  facet normal -8.314698e-001 -5.555699e-001  0.000000e+000
    outer loop
      vertex  1.207612e+002  4.617316e+001  3.000000e+000
      vertex  1.229289e+002  4.292893e+001  6.500000e+000
      vertex  1.207612e+002  4.617316e+001  6.500000e+000
    endloop
  endfacet
  facet normal -9.618635e-001 -2.735297e-001  -0.000000e+000
    outer loop
      vertex  1.207612e+002  4.617316e+001  3.000000e+000
      vertex  1.207612e+002  4.617316e+001  6.500000e+000
      vertex  1.201300e+002  4.839278e+001  5.309689e+000
    endloop
  endfacet
  facet normal -9.554944e-001 -2.924620e-001 -3.868113e-002
    outer loop
      vertex  1.201300e+002  4.839278e+001  5.309689e+000
      vertex  1.207612e+002  4.617316e+001  6.500000e+000
      vertex  1.202020e+002  4.800000e+001  6.500000e+000
    endloop
  endfacet
  facet normal  8.314698e-001 -5.555699e-001  0.000000e+000
    outer loop
      vertex  1.392388e+002  4.617316e+001  6.500000e+000
      vertex  1.392388e+002  4.617316e+001  1.000000e+001
      vertex  1.370711e+002  4.292893e+001  6.500000e+000
    endloop
  endfacet
  facet normal  8.314698e-001 -5.555699e-001  0.000000e+000
    outer loop
      vertex  1.370711e+002  4.292893e+001  6.500000e+000
      vertex  1.392388e+002  4.617316e+001  1.000000e+001
      vertex  1.370711e+002  4.292893e+001  1.000000e+001
    endloop
  endfacet
  facet normal  5.555687e-001 -8.314705e-001  0.000000e+000
    outer loop
      vertex  1.370711e+002  4.292893e+001  6.500000e+000
      vertex  1.370711e+002  4.292893e+001  1.000000e+001
      vertex  1.338268e+002  4.076120e+001  6.500000e+000
    endloop
  endfacet
  facet normal  5.555687e-001 -8.314705e-001  0.000000e+000
    outer loop
      vertex  1.338268e+002  4.076120e+001  6.500000e+000
      vertex  1.370711e+002  4.292893e+001  1.000000e+001
      vertex  1.338268e+002  4.076120e+001  1.000000e+001
    endloop
  endfacet
  facet normal  2.768139e-001 -9.609235e-001  0.000000e+000
    outer loop
      vertex  1.338268e+002  4.076120e+001  6.500000e+000
      vertex  1.338268e+002  4.076120e+001  1.000000e+001
      vertex  1.316746e+002  4.014122e+001  7.593451e+000
    endloop
  endfacet
  facet normal  1.944966e-001 -9.777998e-001  7.796513e-002
    outer loop
      vertex  1.316746e+002  4.014122e+001  7.593451e+000
      vertex  1.338268e+002  4.076120e+001  1.000000e+001
      vertex  1.300000e+002  4.000000e+001  1.000000e+001
    endloop
  endfacet
  facet normal  1.598394e-001 -9.856985e-001  5.338506e-002
    outer loop
      vertex  1.316746e+002  4.014122e+001  7.593451e+000
      vertex  1.300000e+002  4.000000e+001  1.000000e+001
      vertex  1.306877e+002  4.002367e+001  8.378043e+000
    endloop
  endfacet
  facet normal -5.555705e-001 -8.314694e-001  -0.000000e+000
    outer loop
      vertex  1.261732e+002  4.076120e+001  6.500000e+000
      vertex  1.261732e+002  4.076120e+001  1.000000e+001
      vertex  1.229289e+002  4.292893e+001  6.500000e+000
    endloop
  endfacet
  facet normal -5.555705e-001 -8.314694e-001  0.000000e+000
    outer loop
      vertex  1.229289e+002  4.292893e+001  6.500000e+000
      vertex  1.261732e+002  4.076120e+001  1.000000e+001
      vertex  1.229289e+002  4.292893e+001  1.000000e+001
    endloop
  endfacet
  facet normal -8.314698e-001 -5.555699e-001  -0.000000e+000
    outer loop
      vertex  1.229289e+002  4.292893e+001  6.500000e+000
      vertex  1.229289e+002  4.292893e+001  1.000000e+001
      vertex  1.207612e+002  4.617316e+001  6.500000e+000
    endloop
  endfacet
  facet normal -8.314698e-001 -5.555699e-001  0.000000e+000
    outer loop
      vertex  1.207612e+002  4.617316e+001  6.500000e+000
      vertex  1.229289e+002  4.292893e+001  1.000000e+001
      vertex  1.207612e+002  4.617316e+001  1.000000e+001
    endloop
  endfacet
  facet normal -1.944602e-001  9.776188e-001 -8.029198e-002
    outer loop
      vertex  1.261732e+002  5.923880e+001  3.000000e+000
      vertex  1.283928e+002  5.987000e+001  5.309689e+000
      vertex  1.300000e+002  6.000000e+001  3.000000e+000
    endloop
  endfacet
  facet normal -1.361946e-001  9.899120e-001 -3.905530e-002
    outer loop
      vertex  1.300000e+002  6.000000e+001  3.000000e+000
      vertex  1.283928e+002  5.987000e+001  5.309689e+000
      vertex  1.294258e+002  5.998350e+001  4.584207e+000
    endloop
  endfacet
  facet normal  5.313277e-003  9.999097e-001  1.234179e-002
    outer loop
      vertex  1.300000e+002  6.000000e+001  3.000000e+000
      vertex  1.294258e+002  5.998350e+001  4.584207e+000
      vertex  1.306877e+002  5.997633e+001  4.621957e+000
    endloop
  endfacet
  facet normal -2.924603e-001  9.554953e-001  3.867651e-002
    outer loop
      vertex  1.280000e+002  5.979796e+001  6.500000e+000
      vertex  1.261732e+002  5.923880e+001  6.500000e+000
      vertex  1.283928e+002  5.987000e+001  7.690311e+000
    endloop
  endfacet
  facet normal  9.554957e-001  2.924584e-001  3.867987e-002
    outer loop
      vertex  1.397980e+002  5.200000e+001  6.500000e+000
      vertex  1.392388e+002  5.382684e+001  6.500000e+000
      vertex  1.398700e+002  5.160722e+001  7.690311e+000
    endloop
  endfacet
  facet normal  9.776192e-001  1.944593e-001 -8.028939e-002
    outer loop
      vertex  1.400000e+002  5.000000e+001  3.000000e+000
      vertex  1.392388e+002  5.382684e+001  3.000000e+000
      vertex  1.398700e+002  5.160722e+001  5.309689e+000
    endloop
  endfacet
  facet normal  9.899091e-001  1.362121e-001 -3.906579e-002
    outer loop
      vertex  1.400000e+002  5.000000e+001  3.000000e+000
      vertex  1.398700e+002  5.160722e+001  5.309689e+000
      vertex  1.399835e+002  5.057423e+001  4.584207e+000
    endloop
  endfacet
  facet normal  9.995877e-001  2.871333e-002  0.000000e+000
    outer loop
      vertex  1.400000e+002  5.000000e+001  3.000000e+000
      vertex  1.399835e+002  5.057423e+001  4.584207e+000
      vertex  1.400000e+002  5.000000e+001  4.500000e+000
    endloop
  endfacet
  facet normal  9.995877e-001  2.871333e-002  -0.000000e+000
    outer loop
      vertex  1.400000e+002  5.000000e+001  1.000000e+001
      vertex  1.400000e+002  5.000000e+001  8.500000e+000
      vertex  1.399835e+002  5.057423e+001  8.415792e+000
    endloop
  endfacet
  facet normal  9.899092e-001  1.362121e-001  3.906576e-002
    outer loop
      vertex  1.400000e+002  5.000000e+001  1.000000e+001
      vertex  1.399835e+002  5.057423e+001  8.415792e+000
      vertex  1.398700e+002  5.160722e+001  7.690311e+000
    endloop
  endfacet
  facet normal  9.070448e-001  3.678156e-001  2.048935e-001
    outer loop
      vertex  1.400000e+002  5.000000e+001  1.000000e+001
      vertex  1.398700e+002  5.160722e+001  7.690311e+000
      vertex  1.392388e+002  5.382684e+001  6.500000e+000
    endloop
  endfacet
  facet normal  9.807856e-001  1.950891e-001  -0.000000e+000
    outer loop
      vertex  1.400000e+002  5.000000e+001  1.000000e+001
      vertex  1.392388e+002  5.382684e+001  6.500000e+000
      vertex  1.392388e+002  5.382684e+001  1.000000e+001
    endloop
  endfacet
  facet normal -9.807853e-001  1.950910e-001  0.000000e+000
    outer loop
      vertex  1.207612e+002  5.382684e+001  3.000000e+000
      vertex  1.200000e+002  5.000000e+001  3.000000e+000
      vertex  1.200000e+002  5.000000e+001  4.500000e+000
    endloop
  endfacet
  facet normal -9.511051e-001  7.140011e-002 -3.005013e-001
    outer loop
      vertex  1.207612e+002  5.382684e+001  3.000000e+000
      vertex  1.200000e+002  5.000000e+001  4.500000e+000
      vertex  1.200165e+002  5.057423e+001  4.584207e+000
    endloop
  endfacet
  facet normal -9.794075e-001  1.764817e-001 -9.805787e-002
    outer loop
      vertex  1.207612e+002  5.382684e+001  3.000000e+000
      vertex  1.200165e+002  5.057423e+001  4.584207e+000
      vertex  1.201300e+002  5.160722e+001  5.309689e+000
    endloop
  endfacet
  facet normal -9.678808e-001  2.502608e-001 -2.400592e-002
    outer loop
      vertex  1.207612e+002  5.382684e+001  3.000000e+000
      vertex  1.201300e+002  5.160722e+001  5.309689e+000
      vertex  1.202020e+002  5.200000e+001  6.500000e+000
    endloop
  endfacet
  facet normal -9.562101e-001  2.926810e-001  0.000000e+000
    outer loop
      vertex  1.207612e+002  5.382684e+001  3.000000e+000
      vertex  1.202020e+002  5.200000e+001  6.500000e+000
      vertex  1.207612e+002  5.382684e+001  6.500000e+000
    endloop
  endfacet
  facet normal  1.946356e-001  9.784988e-001 -6.824382e-002
    outer loop
      vertex  1.338268e+002  5.923880e+001  3.000000e+000
      vertex  1.300000e+002  6.000000e+001  3.000000e+000
      vertex  1.306877e+002  5.997633e+001  4.621957e+000
    endloop
  endfacet
  facet normal  1.853144e-001  9.788691e-001 -8.645232e-002
    outer loop
      vertex  1.338268e+002  5.923880e+001  3.000000e+000
      vertex  1.306877e+002  5.997633e+001  4.621957e+000
      vertex  1.316746e+002  5.985878e+001  5.406549e+000
    endloop
  endfacet
  facet normal  2.541282e-001  9.669240e-001 -2.183394e-002
    outer loop
      vertex  1.338268e+002  5.923880e+001  3.000000e+000
      vertex  1.316746e+002  5.985878e+001  5.406549e+000
      vertex  1.320000e+002  5.979796e+001  6.500000e+000
    endloop
  endfacet
  facet normal  2.926803e-001  9.562103e-001  0.000000e+000
    outer loop
      vertex  1.338268e+002  5.923880e+001  3.000000e+000
      vertex  1.320000e+002  5.979796e+001  6.500000e+000
      vertex  1.338268e+002  5.923880e+001  6.500000e+000
    endloop
  endfacet
  facet normal -9.562101e-001  2.926810e-001  0.000000e+000
    outer loop
      vertex  1.207612e+002  5.382684e+001  1.000000e+001
      vertex  1.207612e+002  5.382684e+001  6.500000e+000
      vertex  1.202020e+002  5.200000e+001  6.500000e+000
    endloop
  endfacet
  facet normal -9.678808e-001  2.502608e-001  2.400592e-002
    outer loop
      vertex  1.207612e+002  5.382684e+001  1.000000e+001
      vertex  1.202020e+002  5.200000e+001  6.500000e+000
      vertex  1.201300e+002  5.160722e+001  7.690311e+000
    endloop
  endfacet
  facet normal -9.794075e-001  1.764816e-001  9.805790e-002
    outer loop
      vertex  1.207612e+002  5.382684e+001  1.000000e+001
      vertex  1.201300e+002  5.160722e+001  7.690311e+000
      vertex  1.200165e+002  5.057423e+001  8.415792e+000
    endloop
  endfacet
  facet normal -9.511052e-001  7.140031e-002  3.005009e-001
    outer loop
      vertex  1.207612e+002  5.382684e+001  1.000000e+001
      vertex  1.200165e+002  5.057423e+001  8.415792e+000
      vertex  1.200000e+002  5.000000e+001  8.500000e+000
    endloop
  endfacet
  facet normal -9.807853e-001  1.950910e-001  0.000000e+000
    outer loop
      vertex  1.207612e+002  5.382684e+001  1.000000e+001
      vertex  1.200000e+002  5.000000e+001  8.500000e+000
      vertex  1.200000e+002  5.000000e+001  1.000000e+001
    endloop
  endfacet
  facet normal -8.314698e-001  5.555699e-001  0.000000e+000
    outer loop
      vertex  1.207612e+002  5.382684e+001  3.000000e+000
      vertex  1.207612e+002  5.382684e+001  6.500000e+000
      vertex  1.229289e+002  5.707107e+001  3.000000e+000
    endloop
  endfacet
  facet normal -8.314698e-001  5.555699e-001  0.000000e+000
    outer loop
      vertex  1.229289e+002  5.707107e+001  3.000000e+000
      vertex  1.207612e+002  5.382684e+001  6.500000e+000
      vertex  1.229289e+002  5.707107e+001  6.500000e+000
    endloop
  endfacet
  facet normal -5.555705e-001  8.314694e-001  0.000000e+000
    outer loop
      vertex  1.229289e+002  5.707107e+001  3.000000e+000
      vertex  1.229289e+002  5.707107e+001  6.500000e+000
      vertex  1.261732e+002  5.923880e+001  3.000000e+000
    endloop
  endfacet
  facet normal -5.555705e-001  8.314694e-001  0.000000e+000
    outer loop
      vertex  1.261732e+002  5.923880e+001  3.000000e+000
      vertex  1.229289e+002  5.707107e+001  6.500000e+000
      vertex  1.261732e+002  5.923880e+001  6.500000e+000
    endloop
  endfacet
  facet normal -2.735301e-001  9.618635e-001  0.000000e+000
    outer loop
      vertex  1.261732e+002  5.923880e+001  3.000000e+000
      vertex  1.261732e+002  5.923880e+001  6.500000e+000
      vertex  1.283928e+002  5.987000e+001  5.309689e+000
    endloop
  endfacet
  facet normal -2.924603e-001  9.554953e-001 -3.867651e-002
    outer loop
      vertex  1.283928e+002  5.987000e+001  5.309689e+000
      vertex  1.261732e+002  5.923880e+001  6.500000e+000
      vertex  1.280000e+002  5.979796e+001  6.500000e+000
    endloop
  endfacet
  facet normal  5.555687e-001  8.314705e-001  0.000000e+000
    outer loop
      vertex  1.338268e+002  5.923880e+001  3.000000e+000
      vertex  1.338268e+002  5.923880e+001  6.500000e+000
      vertex  1.370711e+002  5.707107e+001  3.000000e+000
    endloop
  endfacet
  facet normal  5.555687e-001  8.314705e-001  -0.000000e+000
    outer loop
      vertex  1.370711e+002  5.707107e+001  3.000000e+000
      vertex  1.338268e+002  5.923880e+001  6.500000e+000
      vertex  1.370711e+002  5.707107e+001  6.500000e+000
    endloop
  endfacet
  facet normal  8.314698e-001  5.555699e-001  0.000000e+000
    outer loop
      vertex  1.370711e+002  5.707107e+001  3.000000e+000
      vertex  1.370711e+002  5.707107e+001  6.500000e+000
      vertex  1.392388e+002  5.382684e+001  3.000000e+000
    endloop
  endfacet
  facet normal  8.314698e-001  5.555699e-001  -0.000000e+000
    outer loop
      vertex  1.392388e+002  5.382684e+001  3.000000e+000
      vertex  1.370711e+002  5.707107e+001  6.500000e+000
      vertex  1.392388e+002  5.382684e+001  6.500000e+000
    endloop
  endfacet
  facet normal  9.618644e-001  2.735266e-001  0.000000e+000
    outer loop
      vertex  1.392388e+002  5.382684e+001  3.000000e+000
      vertex  1.392388e+002  5.382684e+001  6.500000e+000
      vertex  1.398700e+002  5.160722e+001  5.309689e+000
    endloop
  endfacet
  facet normal  9.554957e-001  2.924584e-001 -3.867987e-002
    outer loop
      vertex  1.398700e+002  5.160722e+001  5.309689e+000
      vertex  1.392388e+002  5.382684e+001  6.500000e+000
      vertex  1.397980e+002  5.200000e+001  6.500000e+000
    endloop
  endfacet
  facet normal -8.314698e-001  5.555699e-001  0.000000e+000
    outer loop
      vertex  1.207612e+002  5.382684e+001  6.500000e+000
      vertex  1.207612e+002  5.382684e+001  1.000000e+001
      vertex  1.229289e+002  5.707107e+001  6.500000e+000
    endloop
  endfacet
  facet normal -8.314698e-001  5.555699e-001  0.000000e+000
    outer loop
      vertex  1.229289e+002  5.707107e+001  6.500000e+000
      vertex  1.207612e+002  5.382684e+001  1.000000e+001
      vertex  1.229289e+002  5.707107e+001  1.000000e+001
    endloop
  endfacet
  facet normal -5.555705e-001  8.314694e-001  0.000000e+000
    outer loop
      vertex  1.229289e+002  5.707107e+001  6.500000e+000
      vertex  1.229289e+002  5.707107e+001  1.000000e+001
      vertex  1.261732e+002  5.923880e+001  6.500000e+000
    endloop
  endfacet
  facet normal -5.555705e-001  8.314694e-001  0.000000e+000
    outer loop
      vertex  1.261732e+002  5.923880e+001  6.500000e+000
      vertex  1.229289e+002  5.707107e+001  1.000000e+001
      vertex  1.261732e+002  5.923880e+001  1.000000e+001
    endloop
  endfacet
  facet normal -2.735301e-001  9.618635e-001  0.000000e+000
    outer loop
      vertex  1.261732e+002  5.923880e+001  6.500000e+000
      vertex  1.261732e+002  5.923880e+001  1.000000e+001
      vertex  1.283928e+002  5.987000e+001  7.690311e+000
    endloop
  endfacet
  facet normal -1.944602e-001  9.776188e-001  8.029198e-002
    outer loop
      vertex  1.283928e+002  5.987000e+001  7.690311e+000
      vertex  1.261732e+002  5.923880e+001  1.000000e+001
      vertex  1.300000e+002  6.000000e+001  1.000000e+001
    endloop
  endfacet
  facet normal -1.361946e-001  9.899120e-001  3.905527e-002
    outer loop
      vertex  1.283928e+002  5.987000e+001  7.690311e+000
      vertex  1.300000e+002  6.000000e+001  1.000000e+001
      vertex  1.294258e+002  5.998350e+001  8.415792e+000
    endloop
  endfacet
  facet normal  2.926803e-001  9.562103e-001  0.000000e+000
    outer loop
      vertex  1.338268e+002  5.923880e+001  6.500000e+000
      vertex  1.320000e+002  5.979796e+001  6.500000e+000
      vertex  1.338268e+002  5.923880e+001  1.000000e+001
    endloop
  endfacet
  facet normal  2.541282e-001  9.669240e-001  2.183394e-002
    outer loop
      vertex  1.338268e+002  5.923880e+001  1.000000e+001
      vertex  1.320000e+002  5.979796e+001  6.500000e+000
      vertex  1.316746e+002  5.985878e+001  7.593451e+000
    endloop
  endfacet
  facet normal  1.944966e-001  9.777998e-001  7.796513e-002
    outer loop
      vertex  1.338268e+002  5.923880e+001  1.000000e+001
      vertex  1.316746e+002  5.985878e+001  7.593451e+000
      vertex  1.300000e+002  6.000000e+001  1.000000e+001
    endloop
  endfacet
  facet normal  1.598394e-001  9.856985e-001  5.338506e-002
    outer loop
      vertex  1.300000e+002  6.000000e+001  1.000000e+001
      vertex  1.316746e+002  5.985878e+001  7.593451e+000
      vertex  1.306877e+002  5.997633e+001  8.378043e+000
    endloop
  endfacet
  facet normal  5.313287e-003  9.999097e-001 -1.234179e-002
    outer loop
      vertex  1.300000e+002  6.000000e+001  1.000000e+001
      vertex  1.306877e+002  5.997633e+001  8.378043e+000
      vertex  1.294258e+002  5.998350e+001  8.415792e+000
    endloop
  endfacet
  facet normal  5.555687e-001  8.314705e-001  0.000000e+000
    outer loop
      vertex  1.338268e+002  5.923880e+001  6.500000e+000
      vertex  1.338268e+002  5.923880e+001  1.000000e+001
      vertex  1.370711e+002  5.707107e+001  6.500000e+000
    endloop
  endfacet
  facet normal  5.555687e-001  8.314705e-001  -0.000000e+000
    outer loop
      vertex  1.370711e+002  5.707107e+001  6.500000e+000
      vertex  1.338268e+002  5.923880e+001  1.000000e+001
      vertex  1.370711e+002  5.707107e+001  1.000000e+001
    endloop
  endfacet
  facet normal  8.314698e-001  5.555699e-001  0.000000e+000
    outer loop
      vertex  1.370711e+002  5.707107e+001  6.500000e+000
      vertex  1.370711e+002  5.707107e+001  1.000000e+001
      vertex  1.392388e+002  5.382684e+001  6.500000e+000
    endloop
  endfacet
  facet normal  8.314698e-001  5.555699e-001  -0.000000e+000
    outer loop
      vertex  1.392388e+002  5.382684e+001  6.500000e+000
      vertex  1.370711e+002  5.707107e+001  1.000000e+001
      vertex  1.392388e+002  5.382684e+001  1.000000e+001
    endloop
  endfacet
  facet normal  6.775609e-002 -5.783843e-001 -8.129457e-001
    outer loop
      vertex  1.201300e+002  5.160722e+001  7.690311e+000
      vertex  1.215781e+002  5.114992e+001  8.136361e+000
      vertex  1.200165e+002  5.057423e+001  8.415792e+000
    endloop
  endfacet
  facet normal -6.708807e-002  7.974033e-001 -5.997058e-001
    outer loop
      vertex  1.215781e+002  4.885008e+001  8.136361e+000
      vertex  1.217152e+002  4.809953e+001  7.123052e+000
      vertex  1.201300e+002  4.839278e+001  7.690311e+000
    endloop
  endfacet
  facet normal  1.270186e-001  9.802167e-001 -1.517941e-001
    outer loop
      vertex  1.201300e+002  4.839278e+001  7.690311e+000
      vertex  1.217152e+002  4.809953e+001  7.123052e+000
      vertex  1.217386e+002  4.800000e+001  6.500000e+000
    endloop
  endfacet
  facet normal  0.000000e+000  9.496340e-001 -3.133613e-001
    outer loop
      vertex  1.201300e+002  4.839278e+001  7.690311e+000
      vertex  1.217386e+002  4.800000e+001  6.500000e+000
      vertex  1.202020e+002  4.800000e+001  6.500000e+000
    endloop
  endfacet
  facet normal  6.775609e-002  5.783843e-001 -8.129457e-001
    outer loop
      vertex  1.201300e+002  4.839278e+001  7.690311e+000
      vertex  1.200165e+002  4.942577e+001  8.415792e+000
      vertex  1.215781e+002  4.885008e+001  8.136361e+000
    endloop
  endfacet
  facet normal -1.239762e-001  1.404852e-001 -9.822901e-001
    outer loop
      vertex  1.215781e+002  4.885008e+001  8.136361e+000
      vertex  1.200165e+002  4.942577e+001  8.415792e+000
      vertex  1.200000e+002  5.000000e+001  8.500000e+000
    endloop
  endfacet
  facet normal  0.000000e+000  3.015127e-001 -9.534621e-001
    outer loop
      vertex  1.215781e+002  4.885008e+001  8.136361e+000
      vertex  1.200000e+002  5.000000e+001  8.500000e+000
      vertex  1.215000e+002  5.000000e+001  8.500000e+000
    endloop
  endfacet
  facet normal  -0.000000e+000 -1.450934e-001 -9.894180e-001
    outer loop
      vertex  1.215000e+002  5.000000e+001  8.500000e+000
      vertex  1.200000e+002  5.000000e+001  8.500000e+000
      vertex  1.200165e+002  5.057423e+001  8.415792e+000
    endloop
  endfacet
  facet normal -6.094540e-002 -2.971849e-001 -9.528729e-001
    outer loop
      vertex  1.215000e+002  5.000000e+001  8.500000e+000
      vertex  1.200165e+002  5.057423e+001  8.415792e+000
      vertex  1.215781e+002  5.114992e+001  8.136361e+000
    endloop
  endfacet
  facet normal -6.708807e-002 -7.974033e-001 -5.997058e-001
    outer loop
      vertex  1.215781e+002  5.114992e+001  8.136361e+000
      vertex  1.201300e+002  5.160722e+001  7.690311e+000
      vertex  1.217152e+002  5.190047e+001  7.123052e+000
    endloop
  endfacet
  facet normal  6.489278e-002 -9.487944e-001 -3.091570e-001
    outer loop
      vertex  1.217152e+002  5.190047e+001  7.123052e+000
      vertex  1.201300e+002  5.160722e+001  7.690311e+000
      vertex  1.202020e+002  5.200000e+001  6.500000e+000
    endloop
  endfacet
  facet normal  0.000000e+000 -9.874809e-001 -1.577388e-001
    outer loop
      vertex  1.217152e+002  5.190047e+001  7.123052e+000
      vertex  1.202020e+002  5.200000e+001  6.500000e+000
      vertex  1.217386e+002  5.200000e+001  6.500000e+000
    endloop
  endfacet
  facet normal -6.775593e-002  5.783846e-001 -8.129454e-001
    outer loop
      vertex  1.384219e+002  4.885008e+001  8.136361e+000
      vertex  1.399835e+002  4.942577e+001  8.415792e+000
      vertex  1.398700e+002  4.839278e+001  7.690311e+000
    endloop
  endfacet
  facet normal  6.708807e-002  7.974033e-001 -5.997058e-001
    outer loop
      vertex  1.384219e+002  4.885008e+001  8.136361e+000
      vertex  1.398700e+002  4.839278e+001  7.690311e+000
      vertex  1.382848e+002  4.809953e+001  7.123052e+000
    endloop
  endfacet
  facet normal -6.489278e-002  9.487944e-001 -3.091570e-001
    outer loop
      vertex  1.382848e+002  4.809953e+001  7.123052e+000
      vertex  1.398700e+002  4.839278e+001  7.690311e+000
      vertex  1.397980e+002  4.800000e+001  6.500000e+000
    endloop
  endfacet
  facet normal  0.000000e+000  9.874809e-001 -1.577388e-001
    outer loop
      vertex  1.382848e+002  4.809953e+001  7.123052e+000
      vertex  1.397980e+002  4.800000e+001  6.500000e+000
      vertex  1.382614e+002  4.800000e+001  6.500000e+000
    endloop
  endfacet
  facet normal -6.775593e-002 -5.783846e-001 -8.129454e-001
    outer loop
      vertex  1.398700e+002  5.160722e+001  7.690311e+000
      vertex  1.399835e+002  5.057423e+001  8.415792e+000
      vertex  1.384219e+002  5.114992e+001  8.136361e+000
    endloop
  endfacet
  facet normal  1.239750e-001 -1.404869e-001 -9.822900e-001
    outer loop
      vertex  1.384219e+002  5.114992e+001  8.136361e+000
      vertex  1.399835e+002  5.057423e+001  8.415792e+000
      vertex  1.400000e+002  5.000000e+001  8.500000e+000
    endloop
  endfacet
  facet normal  -0.000000e+000 -3.015127e-001 -9.534621e-001
    outer loop
      vertex  1.384219e+002  5.114992e+001  8.136361e+000
      vertex  1.400000e+002  5.000000e+001  8.500000e+000
      vertex  1.385000e+002  5.000000e+001  8.500000e+000
    endloop
  endfacet
  facet normal  0.000000e+000  1.450934e-001 -9.894180e-001
    outer loop
      vertex  1.385000e+002  5.000000e+001  8.500000e+000
      vertex  1.400000e+002  5.000000e+001  8.500000e+000
      vertex  1.399835e+002  4.942577e+001  8.415792e+000
    endloop
  endfacet
  facet normal  6.094510e-002  2.971850e-001 -9.528729e-001
    outer loop
      vertex  1.385000e+002  5.000000e+001  8.500000e+000
      vertex  1.399835e+002  4.942577e+001  8.415792e+000
      vertex  1.384219e+002  4.885008e+001  8.136361e+000
    endloop
  endfacet
  facet normal  6.708807e-002 -7.974033e-001 -5.997058e-001
    outer loop
      vertex  1.384219e+002  5.114992e+001  8.136361e+000
      vertex  1.382848e+002  5.190047e+001  7.123052e+000
      vertex  1.398700e+002  5.160722e+001  7.690311e+000
    endloop
  endfacet
  facet normal -1.270186e-001 -9.802167e-001 -1.517941e-001
    outer loop
      vertex  1.398700e+002  5.160722e+001  7.690311e+000
      vertex  1.382848e+002  5.190047e+001  7.123052e+000
      vertex  1.382614e+002  5.200000e+001  6.500000e+000
    endloop
  endfacet
  facet normal  0.000000e+000 -9.496340e-001 -3.133613e-001
    outer loop
      vertex  1.398700e+002  5.160722e+001  7.690311e+000
      vertex  1.382614e+002  5.200000e+001  6.500000e+000
      vertex  1.397980e+002  5.200000e+001  6.500000e+000
    endloop
  endfacet
  facet normal  6.775597e-002  5.783846e-001  8.129455e-001
    outer loop
      vertex  1.201300e+002  4.839278e+001  5.309689e+000
      vertex  1.215781e+002  4.885008e+001  4.863639e+000
      vertex  1.200165e+002  4.942577e+001  4.584207e+000
    endloop
  endfacet
  facet normal -6.708807e-002 -7.974033e-001  5.997058e-001
    outer loop
      vertex  1.215781e+002  5.114992e+001  4.863639e+000
      vertex  1.217152e+002  5.190047e+001  5.876948e+000
      vertex  1.201300e+002  5.160722e+001  5.309689e+000
    endloop
  endfacet
  facet normal  1.270186e-001 -9.802167e-001  1.517941e-001
    outer loop
      vertex  1.201300e+002  5.160722e+001  5.309689e+000
      vertex  1.217152e+002  5.190047e+001  5.876948e+000
      vertex  1.217386e+002  5.200000e+001  6.500000e+000
    endloop
  endfacet
  facet normal  0.000000e+000 -9.496340e-001  3.133613e-001
    outer loop
      vertex  1.201300e+002  5.160722e+001  5.309689e+000
      vertex  1.217386e+002  5.200000e+001  6.500000e+000
      vertex  1.202020e+002  5.200000e+001  6.500000e+000
    endloop
  endfacet
  facet normal  6.775597e-002 -5.783846e-001  8.129455e-001
    outer loop
      vertex  1.201300e+002  5.160722e+001  5.309689e+000
      vertex  1.200165e+002  5.057423e+001  4.584207e+000
      vertex  1.215781e+002  5.114992e+001  4.863639e+000
    endloop
  endfacet
  facet normal -1.239768e-001 -1.404844e-001  9.822901e-001
    outer loop
      vertex  1.215781e+002  5.114992e+001  4.863639e+000
      vertex  1.200165e+002  5.057423e+001  4.584207e+000
      vertex  1.200000e+002  5.000000e+001  4.500000e+000
    endloop
  endfacet
  facet normal  0.000000e+000 -3.015127e-001  9.534621e-001
    outer loop
      vertex  1.215781e+002  5.114992e+001  4.863639e+000
      vertex  1.200000e+002  5.000000e+001  4.500000e+000
      vertex  1.215000e+002  5.000000e+001  4.500000e+000
    endloop
  endfacet
  facet normal  0.000000e+000  1.450926e-001  9.894181e-001
    outer loop
      vertex  1.215000e+002  5.000000e+001  4.500000e+000
      vertex  1.200000e+002  5.000000e+001  4.500000e+000
      vertex  1.200165e+002  4.942577e+001  4.584207e+000
    endloop
  endfacet
  facet normal -6.094570e-002  2.971849e-001  9.528729e-001
    outer loop
      vertex  1.215000e+002  5.000000e+001  4.500000e+000
      vertex  1.200165e+002  4.942577e+001  4.584207e+000
      vertex  1.215781e+002  4.885008e+001  4.863639e+000
    endloop
  endfacet
  facet normal -6.708807e-002  7.974033e-001  5.997058e-001
    outer loop
      vertex  1.215781e+002  4.885008e+001  4.863639e+000
      vertex  1.201300e+002  4.839278e+001  5.309689e+000
      vertex  1.217152e+002  4.809953e+001  5.876948e+000
    endloop
  endfacet
  facet normal  6.489278e-002  9.487944e-001  3.091570e-001
    outer loop
      vertex  1.217152e+002  4.809953e+001  5.876948e+000
      vertex  1.201300e+002  4.839278e+001  5.309689e+000
      vertex  1.202020e+002  4.800000e+001  6.500000e+000
    endloop
  endfacet
  facet normal  -0.000000e+000  9.874809e-001  1.577388e-001
    outer loop
      vertex  1.217152e+002  4.809953e+001  5.876948e+000
      vertex  1.202020e+002  4.800000e+001  6.500000e+000
      vertex  1.217386e+002  4.800000e+001  6.500000e+000
    endloop
  endfacet
  facet normal -6.775580e-002 -5.783849e-001  8.129454e-001
    outer loop
      vertex  1.384219e+002  5.114992e+001  4.863639e+000
      vertex  1.399835e+002  5.057423e+001  4.584207e+000
      vertex  1.398700e+002  5.160722e+001  5.309689e+000
    endloop
  endfacet
  facet normal  6.708807e-002 -7.974033e-001  5.997058e-001
    outer loop
      vertex  1.384219e+002  5.114992e+001  4.863639e+000
      vertex  1.398700e+002  5.160722e+001  5.309689e+000
      vertex  1.382848e+002  5.190047e+001  5.876948e+000
    endloop
  endfacet
  facet normal -6.489278e-002 -9.487944e-001  3.091570e-001
    outer loop
      vertex  1.382848e+002  5.190047e+001  5.876948e+000
      vertex  1.398700e+002  5.160722e+001  5.309689e+000
      vertex  1.397980e+002  5.200000e+001  6.500000e+000
    endloop
  endfacet
  facet normal  0.000000e+000 -9.874809e-001  1.577388e-001
    outer loop
      vertex  1.382848e+002  5.190047e+001  5.876948e+000
      vertex  1.397980e+002  5.200000e+001  6.500000e+000
      vertex  1.382614e+002  5.200000e+001  6.500000e+000
    endloop
  endfacet
  facet normal -6.775580e-002  5.783849e-001  8.129454e-001
    outer loop
      vertex  1.398700e+002  4.839278e+001  5.309689e+000
      vertex  1.399835e+002  4.942577e+001  4.584207e+000
      vertex  1.384219e+002  4.885008e+001  4.863639e+000
    endloop
  endfacet
  facet normal  1.239756e-001  1.404861e-001  9.822900e-001
    outer loop
      vertex  1.384219e+002  4.885008e+001  4.863639e+000
      vertex  1.399835e+002  4.942577e+001  4.584207e+000
      vertex  1.400000e+002  5.000000e+001  4.500000e+000
    endloop
  endfacet
  facet normal  0.000000e+000  3.015127e-001  9.534621e-001
    outer loop
      vertex  1.384219e+002  4.885008e+001  4.863639e+000
      vertex  1.400000e+002  5.000000e+001  4.500000e+000
      vertex  1.385000e+002  5.000000e+001  4.500000e+000
    endloop
  endfacet
  facet normal  0.000000e+000 -1.450926e-001  9.894181e-001
    outer loop
      vertex  1.385000e+002  5.000000e+001  4.500000e+000
      vertex  1.400000e+002  5.000000e+001  4.500000e+000
      vertex  1.399835e+002  5.057423e+001  4.584207e+000
    endloop
  endfacet
  facet normal  6.094540e-002 -2.971849e-001  9.528729e-001
    outer loop
      vertex  1.385000e+002  5.000000e+001  4.500000e+000
      vertex  1.399835e+002  5.057423e+001  4.584207e+000
      vertex  1.384219e+002  5.114992e+001  4.863639e+000
    endloop
  endfacet
  facet normal  6.708807e-002  7.974033e-001  5.997058e-001
    outer loop
      vertex  1.384219e+002  4.885008e+001  4.863639e+000
      vertex  1.382848e+002  4.809953e+001  5.876948e+000
      vertex  1.398700e+002  4.839278e+001  5.309689e+000
    endloop
  endfacet
  facet normal -1.270186e-001  9.802167e-001  1.517941e-001
    outer loop
      vertex  1.398700e+002  4.839278e+001  5.309689e+000
      vertex  1.382848e+002  4.809953e+001  5.876948e+000
      vertex  1.382614e+002  4.800000e+001  6.500000e+000
    endloop
  endfacet
  facet normal  -0.000000e+000  9.496340e-001  3.133613e-001
    outer loop
      vertex  1.398700e+002  4.839278e+001  5.309689e+000
      vertex  1.382614e+002  4.800000e+001  6.500000e+000
      vertex  1.397980e+002  4.800000e+001  6.500000e+000
    endloop
  endfacet
  facet normal  0.000000e+000  0.000000e+000 -1.000000e+000
    outer loop
      vertex  1.300000e+002  6.000000e+001  3.000000e+000
      vertex  1.300000e+002  5.850000e+001  3.000000e+000
      vertex  1.261732e+002  5.923880e+001  3.000000e+000
    endloop
  endfacet
  facet normal  -0.000000e+000  0.000000e+000 -1.000000e+000
    outer loop
      vertex  1.261732e+002  5.923880e+001  3.000000e+000
      vertex  1.300000e+002  5.850000e+001  3.000000e+000
      vertex  1.267472e+002  5.785298e+001  3.000000e+000
    endloop
  endfacet
  facet normal  0.000000e+000  0.000000e+000 -1.000000e+000
    outer loop
      vertex  1.267472e+002  5.785298e+001  3.000000e+000
      vertex  1.229289e+002  5.707107e+001  3.000000e+000
      vertex  1.261732e+002  5.923880e+001  3.000000e+000
    endloop
  endfacet
  facet normal  0.000000e+000  0.000000e+000 -1.000000e+000
    outer loop
      vertex  1.332528e+002  4.214702e+001  3.000000e+000
      vertex  1.370711e+002  4.292893e+001  3.000000e+000
      vertex  1.338268e+002  4.076120e+001  3.000000e+000
    endloop
  endfacet
  facet normal  0.000000e+000  -0.000000e+000 -1.000000e+000
    outer loop
      vertex  1.300000e+002  4.150000e+001  3.000000e+000
      vertex  1.332528e+002  4.214702e+001  3.000000e+000
      vertex  1.338268e+002  4.076120e+001  3.000000e+000
    endloop
  endfacet
  facet normal  0.000000e+000  0.000000e+000 -1.000000e+000
    outer loop
      vertex  1.300000e+002  4.000000e+001  3.000000e+000
      vertex  1.300000e+002  4.150000e+001  3.000000e+000
      vertex  1.338268e+002  4.076120e+001  3.000000e+000
    endloop
  endfacet
  facet normal  0.000000e+000  0.000000e+000 -1.000000e+000
    outer loop
      vertex  1.267472e+002  5.785298e+001  3.000000e+000
      vertex  1.239896e+002  5.601041e+001  3.000000e+000
      vertex  1.229289e+002  5.707107e+001  3.000000e+000
    endloop
  endfacet
  facet normal  0.000000e+000  -0.000000e+000 -1.000000e+000
    outer loop
      vertex  1.229289e+002  5.707107e+001  3.000000e+000
      vertex  1.239896e+002  5.601041e+001  3.000000e+000
      vertex  1.221470e+002  5.325281e+001  3.000000e+000
    endloop
  endfacet
  facet normal  0.000000e+000  0.000000e+000 -9.999999e-001
    outer loop
      vertex  1.229289e+002  5.707107e+001  3.000000e+000
      vertex  1.221470e+002  5.325281e+001  3.000000e+000
      vertex  1.207612e+002  5.382684e+001  3.000000e+000
    endloop
  endfacet
  facet normal  0.000000e+000  0.000000e+000 -1.000000e+000
    outer loop
      vertex  1.207612e+002  5.382684e+001  3.000000e+000
      vertex  1.221470e+002  5.325281e+001  3.000000e+000
      vertex  1.215000e+002  5.000000e+001  3.000000e+000
    endloop
  endfacet
  facet normal  0.000000e+000  0.000000e+000 -1.000000e+000
    outer loop
      vertex  1.207612e+002  5.382684e+001  3.000000e+000
      vertex  1.215000e+002  5.000000e+001  3.000000e+000
      vertex  1.200000e+002  5.000000e+001  3.000000e+000
    endloop
  endfacet
  facet normal  0.000000e+000  0.000000e+000 -1.000000e+000
    outer loop
      vertex  1.200000e+002  5.000000e+001  3.000000e+000
      vertex  1.215000e+002  5.000000e+001  3.000000e+000
      vertex  1.221470e+002  4.674719e+001  3.000000e+000
    endloop
  endfacet
  facet normal  -0.000000e+000  0.000000e+000 -1.000000e+000
    outer loop
      vertex  1.200000e+002  5.000000e+001  3.000000e+000
      vertex  1.221470e+002  4.674719e+001  3.000000e+000
      vertex  1.207612e+002  4.617316e+001  3.000000e+000
    endloop
  endfacet
  facet normal  0.000000e+000  0.000000e+000 -1.000000e+000
    outer loop
      vertex  1.207612e+002  4.617316e+001  3.000000e+000
      vertex  1.221470e+002  4.674719e+001  3.000000e+000
      vertex  1.239896e+002  4.398959e+001  3.000000e+000
    endloop
  endfacet
  facet normal  -0.000000e+000  0.000000e+000 -9.999999e-001
    outer loop
      vertex  1.207612e+002  4.617316e+001  3.000000e+000
      vertex  1.239896e+002  4.398959e+001  3.000000e+000
      vertex  1.229289e+002  4.292893e+001  3.000000e+000
    endloop
  endfacet
  facet normal  0.000000e+000  0.000000e+000 -1.000000e+000
    outer loop
      vertex  1.229289e+002  4.292893e+001  3.000000e+000
      vertex  1.239896e+002  4.398959e+001  3.000000e+000
      vertex  1.267472e+002  4.214702e+001  3.000000e+000
    endloop
  endfacet
  facet normal  -0.000000e+000  0.000000e+000 -1.000000e+000
    outer loop
      vertex  1.229289e+002  4.292893e+001  3.000000e+000
      vertex  1.267472e+002  4.214702e+001  3.000000e+000
      vertex  1.261732e+002  4.076120e+001  3.000000e+000
    endloop
  endfacet
  facet normal  0.000000e+000  0.000000e+000 -1.000000e+000
    outer loop
      vertex  1.261732e+002  4.076120e+001  3.000000e+000
      vertex  1.267472e+002  4.214702e+001  3.000000e+000
      vertex  1.300000e+002  4.150000e+001  3.000000e+000
    endloop
  endfacet
  facet normal  0.000000e+000  -0.000000e+000 -1.000000e+000
    outer loop
      vertex  1.261732e+002  4.076120e+001  3.000000e+000
      vertex  1.300000e+002  4.150000e+001  3.000000e+000
      vertex  1.300000e+002  4.000000e+001  3.000000e+000
    endloop
  endfacet
  facet normal  0.000000e+000  -0.000000e+000 -1.000000e+000
    outer loop
      vertex  1.332528e+002  4.214702e+001  3.000000e+000
      vertex  1.360104e+002  4.398959e+001  3.000000e+000
      vertex  1.370711e+002  4.292893e+001  3.000000e+000
    endloop
  endfacet
  facet normal  0.000000e+000  0.000000e+000 -1.000000e+000
    outer loop
      vertex  1.370711e+002  4.292893e+001  3.000000e+000
      vertex  1.360104e+002  4.398959e+001  3.000000e+000
      vertex  1.378530e+002  4.674719e+001  3.000000e+000
    endloop
  endfacet
  facet normal  0.000000e+000  -0.000000e+000 -9.999999e-001
    outer loop
      vertex  1.370711e+002  4.292893e+001  3.000000e+000
      vertex  1.378530e+002  4.674719e+001  3.000000e+000
      vertex  1.392388e+002  4.617316e+001  3.000000e+000
    endloop
  endfacet
  facet normal  0.000000e+000  0.000000e+000 -1.000000e+000
    outer loop
      vertex  1.392388e+002  4.617316e+001  3.000000e+000
      vertex  1.378530e+002  4.674719e+001  3.000000e+000
      vertex  1.385000e+002  5.000000e+001  3.000000e+000
    endloop
  endfacet
  facet normal  0.000000e+000  0.000000e+000 -1.000000e+000
    outer loop
      vertex  1.392388e+002  4.617316e+001  3.000000e+000
      vertex  1.385000e+002  5.000000e+001  3.000000e+000
      vertex  1.400000e+002  5.000000e+001  3.000000e+000
    endloop
  endfacet
  facet normal  0.000000e+000  0.000000e+000 -1.000000e+000
    outer loop
      vertex  1.400000e+002  5.000000e+001  3.000000e+000
      vertex  1.385000e+002  5.000000e+001  3.000000e+000
      vertex  1.378530e+002  5.325281e+001  3.000000e+000
    endloop
  endfacet
  facet normal  0.000000e+000  0.000000e+000 -1.000000e+000
    outer loop
      vertex  1.400000e+002  5.000000e+001  3.000000e+000
      vertex  1.378530e+002  5.325281e+001  3.000000e+000
      vertex  1.392388e+002  5.382684e+001  3.000000e+000
    endloop
  endfacet
  facet normal  -0.000000e+000  0.000000e+000 -1.000000e+000
    outer loop
      vertex  1.392388e+002  5.382684e+001  3.000000e+000
      vertex  1.378530e+002  5.325281e+001  3.000000e+000
      vertex  1.360104e+002  5.601041e+001  3.000000e+000
    endloop
  endfacet
  facet normal  0.000000e+000  0.000000e+000 -1.000000e+000
    outer loop
      vertex  1.392388e+002  5.382684e+001  3.000000e+000
      vertex  1.360104e+002  5.601041e+001  3.000000e+000
      vertex  1.370711e+002  5.707107e+001  3.000000e+000
    endloop
  endfacet
  facet normal  -0.000000e+000  0.000000e+000 -1.000000e+000
    outer loop
      vertex  1.370711e+002  5.707107e+001  3.000000e+000
      vertex  1.360104e+002  5.601041e+001  3.000000e+000
      vertex  1.332528e+002  5.785298e+001  3.000000e+000
    endloop
  endfacet
  facet normal  0.000000e+000  0.000000e+000 -1.000000e+000
    outer loop
      vertex  1.370711e+002  5.707107e+001  3.000000e+000
      vertex  1.332528e+002  5.785298e+001  3.000000e+000
      vertex  1.338268e+002  5.923880e+001  3.000000e+000
    endloop
  endfacet
  facet normal  0.000000e+000  0.000000e+000 -1.000000e+000
    outer loop
      vertex  1.338268e+002  5.923880e+001  3.000000e+000
      vertex  1.332528e+002  5.785298e+001  3.000000e+000
      vertex  1.300000e+002  5.850000e+001  3.000000e+000
    endloop
  endfacet
  facet normal  0.000000e+000  0.000000e+000 -1.000000e+000
    outer loop
      vertex  1.338268e+002  5.923880e+001  3.000000e+000
      vertex  1.300000e+002  5.850000e+001  3.000000e+000
      vertex  1.300000e+002  6.000000e+001  3.000000e+000
    endloop
  endfacet
  facet normal  0.000000e+000  -0.000000e+000  1.000000e+000
    outer loop
      vertex  1.261732e+002  5.923880e+001  1.000000e+001
      vertex  1.300000e+002  5.850000e+001  1.000000e+001
      vertex  1.300000e+002  6.000000e+001  1.000000e+001
    endloop
  endfacet
  facet normal  0.000000e+000  0.000000e+000  1.000000e+000
    outer loop
      vertex  1.267472e+002  5.785298e+001  1.000000e+001
      vertex  1.300000e+002  5.850000e+001  1.000000e+001
      vertex  1.261732e+002  5.923880e+001  1.000000e+001
    endloop
  endfacet
  facet normal  0.000000e+000  0.000000e+000  1.000000e+000
    outer loop
      vertex  1.261732e+002  5.923880e+001  1.000000e+001
      vertex  1.229289e+002  5.707107e+001  1.000000e+001
      vertex  1.267472e+002  5.785298e+001  1.000000e+001
    endloop
  endfacet
  facet normal  0.000000e+000  0.000000e+000  1.000000e+000
    outer loop
      vertex  1.338268e+002  4.076120e+001  1.000000e+001
      vertex  1.370711e+002  4.292893e+001  1.000000e+001
      vertex  1.332528e+002  4.214702e+001  1.000000e+001
    endloop
  endfacet
  facet normal  0.000000e+000  0.000000e+000  1.000000e+000
    outer loop
      vertex  1.338268e+002  4.076120e+001  1.000000e+001
      vertex  1.332528e+002  4.214702e+001  1.000000e+001
      vertex  1.300000e+002  4.150000e+001  1.000000e+001
    endloop
  endfacet
  facet normal  0.000000e+000  0.000000e+000  1.000000e+000
    outer loop
      vertex  1.338268e+002  4.076120e+001  1.000000e+001
      vertex  1.300000e+002  4.150000e+001  1.000000e+001
      vertex  1.300000e+002  4.000000e+001  1.000000e+001
    endloop
  endfacet
  facet normal  0.000000e+000  0.000000e+000  1.000000e+000
    outer loop
      vertex  1.300000e+002  4.000000e+001  1.000000e+001
      vertex  1.300000e+002  4.150000e+001  1.000000e+001
      vertex  1.261732e+002  4.076120e+001  1.000000e+001
    endloop
  endfacet
  facet normal  0.000000e+000  0.000000e+000  1.000000e+000
    outer loop
      vertex  1.261732e+002  4.076120e+001  1.000000e+001
      vertex  1.300000e+002  4.150000e+001  1.000000e+001
      vertex  1.267472e+002  4.214702e+001  1.000000e+001
    endloop
  endfacet
  facet normal  0.000000e+000  0.000000e+000  1.000000e+000
    outer loop
      vertex  1.261732e+002  4.076120e+001  1.000000e+001
      vertex  1.267472e+002  4.214702e+001  1.000000e+001
      vertex  1.229289e+002  4.292893e+001  1.000000e+001
    endloop
  endfacet
  facet normal  -0.000000e+000  0.000000e+000  1.000000e+000
    outer loop
      vertex  1.229289e+002  4.292893e+001  1.000000e+001
      vertex  1.267472e+002  4.214702e+001  1.000000e+001
      vertex  1.239896e+002  4.398959e+001  1.000000e+001
    endloop
  endfacet
  facet normal  0.000000e+000  0.000000e+000  9.999999e-001
    outer loop
      vertex  1.229289e+002  4.292893e+001  1.000000e+001
      vertex  1.239896e+002  4.398959e+001  1.000000e+001
      vertex  1.207612e+002  4.617316e+001  1.000000e+001
    endloop
  endfacet
  facet normal  -0.000000e+000  0.000000e+000  1.000000e+000
    outer loop
      vertex  1.207612e+002  4.617316e+001  1.000000e+001
      vertex  1.239896e+002  4.398959e+001  1.000000e+001
      vertex  1.221470e+002  4.674719e+001  1.000000e+001
    endloop
  endfacet
  facet normal  0.000000e+000  0.000000e+000  1.000000e+000
    outer loop
      vertex  1.207612e+002  4.617316e+001  1.000000e+001
      vertex  1.221470e+002  4.674719e+001  1.000000e+001
      vertex  1.200000e+002  5.000000e+001  1.000000e+001
    endloop
  endfacet
  facet normal  -0.000000e+000  0.000000e+000  1.000000e+000
    outer loop
      vertex  1.200000e+002  5.000000e+001  1.000000e+001
      vertex  1.221470e+002  4.674719e+001  1.000000e+001
      vertex  1.215000e+002  5.000000e+001  1.000000e+001
    endloop
  endfacet
  facet normal  0.000000e+000  0.000000e+000  1.000000e+000
    outer loop
      vertex  1.200000e+002  5.000000e+001  1.000000e+001
      vertex  1.215000e+002  5.000000e+001  1.000000e+001
      vertex  1.207612e+002  5.382684e+001  1.000000e+001
    endloop
  endfacet
  facet normal  0.000000e+000  0.000000e+000  1.000000e+000
    outer loop
      vertex  1.207612e+002  5.382684e+001  1.000000e+001
      vertex  1.215000e+002  5.000000e+001  1.000000e+001
      vertex  1.221470e+002  5.325281e+001  1.000000e+001
    endloop
  endfacet
  facet normal  0.000000e+000  -0.000000e+000  9.999999e-001
    outer loop
      vertex  1.207612e+002  5.382684e+001  1.000000e+001
      vertex  1.221470e+002  5.325281e+001  1.000000e+001
      vertex  1.229289e+002  5.707107e+001  1.000000e+001
    endloop
  endfacet
  facet normal  0.000000e+000  0.000000e+000  1.000000e+000
    outer loop
      vertex  1.229289e+002  5.707107e+001  1.000000e+001
      vertex  1.221470e+002  5.325281e+001  1.000000e+001
      vertex  1.239896e+002  5.601041e+001  1.000000e+001
    endloop
  endfacet
  facet normal  0.000000e+000  -0.000000e+000  1.000000e+000
    outer loop
      vertex  1.229289e+002  5.707107e+001  1.000000e+001
      vertex  1.239896e+002  5.601041e+001  1.000000e+001
      vertex  1.267472e+002  5.785298e+001  1.000000e+001
    endloop
  endfacet
  facet normal  0.000000e+000  0.000000e+000  1.000000e+000
    outer loop
      vertex  1.300000e+002  6.000000e+001  1.000000e+001
      vertex  1.300000e+002  5.850000e+001  1.000000e+001
      vertex  1.338268e+002  5.923880e+001  1.000000e+001
    endloop
  endfacet
  facet normal  0.000000e+000  0.000000e+000  1.000000e+000
    outer loop
      vertex  1.338268e+002  5.923880e+001  1.000000e+001
      vertex  1.300000e+002  5.850000e+001  1.000000e+001
      vertex  1.332528e+002  5.785298e+001  1.000000e+001
    endloop
  endfacet
  facet normal  -0.000000e+000  0.000000e+000  1.000000e+000
    outer loop
      vertex  1.338268e+002  5.923880e+001  1.000000e+001
      vertex  1.332528e+002  5.785298e+001  1.000000e+001
      vertex  1.370711e+002  5.707107e+001  1.000000e+001
    endloop
  endfacet
  facet normal  0.000000e+000  0.000000e+000  1.000000e+000
    outer loop
      vertex  1.370711e+002  5.707107e+001  1.000000e+001
      vertex  1.332528e+002  5.785298e+001  1.000000e+001
      vertex  1.360104e+002  5.601041e+001  1.000000e+001
    endloop
  endfacet
  facet normal  -0.000000e+000  0.000000e+000  1.000000e+000
    outer loop
      vertex  1.370711e+002  5.707107e+001  1.000000e+001
      vertex  1.360104e+002  5.601041e+001  1.000000e+001
      vertex  1.392388e+002  5.382684e+001  1.000000e+001
    endloop
  endfacet
  facet normal  0.000000e+000  0.000000e+000  1.000000e+000
    outer loop
      vertex  1.392388e+002  5.382684e+001  1.000000e+001
      vertex  1.360104e+002  5.601041e+001  1.000000e+001
      vertex  1.378530e+002  5.325281e+001  1.000000e+001
    endloop
  endfacet
  facet normal  -0.000000e+000  0.000000e+000  1.000000e+000
    outer loop
      vertex  1.392388e+002  5.382684e+001  1.000000e+001
      vertex  1.378530e+002  5.325281e+001  1.000000e+001
      vertex  1.400000e+002  5.000000e+001  1.000000e+001
    endloop
  endfacet
  facet normal  0.000000e+000  0.000000e+000  1.000000e+000
    outer loop
      vertex  1.400000e+002  5.000000e+001  1.000000e+001
      vertex  1.378530e+002  5.325281e+001  1.000000e+001
      vertex  1.385000e+002  5.000000e+001  1.000000e+001
    endloop
  endfacet
  facet normal  -0.000000e+000  0.000000e+000  1.000000e+000
    outer loop
      vertex  1.400000e+002  5.000000e+001  1.000000e+001
      vertex  1.385000e+002  5.000000e+001  1.000000e+001
      vertex  1.392388e+002  4.617316e+001  1.000000e+001
    endloop
  endfacet
  facet normal  0.000000e+000  0.000000e+000  1.000000e+000
    outer loop
      vertex  1.392388e+002  4.617316e+001  1.000000e+001
      vertex  1.385000e+002  5.000000e+001  1.000000e+001
      vertex  1.378530e+002  4.674719e+001  1.000000e+001
    endloop
  endfacet
  facet normal  0.000000e+000  0.000000e+000  9.999999e-001
    outer loop
      vertex  1.392388e+002  4.617316e+001  1.000000e+001
      vertex  1.378530e+002  4.674719e+001  1.000000e+001
      vertex  1.370711e+002  4.292893e+001  1.000000e+001
    endloop
  endfacet
  facet normal  0.000000e+000  -0.000000e+000  1.000000e+000
    outer loop
      vertex  1.370711e+002  4.292893e+001  1.000000e+001
      vertex  1.378530e+002  4.674719e+001  1.000000e+001
      vertex  1.360104e+002  4.398959e+001  1.000000e+001
    endloop
  endfacet
  facet normal  0.000000e+000  0.000000e+000  1.000000e+000
    outer loop
      vertex  1.370711e+002  4.292893e+001  1.000000e+001
      vertex  1.360104e+002  4.398959e+001  1.000000e+001
      vertex  1.332528e+002  4.214702e+001  1.000000e+001
    endloop
  endfacet
  facet normal  -0.000000e+000  9.999999e-001  0.000000e+000
    outer loop
      vertex  4.250000e+000  3.225000e+001 -2.400000e+001
      vertex  4.250000e+000  3.225000e+001  9.000000e+000
      vertex  1.425000e+001  3.225000e+001  9.000000e+000
    endloop
  endfacet
  facet normal  -0.000000e+000  9.999999e-001  0.000000e+000
    outer loop
      vertex  4.250000e+000  3.225000e+001 -2.400000e+001
      vertex  1.425000e+001  3.225000e+001  9.000000e+000
      vertex  3.575000e+001  3.225000e+001  9.000000e+000
    endloop
  endfacet
  facet normal  -0.000000e+000  9.999999e-001  0.000000e+000
    outer loop
      vertex  4.250000e+000  3.225000e+001 -2.400000e+001
      vertex  3.575000e+001  3.225000e+001  9.000000e+000
      vertex  4.575000e+001  3.225000e+001  9.000000e+000
    endloop
  endfacet
  facet normal  0.000000e+000  1.000000e+000  0.000000e+000
    outer loop
      vertex  4.250000e+000  3.225000e+001 -2.400000e+001
      vertex  4.575000e+001  3.225000e+001  9.000000e+000
      vertex  4.575000e+001  3.225000e+001 -2.400000e+001
    endloop
  endfacet
  facet normal -1.000000e+000  0.000000e+000  0.000000e+000
    outer loop
      vertex  4.575000e+001  7.375000e+001 -2.400000e+001
      vertex  4.575000e+001  3.225000e+001 -2.400000e+001
      vertex  4.575000e+001  3.225000e+001  9.000000e+000
    endloop
  endfacet
  facet normal -9.999999e-001  0.000000e+000  0.000000e+000
    outer loop
      vertex  4.575000e+001  7.375000e+001 -2.400000e+001
      vertex  4.575000e+001  3.225000e+001  9.000000e+000
      vertex  4.575000e+001  4.225000e+001  9.000000e+000
    endloop
  endfacet
  facet normal -9.999999e-001  0.000000e+000  0.000000e+000
    outer loop
      vertex  4.575000e+001  7.375000e+001 -2.400000e+001
      vertex  4.575000e+001  4.225000e+001  9.000000e+000
      vertex  4.575000e+001  6.375000e+001  9.000000e+000
    endloop
  endfacet
  facet normal -9.999999e-001  0.000000e+000  0.000000e+000
    outer loop
      vertex  4.575000e+001  7.375000e+001 -2.400000e+001
      vertex  4.575000e+001  6.375000e+001  9.000000e+000
      vertex  4.575000e+001  7.375000e+001  9.000000e+000
    endloop
  endfacet
  facet normal  1.000000e+000  0.000000e+000  -0.000000e+000
    outer loop
      vertex  4.250000e+000  3.225000e+001 -2.400000e+001
      vertex  4.250000e+000  7.375000e+001 -2.400000e+001
      vertex  4.250000e+000  7.375000e+001  9.000000e+000
    endloop
  endfacet
  facet normal  9.999999e-001  0.000000e+000  0.000000e+000
    outer loop
      vertex  4.250000e+000  3.225000e+001 -2.400000e+001
      vertex  4.250000e+000  7.375000e+001  9.000000e+000
      vertex  4.250000e+000  6.375000e+001  9.000000e+000
    endloop
  endfacet
  facet normal  9.999999e-001  0.000000e+000  0.000000e+000
    outer loop
      vertex  4.250000e+000  3.225000e+001 -2.400000e+001
      vertex  4.250000e+000  6.375000e+001  9.000000e+000
      vertex  4.250000e+000  4.225000e+001  9.000000e+000
    endloop
  endfacet
  facet normal  9.999999e-001  0.000000e+000  0.000000e+000
    outer loop
      vertex  4.250000e+000  3.225000e+001 -2.400000e+001
      vertex  4.250000e+000  4.225000e+001  9.000000e+000
      vertex  4.250000e+000  3.225000e+001  9.000000e+000
    endloop
  endfacet
  facet normal  -0.000000e+000 -9.999999e-001  -0.000000e+000
    outer loop
      vertex  4.575000e+001  7.375000e+001 -2.400000e+001
      vertex  4.575000e+001  7.375000e+001  9.000000e+000
      vertex  3.575000e+001  7.375000e+001  9.000000e+000
    endloop
  endfacet
  facet normal  -0.000000e+000 -9.999999e-001  -0.000000e+000
    outer loop
      vertex  4.575000e+001  7.375000e+001 -2.400000e+001
      vertex  3.575000e+001  7.375000e+001  9.000000e+000
      vertex  1.425000e+001  7.375000e+001  9.000000e+000
    endloop
  endfacet
  facet normal  -0.000000e+000 -9.999999e-001  -0.000000e+000
    outer loop
      vertex  4.575000e+001  7.375000e+001 -2.400000e+001
      vertex  1.425000e+001  7.375000e+001  9.000000e+000
      vertex  4.250000e+000  7.375000e+001  9.000000e+000
    endloop
  endfacet
  facet normal  0.000000e+000 -1.000000e+000  0.000000e+000
    outer loop
      vertex  4.575000e+001  7.375000e+001 -2.400000e+001
      vertex  4.250000e+000  7.375000e+001  9.000000e+000
      vertex  4.250000e+000  7.375000e+001 -2.400000e+001
    endloop
  endfacet
  facet normal  0.000000e+000  0.000000e+000  1.000000e+000
    outer loop
      vertex  5.100000e+001  8.400000e+001  1.000000e+001
      vertex  1.990000e+002  1.520000e+002  1.000000e+001
      vertex  5.000000e+001  8.373205e+001  1.000000e+001
    endloop
  endfacet
  facet normal  0.000000e+000  -0.000000e+000  1.000000e+000
    outer loop
      vertex  5.100000e+001  8.400000e+001  1.000000e+001
      vertex  1.990000e+002  8.400000e+001  1.000000e+001
      vertex  1.990000e+002  1.520000e+002  1.000000e+001
    endloop
  endfacet
  facet normal  0.000000e+000  0.000000e+000  1.000000e+000
    outer loop
      vertex  3.475000e+001  6.975000e+001  1.000000e+001
      vertex  1.525000e+001  7.475000e+001  1.000000e+001
      vertex  1.525000e+001  6.975000e+001  1.000000e+001
    endloop
  endfacet
  facet normal  0.000000e+000  0.000000e+000  1.000000e+000
    outer loop
      vertex  4.900000e+001  8.200000e+001  1.000000e+001
      vertex  4.926795e+001  8.300000e+001  1.000000e+001
      vertex  3.475000e+001  7.475000e+001  1.000000e+001
    endloop
  endfacet
  facet normal  0.000000e+000  0.000000e+000  1.000000e+000
    outer loop
      vertex  4.900000e+001  8.200000e+001  1.000000e+001
      vertex  3.475000e+001  7.475000e+001  1.000000e+001
      vertex  4.675000e+001  7.475000e+001  1.000000e+001
    endloop
  endfacet
  facet normal  -0.000000e+000  0.000000e+000  1.000000e+000
    outer loop
      vertex  4.900000e+001  8.200000e+001  1.000000e+001
      vertex  4.675000e+001  7.475000e+001  1.000000e+001
      vertex  4.675000e+001  6.275000e+001  1.000000e+001
    endloop
  endfacet
  facet normal  -0.000000e+000  0.000000e+000  1.000000e+000
    outer loop
      vertex  4.900000e+001  8.200000e+001  1.000000e+001
      vertex  4.675000e+001  6.275000e+001  1.000000e+001
      vertex  4.675000e+001  4.325000e+001  1.000000e+001
    endloop
  endfacet
  facet normal  -0.000000e+000  0.000000e+000  1.000000e+000
    outer loop
      vertex  4.900000e+001  8.200000e+001  1.000000e+001
      vertex  4.675000e+001  4.325000e+001  1.000000e+001
      vertex  4.675000e+001  3.125000e+001  1.000000e+001
    endloop
  endfacet
  facet normal  -0.000000e+000  0.000000e+000  1.000000e+000
    outer loop
      vertex  4.900000e+001  8.200000e+001  1.000000e+001
      vertex  4.675000e+001  3.125000e+001  1.000000e+001
      vertex  4.900000e+001  4.000000e+000  1.000000e+001
    endloop
  endfacet
  facet normal  0.000000e+000  0.000000e+000  1.000000e+000
    outer loop
      vertex  1.000000e+000  1.520000e+002  1.000000e+001
      vertex  1.000000e+000  1.000000e+000  1.000000e+001
      vertex  3.250000e+000  3.125000e+001  1.000000e+001
    endloop
  endfacet
  facet normal  0.000000e+000  -0.000000e+000  1.000000e+000
    outer loop
      vertex  1.000000e+000  1.520000e+002  1.000000e+001
      vertex  3.250000e+000  3.125000e+001  1.000000e+001
      vertex  3.250000e+000  4.325000e+001  1.000000e+001
    endloop
  endfacet
  facet normal  0.000000e+000  -0.000000e+000  1.000000e+000
    outer loop
      vertex  1.000000e+000  1.520000e+002  1.000000e+001
      vertex  3.250000e+000  4.325000e+001  1.000000e+001
      vertex  3.250000e+000  6.275000e+001  1.000000e+001
    endloop
  endfacet
  facet normal  0.000000e+000  -0.000000e+000  1.000000e+000
    outer loop
      vertex  1.000000e+000  1.520000e+002  1.000000e+001
      vertex  3.250000e+000  6.275000e+001  1.000000e+001
      vertex  3.250000e+000  7.475000e+001  1.000000e+001
    endloop
  endfacet
  facet normal  0.000000e+000  -0.000000e+000  9.999999e-001
    outer loop
      vertex  1.000000e+000  1.520000e+002  1.000000e+001
      vertex  3.250000e+000  7.475000e+001  1.000000e+001
      vertex  1.525000e+001  7.475000e+001  1.000000e+001
    endloop
  endfacet
  facet normal  -0.000000e+000  -0.000000e+000  1.000000e+000
    outer loop
      vertex  1.000000e+000  1.520000e+002  1.000000e+001
      vertex  1.525000e+001  7.475000e+001  1.000000e+001
      vertex  3.475000e+001  6.975000e+001  1.000000e+001
    endloop
  endfacet
  facet normal  0.000000e+000  -0.000000e+000  1.000000e+000
    outer loop
      vertex  1.000000e+000  1.520000e+002  1.000000e+001
      vertex  3.475000e+001  6.975000e+001  1.000000e+001
      vertex  3.475000e+001  7.475000e+001  1.000000e+001
    endloop
  endfacet
  facet normal  0.000000e+000  -0.000000e+000  9.999999e-001
    outer loop
      vertex  1.000000e+000  1.520000e+002  1.000000e+001
      vertex  3.475000e+001  7.475000e+001  1.000000e+001
      vertex  4.926795e+001  8.300000e+001  1.000000e+001
    endloop
  endfacet
  facet normal  0.000000e+000  -0.000000e+000  1.000000e+000
    outer loop
      vertex  1.000000e+000  1.520000e+002  1.000000e+001
      vertex  4.926795e+001  8.300000e+001  1.000000e+001
      vertex  5.000000e+001  8.373205e+001  1.000000e+001
    endloop
  endfacet
  facet normal  0.000000e+000  -0.000000e+000  1.000000e+000
    outer loop
      vertex  1.000000e+000  1.520000e+002  1.000000e+001
      vertex  5.000000e+001  8.373205e+001  1.000000e+001
      vertex  1.990000e+002  1.520000e+002  1.000000e+001
    endloop
  endfacet
  facet normal  0.000000e+000  -0.000000e+000  1.000000e+000
    outer loop
      vertex  1.000000e+000  1.000000e+000  1.000000e+001
      vertex  1.990000e+002  1.000000e+000  1.000000e+001
      vertex  1.990000e+002  2.000000e+000  1.000000e+001
    endloop
  endfacet
  facet normal  0.000000e+000  0.000000e+000  1.000000e+000
    outer loop
      vertex  1.000000e+000  1.000000e+000  1.000000e+001
      vertex  1.990000e+002  2.000000e+000  1.000000e+001
      vertex  5.100000e+001  2.000000e+000  1.000000e+001
    endloop
  endfacet
  facet normal  0.000000e+000  0.000000e+000  1.000000e+000
    outer loop
      vertex  1.000000e+000  1.000000e+000  1.000000e+001
      vertex  5.100000e+001  2.000000e+000  1.000000e+001
      vertex  4.958578e+001  2.585786e+000  1.000000e+001
    endloop
  endfacet
  facet normal  0.000000e+000  0.000000e+000  1.000000e+000
    outer loop
      vertex  1.000000e+000  1.000000e+000  1.000000e+001
      vertex  4.958578e+001  2.585786e+000  1.000000e+001
      vertex  4.900000e+001  4.000000e+000  1.000000e+001
    endloop
  endfacet
  facet normal  0.000000e+000  0.000000e+000  1.000000e+000
    outer loop
      vertex  1.000000e+000  1.000000e+000  1.000000e+001
      vertex  4.900000e+001  4.000000e+000  1.000000e+001
      vertex  4.675000e+001  3.125000e+001  1.000000e+001
    endloop
  endfacet
  facet normal  0.000000e+000  0.000000e+000  1.000000e+000
    outer loop
      vertex  1.000000e+000  1.000000e+000  1.000000e+001
      vertex  4.675000e+001  3.125000e+001  1.000000e+001
      vertex  3.475000e+001  3.125000e+001  1.000000e+001
    endloop
  endfacet
  facet normal  0.000000e+000  0.000000e+000  1.000000e+000
    outer loop
      vertex  1.000000e+000  1.000000e+000  1.000000e+001
      vertex  3.475000e+001  3.125000e+001  1.000000e+001
      vertex  1.525000e+001  3.125000e+001  1.000000e+001
    endloop
  endfacet
  facet normal  0.000000e+000  0.000000e+000  1.000000e+000
    outer loop
      vertex  1.000000e+000  1.000000e+000  1.000000e+001
      vertex  1.525000e+001  3.125000e+001  1.000000e+001
      vertex  3.250000e+000  3.125000e+001  1.000000e+001
    endloop
  endfacet
  facet normal  0.000000e+000  0.000000e+000  1.000000e+000
    outer loop
      vertex  1.525000e+001  3.125000e+001  1.000000e+001
      vertex  3.475000e+001  3.125000e+001  1.000000e+001
      vertex  1.525000e+001  3.625000e+001  1.000000e+001
    endloop
  endfacet
  facet normal  -0.000000e+000  0.000000e+000  1.000000e+000
    outer loop
      vertex  1.525000e+001  3.625000e+001  1.000000e+001
      vertex  3.475000e+001  3.125000e+001  1.000000e+001
      vertex  3.475000e+001  3.625000e+001  1.000000e+001
    endloop
  endfacet
  facet normal  0.000000e+000  0.000000e+000  1.000000e+000
    outer loop
      vertex  3.250000e+000  4.325000e+001  1.000000e+001
      vertex  8.250000e+000  4.325000e+001  1.000000e+001
      vertex  3.250000e+000  6.275000e+001  1.000000e+001
    endloop
  endfacet
  facet normal  -0.000000e+000  0.000000e+000  1.000000e+000
    outer loop
      vertex  3.250000e+000  6.275000e+001  1.000000e+001
      vertex  8.250000e+000  4.325000e+001  1.000000e+001
      vertex  8.250000e+000  6.275000e+001  1.000000e+001
    endloop
  endfacet
  facet normal  0.000000e+000  0.000000e+000  1.000000e+000
    outer loop
      vertex  4.175000e+001  6.275000e+001  1.000000e+001
      vertex  4.175000e+001  4.325000e+001  1.000000e+001
      vertex  4.675000e+001  6.275000e+001  1.000000e+001
    endloop
  endfacet
  facet normal  0.000000e+000  0.000000e+000  1.000000e+000
    outer loop
      vertex  4.675000e+001  6.275000e+001  1.000000e+001
      vertex  4.175000e+001  4.325000e+001  1.000000e+001
      vertex  4.675000e+001  4.325000e+001  1.000000e+001
    endloop
  endfacet
  facet normal  0.000000e+000 -9.238796e-001  3.826835e-001
    outer loop
      vertex  1.000000e+000  0.000000e+000  9.000000e+000
      vertex  1.990000e+002  0.000000e+000  9.000000e+000
      vertex  1.000000e+000  2.928932e-001  9.707107e+000
    endloop
  endfacet
  facet normal  0.000000e+000 -9.238796e-001  3.826835e-001
    outer loop
      vertex  1.000000e+000  2.928932e-001  9.707107e+000
      vertex  1.990000e+002  0.000000e+000  9.000000e+000
      vertex  1.990000e+002  2.928932e-001  9.707107e+000
    endloop
  endfacet
  facet normal  0.000000e+000 -3.826837e-001  9.238794e-001
    outer loop
      vertex  1.000000e+000  2.928932e-001  9.707107e+000
      vertex  1.990000e+002  2.928932e-001  9.707107e+000
      vertex  1.000000e+000  1.000000e+000  1.000000e+001
    endloop
  endfacet
  facet normal  0.000000e+000 -3.826837e-001  9.238794e-001
    outer loop
      vertex  1.000000e+000  1.000000e+000  1.000000e+001
      vertex  1.990000e+002  2.928932e-001  9.707107e+000
      vertex  1.990000e+002  1.000000e+000  1.000000e+001
    endloop
  endfacet
  facet normal  0.000000e+000  0.000000e+000 -1.000000e+000
    outer loop
      vertex  1.425000e+001  3.225000e+001  9.000000e+000
      vertex  1.425000e+001  3.725000e+001  9.000000e+000
      vertex  3.575000e+001  3.225000e+001  9.000000e+000
    endloop
  endfacet
  facet normal  0.000000e+000  0.000000e+000 -1.000000e+000
    outer loop
      vertex  3.575000e+001  3.225000e+001  9.000000e+000
      vertex  1.425000e+001  3.725000e+001  9.000000e+000
      vertex  3.575000e+001  3.725000e+001  9.000000e+000
    endloop
  endfacet
  facet normal  0.000000e+000  0.000000e+000 -1.000000e+000
    outer loop
      vertex  4.075000e+001  4.225000e+001  9.000000e+000
      vertex  4.075000e+001  6.375000e+001  9.000000e+000
      vertex  4.575000e+001  4.225000e+001  9.000000e+000
    endloop
  endfacet
  facet normal  0.000000e+000  0.000000e+000 -1.000000e+000
    outer loop
      vertex  4.575000e+001  4.225000e+001  9.000000e+000
      vertex  4.075000e+001  6.375000e+001  9.000000e+000
      vertex  4.575000e+001  6.375000e+001  9.000000e+000
    endloop
  endfacet
  facet normal  0.000000e+000  0.000000e+000 -1.000000e+000
    outer loop
      vertex  4.250000e+000  4.225000e+001  9.000000e+000
      vertex  4.250000e+000  6.375000e+001  9.000000e+000
      vertex  9.250000e+000  4.225000e+001  9.000000e+000
    endloop
  endfacet
  facet normal  0.000000e+000  0.000000e+000 -1.000000e+000
    outer loop
      vertex  9.250000e+000  4.225000e+001  9.000000e+000
      vertex  4.250000e+000  6.375000e+001  9.000000e+000
      vertex  9.250000e+000  6.375000e+001  9.000000e+000
    endloop
  endfacet
  facet normal  0.000000e+000  0.000000e+000 -1.000000e+000
    outer loop
      vertex  1.425000e+001  6.875000e+001  9.000000e+000
      vertex  1.425000e+001  7.375000e+001  9.000000e+000
      vertex  3.575000e+001  6.875000e+001  9.000000e+000
    endloop
  endfacet
  facet normal  0.000000e+000  0.000000e+000 -1.000000e+000
    outer loop
      vertex  3.575000e+001  6.875000e+001  9.000000e+000
      vertex  1.425000e+001  7.375000e+001  9.000000e+000
      vertex  3.575000e+001  7.375000e+001  9.000000e+000
    endloop
  endfacet
  facet normal  7.862005e-002  -0.000000e+000  9.969047e-001
    outer loop
      vertex  3.250000e+000  4.325000e+001  1.000000e+001
      vertex  3.250000e+000  3.125000e+001  1.000000e+001
      vertex  3.406757e+000  4.309324e+001  9.987638e+000
    endloop
  endfacet
  facet normal  7.862004e-002  0.000000e+000  9.969047e-001
    outer loop
      vertex  3.406757e+000  4.309324e+001  9.987638e+000
      vertex  3.250000e+000  3.125000e+001  1.000000e+001
      vertex  3.406757e+000  3.140676e+001  9.987638e+000
    endloop
  endfacet
  facet normal  4.470869e-001  -0.000000e+000  8.944905e-001
    outer loop
      vertex  3.406757e+000  4.309324e+001  9.987638e+000
      vertex  3.406757e+000  3.140676e+001  9.987638e+000
      vertex  3.945852e+000  4.255415e+001  9.718185e+000
    endloop
  endfacet
  facet normal  4.470869e-001  0.000000e+000  8.944905e-001
    outer loop
      vertex  3.945852e+000  4.255415e+001  9.718185e+000
      vertex  3.406757e+000  3.140676e+001  9.987638e+000
      vertex  3.945852e+000  3.194585e+001  9.718185e+000
    endloop
  endfacet
  facet normal  8.106207e-001  -0.000000e+000  5.855715e-001
    outer loop
      vertex  3.945852e+000  4.255415e+001  9.718185e+000
      vertex  3.945852e+000  3.194585e+001  9.718185e+000
      vertex  4.150456e+000  4.234954e+001  9.434947e+000
    endloop
  endfacet
  facet normal  8.106207e-001  0.000000e+000  5.855716e-001
    outer loop
      vertex  4.150456e+000  4.234954e+001  9.434947e+000
      vertex  3.945852e+000  3.194585e+001  9.718185e+000
      vertex  4.150456e+000  3.215046e+001  9.434947e+000
    endloop
  endfacet
  facet normal  9.747964e-001  -0.000000e+000  2.230966e-001
    outer loop
      vertex  4.150456e+000  4.234954e+001  9.434947e+000
      vertex  4.150456e+000  3.215046e+001  9.434947e+000
      vertex  4.250000e+000  4.225000e+001  9.000000e+000
    endloop
  endfacet
  facet normal  9.747964e-001  0.000000e+000  2.230965e-001
    outer loop
      vertex  4.250000e+000  4.225000e+001  9.000000e+000
      vertex  4.150456e+000  3.215046e+001  9.434947e+000
      vertex  4.250000e+000  3.225000e+001  9.000000e+000
    endloop
  endfacet
  facet normal  7.862005e-002  -0.000000e+000  9.969047e-001
    outer loop
      vertex  3.250000e+000  7.475000e+001  1.000000e+001
      vertex  3.250000e+000  6.275000e+001  1.000000e+001
      vertex  3.406757e+000  7.459325e+001  9.987638e+000
    endloop
  endfacet
  facet normal  7.862004e-002  0.000000e+000  9.969047e-001
    outer loop
      vertex  3.406757e+000  7.459325e+001  9.987638e+000
      vertex  3.250000e+000  6.275000e+001  1.000000e+001
      vertex  3.406757e+000  6.290676e+001  9.987638e+000
    endloop
  endfacet
  facet normal  4.470868e-001  -0.000000e+000  8.944905e-001
    outer loop
      vertex  3.406757e+000  7.459325e+001  9.987638e+000
      vertex  3.406757e+000  6.290676e+001  9.987638e+000
      vertex  3.945852e+000  7.405415e+001  9.718185e+000
    endloop
  endfacet
  facet normal  4.470869e-001  0.000000e+000  8.944905e-001
    outer loop
      vertex  3.945852e+000  7.405415e+001  9.718185e+000
      vertex  3.406757e+000  6.290676e+001  9.987638e+000
      vertex  3.945852e+000  6.344585e+001  9.718185e+000
    endloop
  endfacet
  facet normal  8.106207e-001  -0.000000e+000  5.855715e-001
    outer loop
      vertex  3.945852e+000  7.405415e+001  9.718185e+000
      vertex  3.945852e+000  6.344585e+001  9.718185e+000
      vertex  4.150456e+000  7.384954e+001  9.434947e+000
    endloop
  endfacet
  facet normal  8.106207e-001  0.000000e+000  5.855716e-001
    outer loop
      vertex  4.150456e+000  7.384954e+001  9.434947e+000
      vertex  3.945852e+000  6.344585e+001  9.718185e+000
      vertex  4.150456e+000  6.365046e+001  9.434947e+000
    endloop
  endfacet
  facet normal  9.747964e-001  -0.000000e+000  2.230965e-001
    outer loop
      vertex  4.150456e+000  7.384954e+001  9.434947e+000
      vertex  4.150456e+000  6.365046e+001  9.434947e+000
      vertex  4.250000e+000  7.375000e+001  9.000000e+000
    endloop
  endfacet
  facet normal  9.747964e-001  0.000000e+000  2.230965e-001
    outer loop
      vertex  4.250000e+000  7.375000e+001  9.000000e+000
      vertex  4.150456e+000  6.365046e+001  9.434947e+000
      vertex  4.250000e+000  6.375000e+001  9.000000e+000
    endloop
  endfacet
  facet normal  0.000000e+000 -7.861969e-002  9.969047e-001
    outer loop
      vertex  8.250000e+000  4.325000e+001  1.000000e+001
      vertex  3.250000e+000  4.325000e+001  1.000000e+001
      vertex  8.406756e+000  4.309324e+001  9.987638e+000
    endloop
  endfacet
  facet normal  0.000000e+000 -7.861969e-002  9.969047e-001
    outer loop
      vertex  8.406756e+000  4.309324e+001  9.987638e+000
      vertex  3.250000e+000  4.325000e+001  1.000000e+001
      vertex  3.406757e+000  4.309324e+001  9.987638e+000
    endloop
  endfacet
  facet normal  0.000000e+000 -4.470883e-001  8.944898e-001
    outer loop
      vertex  8.406756e+000  4.309324e+001  9.987638e+000
      vertex  3.406757e+000  4.309324e+001  9.987638e+000
      vertex  8.945847e+000  4.255415e+001  9.718185e+000
    endloop
  endfacet
  facet normal -3.411038e-007 -4.470911e-001  8.944885e-001
    outer loop
      vertex  8.945847e+000  4.255415e+001  9.718185e+000
      vertex  3.406757e+000  4.309324e+001  9.987638e+000
      vertex  3.945852e+000  4.255415e+001  9.718185e+000
    endloop
  endfacet
  facet normal -6.184544e-007 -8.106197e-001  5.855731e-001
    outer loop
      vertex  8.945847e+000  4.255415e+001  9.718185e+000
      vertex  3.945852e+000  4.255415e+001  9.718185e+000
      vertex  9.150455e+000  4.234954e+001  9.434947e+000
    endloop
  endfacet
  facet normal  0.000000e+000 -8.106142e-001  5.855805e-001
    outer loop
      vertex  9.150455e+000  4.234954e+001  9.434947e+000
      vertex  3.945852e+000  4.255415e+001  9.718185e+000
      vertex  4.150456e+000  4.234954e+001  9.434947e+000
    endloop
  endfacet
  facet normal  0.000000e+000 -9.747962e-001  2.230976e-001
    outer loop
      vertex  9.150455e+000  4.234954e+001  9.434947e+000
      vertex  4.150456e+000  4.234954e+001  9.434947e+000
      vertex  9.250000e+000  4.225000e+001  9.000000e+000
    endloop
  endfacet
  facet normal  0.000000e+000 -9.747961e-001  2.230976e-001
    outer loop
      vertex  9.250000e+000  4.225000e+001  9.000000e+000
      vertex  4.150456e+000  4.234954e+001  9.434947e+000
      vertex  4.250000e+000  4.225000e+001  9.000000e+000
    endloop
  endfacet
  facet normal  9.747962e-001  0.000000e+000  2.230976e-001
    outer loop
      vertex  9.250000e+000  4.225000e+001  9.000000e+000
      vertex  9.250000e+000  6.375000e+001  9.000000e+000
      vertex  9.150455e+000  4.234954e+001  9.434947e+000
    endloop
  endfacet
  facet normal  9.747961e-001  -0.000000e+000  2.230975e-001
    outer loop
      vertex  9.150455e+000  4.234954e+001  9.434947e+000
      vertex  9.250000e+000  6.375000e+001  9.000000e+000
      vertex  9.150455e+000  6.365046e+001  9.434947e+000
    endloop
  endfacet
  facet normal  8.106142e-001  0.000000e+000  5.855805e-001
    outer loop
      vertex  9.150455e+000  4.234954e+001  9.434947e+000
      vertex  9.150455e+000  6.365046e+001  9.434947e+000
      vertex  8.945847e+000  4.255415e+001  9.718185e+000
    endloop
  endfacet
  facet normal  8.106207e-001 -1.850180e-007  5.855715e-001
    outer loop
      vertex  8.945847e+000  4.255415e+001  9.718185e+000
      vertex  9.150455e+000  6.365046e+001  9.434947e+000
      vertex  8.945851e+000  6.344585e+001  9.718185e+000
    endloop
  endfacet
  facet normal  4.470901e-001 -1.020449e-007  8.944890e-001
    outer loop
      vertex  8.945847e+000  4.255415e+001  9.718185e+000
      vertex  8.945851e+000  6.344585e+001  9.718185e+000
      vertex  8.406756e+000  4.309324e+001  9.987638e+000
    endloop
  endfacet
  facet normal  4.470870e-001  -0.000000e+000  8.944905e-001
    outer loop
      vertex  8.406756e+000  4.309324e+001  9.987638e+000
      vertex  8.945851e+000  6.344585e+001  9.718185e+000
      vertex  8.406756e+000  6.290676e+001  9.987638e+000
    endloop
  endfacet
  facet normal  7.862016e-002  0.000000e+000  9.969046e-001
    outer loop
      vertex  8.406756e+000  4.309324e+001  9.987638e+000
      vertex  8.406756e+000  6.290676e+001  9.987638e+000
      vertex  8.250000e+000  4.325000e+001  1.000000e+001
    endloop
  endfacet
  facet normal  7.862016e-002  -0.000000e+000  9.969046e-001
    outer loop
      vertex  8.250000e+000  4.325000e+001  1.000000e+001
      vertex  8.406756e+000  6.290676e+001  9.987638e+000
      vertex  8.250000e+000  6.275000e+001  1.000000e+001
    endloop
  endfacet
  facet normal  0.000000e+000  7.861969e-002  9.969047e-001
    outer loop
      vertex  3.250000e+000  6.275000e+001  1.000000e+001
      vertex  8.250000e+000  6.275000e+001  1.000000e+001
      vertex  3.406757e+000  6.290676e+001  9.987638e+000
    endloop
  endfacet
  facet normal  -0.000000e+000  7.861969e-002  9.969047e-001
    outer loop
      vertex  3.406757e+000  6.290676e+001  9.987638e+000
      vertex  8.250000e+000  6.275000e+001  1.000000e+001
      vertex  8.406756e+000  6.290676e+001  9.987638e+000
    endloop
  endfacet
  facet normal  0.000000e+000  4.470908e-001  8.944886e-001
    outer loop
      vertex  3.406757e+000  6.290676e+001  9.987638e+000
      vertex  8.406756e+000  6.290676e+001  9.987638e+000
      vertex  3.945852e+000  6.344585e+001  9.718185e+000
    endloop
  endfacet
  facet normal  -0.000000e+000  4.470908e-001  8.944886e-001
    outer loop
      vertex  3.945852e+000  6.344585e+001  9.718185e+000
      vertex  8.406756e+000  6.290676e+001  9.987638e+000
      vertex  8.945851e+000  6.344585e+001  9.718185e+000
    endloop
  endfacet
  facet normal  0.000000e+000  8.106142e-001  5.855805e-001
    outer loop
      vertex  3.945852e+000  6.344585e+001  9.718185e+000
      vertex  8.945851e+000  6.344585e+001  9.718185e+000
      vertex  4.150456e+000  6.365046e+001  9.434947e+000
    endloop
  endfacet
  facet normal  -0.000000e+000  8.106142e-001  5.855805e-001
    outer loop
      vertex  4.150456e+000  6.365046e+001  9.434947e+000
      vertex  8.945851e+000  6.344585e+001  9.718185e+000
      vertex  9.150455e+000  6.365046e+001  9.434947e+000
    endloop
  endfacet
  facet normal  0.000000e+000  9.747962e-001  2.230976e-001
    outer loop
      vertex  4.150456e+000  6.365046e+001  9.434947e+000
      vertex  9.150455e+000  6.365046e+001  9.434947e+000
      vertex  4.250000e+000  6.375000e+001  9.000000e+000
    endloop
  endfacet
  facet normal  -0.000000e+000  9.747961e-001  2.230976e-001
    outer loop
      vertex  4.250000e+000  6.375000e+001  9.000000e+000
      vertex  9.150455e+000  6.365046e+001  9.434947e+000
      vertex  9.250000e+000  6.375000e+001  9.000000e+000
    endloop
  endfacet
  facet normal  0.000000e+000 -9.747980e-001  2.230894e-001
    outer loop
      vertex  4.250000e+000  7.375000e+001  9.000000e+000
      vertex  1.425000e+001  7.375000e+001  9.000000e+000
      vertex  4.150456e+000  7.384954e+001  9.434947e+000
    endloop
  endfacet
  facet normal  0.000000e+000 -9.747980e-001  2.230894e-001
    outer loop
      vertex  4.150456e+000  7.384954e+001  9.434947e+000
      vertex  1.425000e+001  7.375000e+001  9.000000e+000
      vertex  1.434954e+001  7.384954e+001  9.434947e+000
    endloop
  endfacet
  facet normal  0.000000e+000 -8.106090e-001  5.855877e-001
    outer loop
      vertex  4.150456e+000  7.384954e+001  9.434947e+000
      vertex  1.434954e+001  7.384954e+001  9.434947e+000
      vertex  3.945852e+000  7.405415e+001  9.718185e+000
    endloop
  endfacet
  facet normal -5.829901e-007 -8.106192e-001  5.855737e-001
    outer loop
      vertex  3.945852e+000  7.405415e+001  9.718185e+000
      vertex  1.434954e+001  7.384954e+001  9.434947e+000
      vertex  1.455415e+001  7.405415e+001  9.718185e+000
    endloop
  endfacet
  facet normal -3.215421e-007 -4.470886e-001  8.944898e-001
    outer loop
      vertex  3.945852e+000  7.405415e+001  9.718185e+000
      vertex  1.455415e+001  7.405415e+001  9.718185e+000
      vertex  3.406757e+000  7.459325e+001  9.987638e+000
    endloop
  endfacet
  facet normal  0.000000e+000 -4.470832e-001  8.944924e-001
    outer loop
      vertex  3.406757e+000  7.459325e+001  9.987638e+000
      vertex  1.455415e+001  7.405415e+001  9.718185e+000
      vertex  1.509324e+001  7.459325e+001  9.987638e+000
    endloop
  endfacet
  facet normal  0.000000e+000 -7.862159e-002  9.969045e-001
    outer loop
      vertex  3.406757e+000  7.459325e+001  9.987638e+000
      vertex  1.509324e+001  7.459325e+001  9.987638e+000
      vertex  3.250000e+000  7.475000e+001  1.000000e+001
    endloop
  endfacet
  facet normal  0.000000e+000 -7.862160e-002  9.969046e-001
    outer loop
      vertex  3.250000e+000  7.475000e+001  1.000000e+001
      vertex  1.509324e+001  7.459325e+001  9.987638e+000
      vertex  1.525000e+001  7.475000e+001  1.000000e+001
    endloop
  endfacet
  facet normal  0.000000e+000 -9.747980e-001  2.230894e-001
    outer loop
      vertex  3.575000e+001  7.375000e+001  9.000000e+000
      vertex  4.575000e+001  7.375000e+001  9.000000e+000
      vertex  3.565046e+001  7.384954e+001  9.434947e+000
    endloop
  endfacet
  facet normal  0.000000e+000 -9.747980e-001  2.230894e-001
    outer loop
      vertex  3.565046e+001  7.384954e+001  9.434947e+000
      vertex  4.575000e+001  7.375000e+001  9.000000e+000
      vertex  4.584954e+001  7.384954e+001  9.434947e+000
    endloop
  endfacet
  facet normal  0.000000e+000 -8.106195e-001  5.855734e-001
    outer loop
      vertex  3.565046e+001  7.384954e+001  9.434947e+000
      vertex  4.584954e+001  7.384954e+001  9.434947e+000
      vertex  3.544585e+001  7.405415e+001  9.718185e+000
    endloop
  endfacet
  facet normal  0.000000e+000 -8.106194e-001  5.855734e-001
    outer loop
      vertex  3.544585e+001  7.405415e+001  9.718185e+000
      vertex  4.584954e+001  7.384954e+001  9.434947e+000
      vertex  4.605415e+001  7.405415e+001  9.718185e+000
    endloop
  endfacet
  facet normal  0.000000e+000 -4.470832e-001  8.944924e-001
    outer loop
      vertex  3.544585e+001  7.405415e+001  9.718185e+000
      vertex  4.605415e+001  7.405415e+001  9.718185e+000
      vertex  3.490676e+001  7.459325e+001  9.987638e+000
    endloop
  endfacet
  facet normal  0.000000e+000 -4.470832e-001  8.944924e-001
    outer loop
      vertex  3.490676e+001  7.459325e+001  9.987638e+000
      vertex  4.605415e+001  7.405415e+001  9.718185e+000
      vertex  4.659324e+001  7.459325e+001  9.987638e+000
    endloop
  endfacet
  facet normal  0.000000e+000 -7.862159e-002  9.969046e-001
    outer loop
      vertex  3.490676e+001  7.459325e+001  9.987638e+000
      vertex  4.659324e+001  7.459325e+001  9.987638e+000
      vertex  3.475000e+001  7.475000e+001  1.000000e+001
    endloop
  endfacet
  facet normal  0.000000e+000 -7.862160e-002  9.969046e-001
    outer loop
      vertex  3.475000e+001  7.475000e+001  1.000000e+001
      vertex  4.659324e+001  7.459325e+001  9.987638e+000
      vertex  4.675000e+001  7.475000e+001  1.000000e+001
    endloop
  endfacet
  facet normal -9.747961e-001  0.000000e+000  2.230976e-001
    outer loop
      vertex  1.425000e+001  7.375000e+001  9.000000e+000
      vertex  1.425000e+001  6.875000e+001  9.000000e+000
      vertex  1.434954e+001  7.384954e+001  9.434947e+000
    endloop
  endfacet
  facet normal -9.747961e-001  0.000000e+000  2.230976e-001
    outer loop
      vertex  1.434954e+001  7.384954e+001  9.434947e+000
      vertex  1.425000e+001  6.875000e+001  9.000000e+000
      vertex  1.434954e+001  6.884954e+001  9.434947e+000
    endloop
  endfacet
  facet normal -8.106143e-001  0.000000e+000  5.855806e-001
    outer loop
      vertex  1.434954e+001  7.384954e+001  9.434947e+000
      vertex  1.434954e+001  6.884954e+001  9.434947e+000
      vertex  1.455415e+001  7.405415e+001  9.718185e+000
    endloop
  endfacet
  facet normal -8.106210e-001  7.730696e-007  5.855712e-001
    outer loop
      vertex  1.455415e+001  7.405415e+001  9.718185e+000
      vertex  1.434954e+001  6.884954e+001  9.434947e+000
      vertex  1.455415e+001  6.905415e+001  9.718185e+000
    endloop
  endfacet
  facet normal -4.470905e-001  4.263794e-007  8.944888e-001
    outer loop
      vertex  1.455415e+001  7.405415e+001  9.718185e+000
      vertex  1.455415e+001  6.905415e+001  9.718185e+000
      vertex  1.509324e+001  7.459325e+001  9.987638e+000
    endloop
  endfacet
  facet normal -4.470870e-001  0.000000e+000  8.944905e-001
    outer loop
      vertex  1.509324e+001  7.459325e+001  9.987638e+000
      vertex  1.455415e+001  6.905415e+001  9.718185e+000
      vertex  1.509324e+001  6.959325e+001  9.987638e+000
    endloop
  endfacet
  facet normal -7.862017e-002  0.000000e+000  9.969047e-001
    outer loop
      vertex  1.509324e+001  7.459325e+001  9.987638e+000
      vertex  1.509324e+001  6.959325e+001  9.987638e+000
      vertex  1.525000e+001  7.475000e+001  1.000000e+001
    endloop
  endfacet
  facet normal -7.862017e-002  0.000000e+000  9.969047e-001
    outer loop
      vertex  1.525000e+001  7.475000e+001  1.000000e+001
      vertex  1.509324e+001  6.959325e+001  9.987638e+000
      vertex  1.525000e+001  6.975000e+001  1.000000e+001
    endloop
  endfacet
  facet normal  0.000000e+000 -9.747980e-001  2.230895e-001
    outer loop
      vertex  1.425000e+001  6.875000e+001  9.000000e+000
      vertex  3.575000e+001  6.875000e+001  9.000000e+000
      vertex  1.434954e+001  6.884954e+001  9.434947e+000
    endloop
  endfacet
  facet normal  0.000000e+000 -9.747980e-001  2.230894e-001
    outer loop
      vertex  1.434954e+001  6.884954e+001  9.434947e+000
      vertex  3.575000e+001  6.875000e+001  9.000000e+000
      vertex  3.565046e+001  6.884954e+001  9.434947e+000
    endloop
  endfacet
  facet normal  0.000000e+000 -8.106090e-001  5.855877e-001
    outer loop
      vertex  1.434954e+001  6.884954e+001  9.434947e+000
      vertex  3.565046e+001  6.884954e+001  9.434947e+000
      vertex  1.455415e+001  6.905415e+001  9.718185e+000
    endloop
  endfacet
  facet normal -2.960284e-007 -8.106196e-001  5.855733e-001
    outer loop
      vertex  1.455415e+001  6.905415e+001  9.718185e+000
      vertex  3.565046e+001  6.884954e+001  9.434947e+000
      vertex  3.544585e+001  6.905415e+001  9.718185e+000
    endloop
  endfacet
  facet normal -1.632712e-007 -4.470881e-001  8.944899e-001
    outer loop
      vertex  1.455415e+001  6.905415e+001  9.718185e+000
      vertex  3.544585e+001  6.905415e+001  9.718185e+000
      vertex  1.509324e+001  6.959325e+001  9.987638e+000
    endloop
  endfacet
  facet normal  0.000000e+000 -4.470832e-001  8.944923e-001
    outer loop
      vertex  1.509324e+001  6.959325e+001  9.987638e+000
      vertex  3.544585e+001  6.905415e+001  9.718185e+000
      vertex  3.490676e+001  6.959325e+001  9.987638e+000
    endloop
  endfacet
  facet normal  0.000000e+000 -7.862159e-002  9.969045e-001
    outer loop
      vertex  1.509324e+001  6.959325e+001  9.987638e+000
      vertex  3.490676e+001  6.959325e+001  9.987638e+000
      vertex  1.525000e+001  6.975000e+001  1.000000e+001
    endloop
  endfacet
  facet normal  0.000000e+000 -7.862160e-002  9.969046e-001
    outer loop
      vertex  1.525000e+001  6.975000e+001  1.000000e+001
      vertex  3.490676e+001  6.959325e+001  9.987638e+000
      vertex  3.475000e+001  6.975000e+001  1.000000e+001
    endloop
  endfacet
  facet normal  9.747961e-001  0.000000e+000  2.230976e-001
    outer loop
      vertex  3.575000e+001  6.875000e+001  9.000000e+000
      vertex  3.575000e+001  7.375000e+001  9.000000e+000
      vertex  3.565046e+001  6.884954e+001  9.434947e+000
    endloop
  endfacet
  facet normal  9.747961e-001  -0.000000e+000  2.230976e-001
    outer loop
      vertex  3.565046e+001  6.884954e+001  9.434947e+000
      vertex  3.575000e+001  7.375000e+001  9.000000e+000
      vertex  3.565046e+001  7.384954e+001  9.434947e+000
    endloop
  endfacet
  facet normal  8.106143e-001  0.000000e+000  5.855806e-001
    outer loop
      vertex  3.565046e+001  6.884954e+001  9.434947e+000
      vertex  3.565046e+001  7.384954e+001  9.434947e+000
      vertex  3.544585e+001  6.905415e+001  9.718185e+000
    endloop
  endfacet
  facet normal  8.106143e-001  -0.000000e+000  5.855806e-001
    outer loop
      vertex  3.544585e+001  6.905415e+001  9.718185e+000
      vertex  3.565046e+001  7.384954e+001  9.434947e+000
      vertex  3.544585e+001  7.405415e+001  9.718185e+000
    endloop
  endfacet
  facet normal  4.470908e-001  0.000000e+000  8.944886e-001
    outer loop
      vertex  3.544585e+001  6.905415e+001  9.718185e+000
      vertex  3.544585e+001  7.405415e+001  9.718185e+000
      vertex  3.490676e+001  6.959325e+001  9.987638e+000
    endloop
  endfacet
  facet normal  4.470908e-001  -0.000000e+000  8.944886e-001
    outer loop
      vertex  3.490676e+001  6.959325e+001  9.987638e+000
      vertex  3.544585e+001  7.405415e+001  9.718185e+000
      vertex  3.490676e+001  7.459325e+001  9.987638e+000
    endloop
  endfacet
  facet normal  7.861969e-002  0.000000e+000  9.969047e-001
    outer loop
      vertex  3.490676e+001  6.959325e+001  9.987638e+000
      vertex  3.490676e+001  7.459325e+001  9.987638e+000
      vertex  3.475000e+001  6.975000e+001  1.000000e+001
    endloop
  endfacet
  facet normal  7.861969e-002  -0.000000e+000  9.969047e-001
    outer loop
      vertex  3.475000e+001  6.975000e+001  1.000000e+001
      vertex  3.490676e+001  7.459325e+001  9.987638e+000
      vertex  3.475000e+001  7.475000e+001  1.000000e+001
    endloop
  endfacet
  facet normal -7.861968e-002  0.000000e+000  9.969046e-001
    outer loop
      vertex  4.675000e+001  6.275000e+001  1.000000e+001
      vertex  4.675000e+001  7.475000e+001  1.000000e+001
      vertex  4.659324e+001  6.290676e+001  9.987638e+000
    endloop
  endfacet
  facet normal -7.861969e-002  0.000000e+000  9.969047e-001
    outer loop
      vertex  4.659324e+001  6.290676e+001  9.987638e+000
      vertex  4.675000e+001  7.475000e+001  1.000000e+001
      vertex  4.659324e+001  7.459325e+001  9.987638e+000
    endloop
  endfacet
  facet normal -4.470883e-001  0.000000e+000  8.944898e-001
    outer loop
      vertex  4.659324e+001  6.290676e+001  9.987638e+000
      vertex  4.659324e+001  7.459325e+001  9.987638e+000
      vertex  4.605415e+001  6.344585e+001  9.718185e+000
    endloop
  endfacet
  facet normal -4.470909e-001  1.607719e-007  8.944885e-001
    outer loop
      vertex  4.605415e+001  6.344585e+001  9.718185e+000
      vertex  4.659324e+001  7.459325e+001  9.987638e+000
      vertex  4.605415e+001  7.405415e+001  9.718185e+000
    endloop
  endfacet
  facet normal -8.106193e-001  2.914951e-007  5.855735e-001
    outer loop
      vertex  4.605415e+001  6.344585e+001  9.718185e+000
      vertex  4.605415e+001  7.405415e+001  9.718185e+000
      vertex  4.584954e+001  6.365046e+001  9.434947e+000
    endloop
  endfacet
  facet normal -8.106142e-001  0.000000e+000  5.855805e-001
    outer loop
      vertex  4.584954e+001  6.365046e+001  9.434947e+000
      vertex  4.605415e+001  7.405415e+001  9.718185e+000
      vertex  4.584954e+001  7.384954e+001  9.434947e+000
    endloop
  endfacet
  facet normal -9.747961e-001  0.000000e+000  2.230975e-001
    outer loop
      vertex  4.584954e+001  6.365046e+001  9.434947e+000
      vertex  4.584954e+001  7.384954e+001  9.434947e+000
      vertex  4.575000e+001  6.375000e+001  9.000000e+000
    endloop
  endfacet
  facet normal -9.747961e-001  0.000000e+000  2.230976e-001
    outer loop
      vertex  4.575000e+001  6.375000e+001  9.000000e+000
      vertex  4.584954e+001  7.384954e+001  9.434947e+000
      vertex  4.575000e+001  7.375000e+001  9.000000e+000
    endloop
  endfacet
  facet normal -7.861968e-002  0.000000e+000  9.969046e-001
    outer loop
      vertex  4.675000e+001  3.125000e+001  1.000000e+001
      vertex  4.675000e+001  4.325000e+001  1.000000e+001
      vertex  4.659324e+001  3.140676e+001  9.987638e+000
    endloop
  endfacet
  facet normal -7.861969e-002  0.000000e+000  9.969047e-001
    outer loop
      vertex  4.659324e+001  3.140676e+001  9.987638e+000
      vertex  4.675000e+001  4.325000e+001  1.000000e+001
      vertex  4.659324e+001  4.309324e+001  9.987638e+000
    endloop
  endfacet
  facet normal -4.470883e-001  0.000000e+000  8.944898e-001
    outer loop
      vertex  4.659324e+001  3.140676e+001  9.987638e+000
      vertex  4.659324e+001  4.309324e+001  9.987638e+000
      vertex  4.605415e+001  3.194585e+001  9.718185e+000
    endloop
  endfacet
  facet normal -4.470883e-001  0.000000e+000  8.944899e-001
    outer loop
      vertex  4.605415e+001  3.194585e+001  9.718185e+000
      vertex  4.659324e+001  4.309324e+001  9.987638e+000
      vertex  4.605415e+001  4.255415e+001  9.718185e+000
    endloop
  endfacet
  facet normal -8.106194e-001  0.000000e+000  5.855734e-001
    outer loop
      vertex  4.605415e+001  3.194585e+001  9.718185e+000
      vertex  4.605415e+001  4.255415e+001  9.718185e+000
      vertex  4.584954e+001  3.215046e+001  9.434947e+000
    endloop
  endfacet
  facet normal -8.106195e-001  0.000000e+000  5.855734e-001
    outer loop
      vertex  4.584954e+001  3.215046e+001  9.434947e+000
      vertex  4.605415e+001  4.255415e+001  9.718185e+000
      vertex  4.584954e+001  4.234954e+001  9.434947e+000
    endloop
  endfacet
  facet normal -9.747961e-001  0.000000e+000  2.230975e-001
    outer loop
      vertex  4.584954e+001  3.215046e+001  9.434947e+000
      vertex  4.584954e+001  4.234954e+001  9.434947e+000
      vertex  4.575000e+001  3.225000e+001  9.000000e+000
    endloop
  endfacet
  facet normal -9.747961e-001  0.000000e+000  2.230976e-001
    outer loop
      vertex  4.575000e+001  3.225000e+001  9.000000e+000
      vertex  4.584954e+001  4.234954e+001  9.434947e+000
      vertex  4.575000e+001  4.225000e+001  9.000000e+000
    endloop
  endfacet
  facet normal  0.000000e+000  7.861969e-002  9.969047e-001
    outer loop
      vertex  4.175000e+001  6.275000e+001  1.000000e+001
      vertex  4.675000e+001  6.275000e+001  1.000000e+001
      vertex  4.159324e+001  6.290676e+001  9.987638e+000
    endloop
  endfacet
  facet normal  -0.000000e+000  7.861969e-002  9.969047e-001
    outer loop
      vertex  4.159324e+001  6.290676e+001  9.987638e+000
      vertex  4.675000e+001  6.275000e+001  1.000000e+001
      vertex  4.659324e+001  6.290676e+001  9.987638e+000
    endloop
  endfacet
  facet normal  0.000000e+000  4.470883e-001  8.944898e-001
    outer loop
      vertex  4.159324e+001  6.290676e+001  9.987638e+000
      vertex  4.659324e+001  6.290676e+001  9.987638e+000
      vertex  4.105415e+001  6.344585e+001  9.718185e+000
    endloop
  endfacet
  facet normal  3.411037e-007  4.470910e-001  8.944884e-001
    outer loop
      vertex  4.105415e+001  6.344585e+001  9.718185e+000
      vertex  4.659324e+001  6.290676e+001  9.987638e+000
      vertex  4.605415e+001  6.344585e+001  9.718185e+000
    endloop
  endfacet
  facet normal  6.184541e-007  8.106196e-001  5.855730e-001
    outer loop
      vertex  4.105415e+001  6.344585e+001  9.718185e+000
      vertex  4.605415e+001  6.344585e+001  9.718185e+000
      vertex  4.084954e+001  6.365046e+001  9.434947e+000
    endloop
  endfacet
  facet normal  -0.000000e+000  8.106143e-001  5.855806e-001
    outer loop
      vertex  4.084954e+001  6.365046e+001  9.434947e+000
      vertex  4.605415e+001  6.344585e+001  9.718185e+000
      vertex  4.584954e+001  6.365046e+001  9.434947e+000
    endloop
  endfacet
  facet normal  0.000000e+000  9.747961e-001  2.230976e-001
    outer loop
      vertex  4.084954e+001  6.365046e+001  9.434947e+000
      vertex  4.584954e+001  6.365046e+001  9.434947e+000
      vertex  4.075000e+001  6.375000e+001  9.000000e+000
    endloop
  endfacet
  facet normal  -0.000000e+000  9.747961e-001  2.230976e-001
    outer loop
      vertex  4.075000e+001  6.375000e+001  9.000000e+000
      vertex  4.584954e+001  6.365046e+001  9.434947e+000
      vertex  4.575000e+001  6.375000e+001  9.000000e+000
    endloop
  endfacet
  facet normal -7.861969e-002  0.000000e+000  9.969047e-001
    outer loop
      vertex  4.175000e+001  4.325000e+001  1.000000e+001
      vertex  4.175000e+001  6.275000e+001  1.000000e+001
      vertex  4.159324e+001  4.309324e+001  9.987638e+000
    endloop
  endfacet
  facet normal -7.861969e-002  0.000000e+000  9.969047e-001
    outer loop
      vertex  4.159324e+001  4.309324e+001  9.987638e+000
      vertex  4.175000e+001  6.275000e+001  1.000000e+001
      vertex  4.159324e+001  6.290676e+001  9.987638e+000
    endloop
  endfacet
  facet normal -4.470883e-001  0.000000e+000  8.944898e-001
    outer loop
      vertex  4.159324e+001  4.309324e+001  9.987638e+000
      vertex  4.159324e+001  6.290676e+001  9.987638e+000
      vertex  4.105415e+001  4.255415e+001  9.718185e+000
    endloop
  endfacet
  facet normal -4.470907e-001  8.163606e-008  8.944886e-001
    outer loop
      vertex  4.105415e+001  4.255415e+001  9.718185e+000
      vertex  4.159324e+001  6.290676e+001  9.987638e+000
      vertex  4.105415e+001  6.344585e+001  9.718185e+000
    endloop
  endfacet
  facet normal -8.106195e-001  1.480142e-007  5.855733e-001
    outer loop
      vertex  4.105415e+001  4.255415e+001  9.718185e+000
      vertex  4.105415e+001  6.344585e+001  9.718185e+000
      vertex  4.084954e+001  4.234954e+001  9.434947e+000
    endloop
  endfacet
  facet normal -8.106142e-001  0.000000e+000  5.855805e-001
    outer loop
      vertex  4.084954e+001  4.234954e+001  9.434947e+000
      vertex  4.105415e+001  6.344585e+001  9.718185e+000
      vertex  4.084954e+001  6.365046e+001  9.434947e+000
    endloop
  endfacet
  facet normal -9.747961e-001  0.000000e+000  2.230975e-001
    outer loop
      vertex  4.084954e+001  4.234954e+001  9.434947e+000
      vertex  4.084954e+001  6.365046e+001  9.434947e+000
      vertex  4.075000e+001  4.225000e+001  9.000000e+000
    endloop
  endfacet
  facet normal -9.747962e-001  0.000000e+000  2.230976e-001
    outer loop
      vertex  4.075000e+001  4.225000e+001  9.000000e+000
      vertex  4.084954e+001  6.365046e+001  9.434947e+000
      vertex  4.075000e+001  6.375000e+001  9.000000e+000
    endloop
  endfacet
  facet normal  0.000000e+000 -7.861969e-002  9.969047e-001
    outer loop
      vertex  4.675000e+001  4.325000e+001  1.000000e+001
      vertex  4.175000e+001  4.325000e+001  1.000000e+001
      vertex  4.659324e+001  4.309324e+001  9.987638e+000
    endloop
  endfacet
  facet normal  0.000000e+000 -7.861969e-002  9.969047e-001
    outer loop
      vertex  4.659324e+001  4.309324e+001  9.987638e+000
      vertex  4.175000e+001  4.325000e+001  1.000000e+001
      vertex  4.159324e+001  4.309324e+001  9.987638e+000
    endloop
  endfacet
  facet normal  0.000000e+000 -4.470908e-001  8.944886e-001
    outer loop
      vertex  4.659324e+001  4.309324e+001  9.987638e+000
      vertex  4.159324e+001  4.309324e+001  9.987638e+000
      vertex  4.605415e+001  4.255415e+001  9.718185e+000
    endloop
  endfacet
  facet normal  0.000000e+000 -4.470908e-001  8.944886e-001
    outer loop
      vertex  4.605415e+001  4.255415e+001  9.718185e+000
      vertex  4.159324e+001  4.309324e+001  9.987638e+000
      vertex  4.105415e+001  4.255415e+001  9.718185e+000
    endloop
  endfacet
  facet normal  0.000000e+000 -8.106143e-001  5.855806e-001
    outer loop
      vertex  4.605415e+001  4.255415e+001  9.718185e+000
      vertex  4.105415e+001  4.255415e+001  9.718185e+000
      vertex  4.584954e+001  4.234954e+001  9.434947e+000
    endloop
  endfacet
  facet normal  0.000000e+000 -8.106143e-001  5.855806e-001
    outer loop
      vertex  4.584954e+001  4.234954e+001  9.434947e+000
      vertex  4.105415e+001  4.255415e+001  9.718185e+000
      vertex  4.084954e+001  4.234954e+001  9.434947e+000
    endloop
  endfacet
  facet normal  0.000000e+000 -9.747961e-001  2.230976e-001
    outer loop
      vertex  4.584954e+001  4.234954e+001  9.434947e+000
      vertex  4.084954e+001  4.234954e+001  9.434947e+000
      vertex  4.575000e+001  4.225000e+001  9.000000e+000
    endloop
  endfacet
  facet normal  0.000000e+000 -9.747961e-001  2.230976e-001
    outer loop
      vertex  4.575000e+001  4.225000e+001  9.000000e+000
      vertex  4.084954e+001  4.234954e+001  9.434947e+000
      vertex  4.075000e+001  4.225000e+001  9.000000e+000
    endloop
  endfacet
  facet normal  -0.000000e+000  9.747961e-001  2.230976e-001
    outer loop
      vertex  4.575000e+001  3.225000e+001  9.000000e+000
      vertex  3.575000e+001  3.225000e+001  9.000000e+000
      vertex  4.584954e+001  3.215046e+001  9.434947e+000
    endloop
  endfacet
  facet normal  0.000000e+000  9.747961e-001  2.230975e-001
    outer loop
      vertex  4.584954e+001  3.215046e+001  9.434947e+000
      vertex  3.575000e+001  3.225000e+001  9.000000e+000
      vertex  3.565046e+001  3.215046e+001  9.434947e+000
    endloop
  endfacet
  facet normal  -0.000000e+000  8.106142e-001  5.855806e-001
    outer loop
      vertex  4.584954e+001  3.215046e+001  9.434947e+000
      vertex  3.565046e+001  3.215046e+001  9.434947e+000
      vertex  4.605415e+001  3.194585e+001  9.718185e+000
    endloop
  endfacet
  facet normal  4.372438e-007  8.106219e-001  5.855700e-001
    outer loop
      vertex  4.605415e+001  3.194585e+001  9.718185e+000
      vertex  3.565046e+001  3.215046e+001  9.434947e+000
      vertex  3.544585e+001  3.194585e+001  9.718185e+000
    endloop
  endfacet
  facet normal  2.411578e-007  4.470910e-001  8.944885e-001
    outer loop
      vertex  4.605415e+001  3.194585e+001  9.718185e+000
      vertex  3.544585e+001  3.194585e+001  9.718185e+000
      vertex  4.659324e+001  3.140676e+001  9.987638e+000
    endloop
  endfacet
  facet normal  0.000000e+000  4.470870e-001  8.944905e-001
    outer loop
      vertex  4.659324e+001  3.140676e+001  9.987638e+000
      vertex  3.544585e+001  3.194585e+001  9.718185e+000
      vertex  3.490676e+001  3.140676e+001  9.987638e+000
    endloop
  endfacet
  facet normal  -0.000000e+000  7.861969e-002  9.969047e-001
    outer loop
      vertex  4.659324e+001  3.140676e+001  9.987638e+000
      vertex  3.490676e+001  3.140676e+001  9.987638e+000
      vertex  4.675000e+001  3.125000e+001  1.000000e+001
    endloop
  endfacet
  facet normal  0.000000e+000  7.861968e-002  9.969046e-001
    outer loop
      vertex  4.675000e+001  3.125000e+001  1.000000e+001
      vertex  3.490676e+001  3.140676e+001  9.987638e+000
      vertex  3.475000e+001  3.125000e+001  1.000000e+001
    endloop
  endfacet
  facet normal  -0.000000e+000  9.747961e-001  2.230976e-001
    outer loop
      vertex  1.425000e+001  3.225000e+001  9.000000e+000
      vertex  4.250000e+000  3.225000e+001  9.000000e+000
      vertex  1.434954e+001  3.215046e+001  9.434947e+000
    endloop
  endfacet
  facet normal  0.000000e+000  9.747961e-001  2.230975e-001
    outer loop
      vertex  1.434954e+001  3.215046e+001  9.434947e+000
      vertex  4.250000e+000  3.225000e+001  9.000000e+000
      vertex  4.150456e+000  3.215046e+001  9.434947e+000
    endloop
  endfacet
  facet normal  -0.000000e+000  8.106220e-001  5.855697e-001
    outer loop
      vertex  1.434954e+001  3.215046e+001  9.434947e+000
      vertex  4.150456e+000  3.215046e+001  9.434947e+000
      vertex  1.455415e+001  3.194585e+001  9.718185e+000
    endloop
  endfacet
  facet normal -4.372399e-007  8.106144e-001  5.855803e-001
    outer loop
      vertex  1.455415e+001  3.194585e+001  9.718185e+000
      vertex  4.150456e+000  3.215046e+001  9.434947e+000
      vertex  3.945852e+000  3.194585e+001  9.718185e+000
    endloop
  endfacet
  facet normal -2.411556e-007  4.470868e-001  8.944906e-001
    outer loop
      vertex  1.455415e+001  3.194585e+001  9.718185e+000
      vertex  3.945852e+000  3.194585e+001  9.718185e+000
      vertex  1.509324e+001  3.140676e+001  9.987638e+000
    endloop
  endfacet
  facet normal  0.000000e+000  4.470908e-001  8.944886e-001
    outer loop
      vertex  1.509324e+001  3.140676e+001  9.987638e+000
      vertex  3.945852e+000  3.194585e+001  9.718185e+000
      vertex  3.406757e+000  3.140676e+001  9.987638e+000
    endloop
  endfacet
  facet normal  -0.000000e+000  7.861969e-002  9.969046e-001
    outer loop
      vertex  1.509324e+001  3.140676e+001  9.987638e+000
      vertex  3.406757e+000  3.140676e+001  9.987638e+000
      vertex  1.525000e+001  3.125000e+001  1.000000e+001
    endloop
  endfacet
  facet normal  0.000000e+000  7.861968e-002  9.969046e-001
    outer loop
      vertex  1.525000e+001  3.125000e+001  1.000000e+001
      vertex  3.406757e+000  3.140676e+001  9.987638e+000
      vertex  3.250000e+000  3.125000e+001  1.000000e+001
    endloop
  endfacet
  facet normal  9.747961e-001  0.000000e+000  2.230976e-001
    outer loop
      vertex  3.575000e+001  3.225000e+001  9.000000e+000
      vertex  3.575000e+001  3.725000e+001  9.000000e+000
      vertex  3.565046e+001  3.215046e+001  9.434947e+000
    endloop
  endfacet
  facet normal  9.747961e-001  -0.000000e+000  2.230976e-001
    outer loop
      vertex  3.565046e+001  3.215046e+001  9.434947e+000
      vertex  3.575000e+001  3.725000e+001  9.000000e+000
      vertex  3.565046e+001  3.715046e+001  9.434947e+000
    endloop
  endfacet
  facet normal  8.106143e-001  0.000000e+000  5.855806e-001
    outer loop
      vertex  3.565046e+001  3.215046e+001  9.434947e+000
      vertex  3.565046e+001  3.715046e+001  9.434947e+000
      vertex  3.544585e+001  3.194585e+001  9.718185e+000
    endloop
  endfacet
  facet normal  8.106196e-001 -6.184544e-007  5.855731e-001
    outer loop
      vertex  3.544585e+001  3.194585e+001  9.718185e+000
      vertex  3.565046e+001  3.715046e+001  9.434947e+000
      vertex  3.544585e+001  3.694585e+001  9.718185e+000
    endloop
  endfacet
  facet normal  4.470911e-001 -3.411039e-007  8.944885e-001
    outer loop
      vertex  3.544585e+001  3.194585e+001  9.718185e+000
      vertex  3.544585e+001  3.694585e+001  9.718185e+000
      vertex  3.490676e+001  3.140676e+001  9.987638e+000
    endloop
  endfacet
  facet normal  4.470883e-001  -0.000000e+000  8.944898e-001
    outer loop
      vertex  3.490676e+001  3.140676e+001  9.987638e+000
      vertex  3.544585e+001  3.694585e+001  9.718185e+000
      vertex  3.490676e+001  3.640676e+001  9.987638e+000
    endloop
  endfacet
  facet normal  7.861969e-002  0.000000e+000  9.969047e-001
    outer loop
      vertex  3.490676e+001  3.140676e+001  9.987638e+000
      vertex  3.490676e+001  3.640676e+001  9.987638e+000
      vertex  3.475000e+001  3.125000e+001  1.000000e+001
    endloop
  endfacet
  facet normal  7.861969e-002  -0.000000e+000  9.969047e-001
    outer loop
      vertex  3.475000e+001  3.125000e+001  1.000000e+001
      vertex  3.490676e+001  3.640676e+001  9.987638e+000
      vertex  3.475000e+001  3.625000e+001  1.000000e+001
    endloop
  endfacet
  facet normal  0.000000e+000  7.861969e-002  9.969047e-001
    outer loop
      vertex  1.525000e+001  3.625000e+001  1.000000e+001
      vertex  3.475000e+001  3.625000e+001  1.000000e+001
      vertex  1.509324e+001  3.640676e+001  9.987638e+000
    endloop
  endfacet
  facet normal  -0.000000e+000  7.861969e-002  9.969047e-001
    outer loop
      vertex  1.509324e+001  3.640676e+001  9.987638e+000
      vertex  3.475000e+001  3.625000e+001  1.000000e+001
      vertex  3.490676e+001  3.640676e+001  9.987638e+000
    endloop
  endfacet
  facet normal  0.000000e+000  4.470883e-001  8.944898e-001
    outer loop
      vertex  1.509324e+001  3.640676e+001  9.987638e+000
      vertex  3.490676e+001  3.640676e+001  9.987638e+000
      vertex  1.455415e+001  3.694585e+001  9.718185e+000
    endloop
  endfacet
  facet normal  8.163606e-008  4.470907e-001  8.944886e-001
    outer loop
      vertex  1.455415e+001  3.694585e+001  9.718185e+000
      vertex  3.490676e+001  3.640676e+001  9.987638e+000
      vertex  3.544585e+001  3.694585e+001  9.718185e+000
    endloop
  endfacet
  facet normal  1.480142e-007  8.106195e-001  5.855733e-001
    outer loop
      vertex  1.455415e+001  3.694585e+001  9.718185e+000
      vertex  3.544585e+001  3.694585e+001  9.718185e+000
      vertex  1.434954e+001  3.715046e+001  9.434947e+000
    endloop
  endfacet
  facet normal  -0.000000e+000  8.106142e-001  5.855805e-001
    outer loop
      vertex  1.434954e+001  3.715046e+001  9.434947e+000
      vertex  3.544585e+001  3.694585e+001  9.718185e+000
      vertex  3.565046e+001  3.715046e+001  9.434947e+000
    endloop
  endfacet
  facet normal  0.000000e+000  9.747961e-001  2.230975e-001
    outer loop
      vertex  1.434954e+001  3.715046e+001  9.434947e+000
      vertex  3.565046e+001  3.715046e+001  9.434947e+000
      vertex  1.425000e+001  3.725000e+001  9.000000e+000
    endloop
  endfacet
  facet normal  -0.000000e+000  9.747962e-001  2.230976e-001
    outer loop
      vertex  1.425000e+001  3.725000e+001  9.000000e+000
      vertex  3.565046e+001  3.715046e+001  9.434947e+000
      vertex  3.575000e+001  3.725000e+001  9.000000e+000
    endloop
  endfacet
  facet normal -9.747961e-001  0.000000e+000  2.230976e-001
    outer loop
      vertex  1.425000e+001  3.725000e+001  9.000000e+000
      vertex  1.425000e+001  3.225000e+001  9.000000e+000
      vertex  1.434954e+001  3.715046e+001  9.434947e+000
    endloop
  endfacet
  facet normal -9.747961e-001  0.000000e+000  2.230976e-001
    outer loop
      vertex  1.434954e+001  3.715046e+001  9.434947e+000
      vertex  1.425000e+001  3.225000e+001  9.000000e+000
      vertex  1.434954e+001  3.215046e+001  9.434947e+000
    endloop
  endfacet
  facet normal -8.106143e-001  0.000000e+000  5.855806e-001
    outer loop
      vertex  1.434954e+001  3.715046e+001  9.434947e+000
      vertex  1.434954e+001  3.215046e+001  9.434947e+000
      vertex  1.455415e+001  3.694585e+001  9.718185e+000
    endloop
  endfacet
  facet normal -8.106142e-001  0.000000e+000  5.855805e-001
    outer loop
      vertex  1.455415e+001  3.694585e+001  9.718185e+000
      vertex  1.434954e+001  3.215046e+001  9.434947e+000
      vertex  1.455415e+001  3.194585e+001  9.718185e+000
    endloop
  endfacet
  facet normal -4.470901e-001  0.000000e+000  8.944889e-001
    outer loop
      vertex  1.455415e+001  3.694585e+001  9.718185e+000
      vertex  1.455415e+001  3.194585e+001  9.718185e+000
      vertex  1.509324e+001  3.640676e+001  9.987638e+000
    endloop
  endfacet
  facet normal -4.470902e-001  0.000000e+000  8.944889e-001
    outer loop
      vertex  1.509324e+001  3.640676e+001  9.987638e+000
      vertex  1.455415e+001  3.194585e+001  9.718185e+000
      vertex  1.509324e+001  3.140676e+001  9.987638e+000
    endloop
  endfacet
  facet normal -7.862017e-002  0.000000e+000  9.969047e-001
    outer loop
      vertex  1.509324e+001  3.640676e+001  9.987638e+000
      vertex  1.509324e+001  3.140676e+001  9.987638e+000
      vertex  1.525000e+001  3.625000e+001  1.000000e+001
    endloop
  endfacet
  facet normal -7.862017e-002  0.000000e+000  9.969047e-001
    outer loop
      vertex  1.525000e+001  3.625000e+001  1.000000e+001
      vertex  1.509324e+001  3.140676e+001  9.987638e+000
      vertex  1.525000e+001  3.125000e+001  1.000000e+001
    endloop
  endfacet
  facet normal  0.000000e+000  0.000000e+000 -1.000000e+000
    outer loop
      vertex  4.900000e+001  7.700000e+001 -2.500000e+001
      vertex  4.675000e+001  7.475000e+001 -2.500000e+001
      vertex  1.000000e+000  7.700000e+001 -2.500000e+001
    endloop
  endfacet
  facet normal  0.000000e+000  0.000000e+000 -1.000000e+000
    outer loop
      vertex  1.000000e+000  7.700000e+001 -2.500000e+001
      vertex  4.675000e+001  7.475000e+001 -2.500000e+001
      vertex  3.250000e+000  7.475000e+001 -2.500000e+001
    endloop
  endfacet
  facet normal  -0.000000e+000  0.000000e+000 -1.000000e+000
    outer loop
      vertex  1.000000e+000  7.700000e+001 -2.500000e+001
      vertex  3.250000e+000  7.475000e+001 -2.500000e+001
      vertex  1.000000e+000  2.900000e+001 -2.500000e+001
    endloop
  endfacet
  facet normal  0.000000e+000  0.000000e+000 -1.000000e+000
    outer loop
      vertex  1.000000e+000  2.900000e+001 -2.500000e+001
      vertex  3.250000e+000  7.475000e+001 -2.500000e+001
      vertex  3.250000e+000  3.125000e+001 -2.500000e+001
    endloop
  endfacet
  facet normal  0.000000e+000  -0.000000e+000 -1.000000e+000
    outer loop
      vertex  1.000000e+000  2.900000e+001 -2.500000e+001
      vertex  3.250000e+000  3.125000e+001 -2.500000e+001
      vertex  4.900000e+001  2.900000e+001 -2.500000e+001
    endloop
  endfacet
  facet normal  0.000000e+000  0.000000e+000 -1.000000e+000
    outer loop
      vertex  4.900000e+001  2.900000e+001 -2.500000e+001
      vertex  3.250000e+000  3.125000e+001 -2.500000e+001
      vertex  4.675000e+001  3.125000e+001 -2.500000e+001
    endloop
  endfacet
  facet normal  0.000000e+000  0.000000e+000 -1.000000e+000
    outer loop
      vertex  4.900000e+001  2.900000e+001 -2.500000e+001
      vertex  4.675000e+001  3.125000e+001 -2.500000e+001
      vertex  4.900000e+001  7.700000e+001 -2.500000e+001
    endloop
  endfacet
  facet normal  0.000000e+000  0.000000e+000 -1.000000e+000
    outer loop
      vertex  4.900000e+001  7.700000e+001 -2.500000e+001
      vertex  4.675000e+001  3.125000e+001 -2.500000e+001
      vertex  4.675000e+001  7.475000e+001 -2.500000e+001
    endloop
  endfacet
  facet normal  0.000000e+000  7.862571e-002 -9.969041e-001
    outer loop
      vertex  4.675000e+001  3.125000e+001 -2.500000e+001
      vertex  3.250000e+000  3.125000e+001 -2.500000e+001
      vertex  4.659324e+001  3.140676e+001 -2.498764e+001
    endloop
  endfacet
  facet normal  0.000000e+000  7.862572e-002 -9.969043e-001
    outer loop
      vertex  4.659324e+001  3.140676e+001 -2.498764e+001
      vertex  3.250000e+000  3.125000e+001 -2.500000e+001
      vertex  3.406757e+000  3.140676e+001 -2.498764e+001
    endloop
  endfacet
  facet normal  0.000000e+000  4.470857e-001 -8.944911e-001
    outer loop
      vertex  4.659324e+001  3.140676e+001 -2.498764e+001
      vertex  3.406757e+000  3.140676e+001 -2.498764e+001
      vertex  4.605415e+001  3.194585e+001 -2.471819e+001
    endloop
  endfacet
  facet normal  0.000000e+000  4.470858e-001 -8.944912e-001
    outer loop
      vertex  4.605415e+001  3.194585e+001 -2.471819e+001
      vertex  3.406757e+000  3.140676e+001 -2.498764e+001
      vertex  3.945847e+000  3.194585e+001 -2.471819e+001
    endloop
  endfacet
  facet normal  0.000000e+000  8.106211e-001 -5.855711e-001
    outer loop
      vertex  4.605415e+001  3.194585e+001 -2.471819e+001
      vertex  3.945847e+000  3.194585e+001 -2.471819e+001
      vertex  4.584954e+001  3.215046e+001 -2.443495e+001
    endloop
  endfacet
  facet normal  0.000000e+000  8.106210e-001 -5.855711e-001
    outer loop
      vertex  4.584954e+001  3.215046e+001 -2.443495e+001
      vertex  3.945847e+000  3.194585e+001 -2.471819e+001
      vertex  4.150456e+000  3.215046e+001 -2.443495e+001
    endloop
  endfacet
  facet normal  0.000000e+000  9.747962e-001 -2.230971e-001
    outer loop
      vertex  4.584954e+001  3.215046e+001 -2.443495e+001
      vertex  4.150456e+000  3.215046e+001 -2.443495e+001
      vertex  4.575000e+001  3.225000e+001 -2.400000e+001
    endloop
  endfacet
  facet normal  0.000000e+000  9.747962e-001 -2.230971e-001
    outer loop
      vertex  4.575000e+001  3.225000e+001 -2.400000e+001
      vertex  4.150456e+000  3.215046e+001 -2.443495e+001
      vertex  4.250000e+000  3.225000e+001 -2.400000e+001
    endloop
  endfacet
  facet normal -9.747962e-001  -0.000000e+000 -2.230971e-001
    outer loop
      vertex  4.575000e+001  3.225000e+001 -2.400000e+001
      vertex  4.575000e+001  7.375000e+001 -2.400000e+001
      vertex  4.584954e+001  3.215046e+001 -2.443495e+001
    endloop
  endfacet
  facet normal -9.747963e-001  0.000000e+000 -2.230971e-001
    outer loop
      vertex  4.584954e+001  3.215046e+001 -2.443495e+001
      vertex  4.575000e+001  7.375000e+001 -2.400000e+001
      vertex  4.584954e+001  7.384954e+001 -2.443495e+001
    endloop
  endfacet
  facet normal -8.106133e-001  -0.000000e+000 -5.855818e-001
    outer loop
      vertex  4.584954e+001  3.215046e+001 -2.443495e+001
      vertex  4.584954e+001  7.384954e+001 -2.443495e+001
      vertex  4.605415e+001  3.194585e+001 -2.471819e+001
    endloop
  endfacet
  facet normal -8.106184e-001 -7.343597e-008 -5.855747e-001
    outer loop
      vertex  4.605415e+001  3.194585e+001 -2.471819e+001
      vertex  4.584954e+001  7.384954e+001 -2.443495e+001
      vertex  4.605415e+001  7.405415e+001 -2.471819e+001
    endloop
  endfacet
  facet normal -4.470896e-001 -4.050298e-008 -8.944892e-001
    outer loop
      vertex  4.605415e+001  3.194585e+001 -2.471819e+001
      vertex  4.605415e+001  7.405415e+001 -2.471819e+001
      vertex  4.659324e+001  3.140676e+001 -2.498764e+001
    endloop
  endfacet
  facet normal -4.470870e-001  0.000000e+000 -8.944904e-001
    outer loop
      vertex  4.659324e+001  3.140676e+001 -2.498764e+001
      vertex  4.605415e+001  7.405415e+001 -2.471819e+001
      vertex  4.659324e+001  7.459325e+001 -2.498764e+001
    endloop
  endfacet
  facet normal -7.862572e-002  -0.000000e+000 -9.969043e-001
    outer loop
      vertex  4.659324e+001  3.140676e+001 -2.498764e+001
      vertex  4.659324e+001  7.459325e+001 -2.498764e+001
      vertex  4.675000e+001  3.125000e+001 -2.500000e+001
    endloop
  endfacet
  facet normal -7.862571e-002  0.000000e+000 -9.969041e-001
    outer loop
      vertex  4.675000e+001  3.125000e+001 -2.500000e+001
      vertex  4.659324e+001  7.459325e+001 -2.498764e+001
      vertex  4.675000e+001  7.475000e+001 -2.500000e+001
    endloop
  endfacet
  facet normal  -0.000000e+000 -7.862762e-002 -9.969041e-001
    outer loop
      vertex  3.250000e+000  7.475000e+001 -2.500000e+001
      vertex  4.675000e+001  7.475000e+001 -2.500000e+001
      vertex  3.406757e+000  7.459325e+001 -2.498764e+001
    endloop
  endfacet
  facet normal  0.000000e+000 -7.862762e-002 -9.969040e-001
    outer loop
      vertex  3.406757e+000  7.459325e+001 -2.498764e+001
      vertex  4.675000e+001  7.475000e+001 -2.500000e+001
      vertex  4.659324e+001  7.459325e+001 -2.498764e+001
    endloop
  endfacet
  facet normal  -0.000000e+000 -4.470820e-001 -8.944930e-001
    outer loop
      vertex  3.406757e+000  7.459325e+001 -2.498764e+001
      vertex  4.659324e+001  7.459325e+001 -2.498764e+001
      vertex  3.945847e+000  7.405415e+001 -2.471819e+001
    endloop
  endfacet
  facet normal  8.100549e-008 -4.470871e-001 -8.944905e-001
    outer loop
      vertex  3.945847e+000  7.405415e+001 -2.471819e+001
      vertex  4.659324e+001  7.459325e+001 -2.498764e+001
      vertex  4.605415e+001  7.405415e+001 -2.471819e+001
    endloop
  endfacet
  facet normal  1.468719e-007 -8.106185e-001 -5.855747e-001
    outer loop
      vertex  3.945847e+000  7.405415e+001 -2.471819e+001
      vertex  4.605415e+001  7.405415e+001 -2.471819e+001
      vertex  4.150456e+000  7.384954e+001 -2.443495e+001
    endloop
  endfacet
  facet normal  0.000000e+000 -8.106081e-001 -5.855890e-001
    outer loop
      vertex  4.150456e+000  7.384954e+001 -2.443495e+001
      vertex  4.605415e+001  7.405415e+001 -2.471819e+001
      vertex  4.584954e+001  7.384954e+001 -2.443495e+001
    endloop
  endfacet
  facet normal  -0.000000e+000 -9.747981e-001 -2.230890e-001
    outer loop
      vertex  4.150456e+000  7.384954e+001 -2.443495e+001
      vertex  4.584954e+001  7.384954e+001 -2.443495e+001
      vertex  4.250000e+000  7.375000e+001 -2.400000e+001
    endloop
  endfacet
  facet normal  0.000000e+000 -9.747981e-001 -2.230890e-001
    outer loop
      vertex  4.250000e+000  7.375000e+001 -2.400000e+001
      vertex  4.584954e+001  7.384954e+001 -2.443495e+001
      vertex  4.575000e+001  7.375000e+001 -2.400000e+001
    endloop
  endfacet
  facet normal  9.747964e-001  0.000000e+000 -2.230961e-001
    outer loop
      vertex  4.250000e+000  7.375000e+001 -2.400000e+001
      vertex  4.250000e+000  3.225000e+001 -2.400000e+001
      vertex  4.150456e+000  7.384954e+001 -2.443495e+001
    endloop
  endfacet
  facet normal  9.747965e-001  0.000000e+000 -2.230961e-001
    outer loop
      vertex  4.150456e+000  7.384954e+001 -2.443495e+001
      vertex  4.250000e+000  3.225000e+001 -2.400000e+001
      vertex  4.150456e+000  3.215046e+001 -2.443495e+001
    endloop
  endfacet
  facet normal  8.106127e-001  0.000000e+000 -5.855827e-001
    outer loop
      vertex  4.150456e+000  7.384954e+001 -2.443495e+001
      vertex  4.150456e+000  3.215046e+001 -2.443495e+001
      vertex  3.945847e+000  7.405415e+001 -2.471819e+001
    endloop
  endfacet
  facet normal  8.106127e-001  0.000000e+000 -5.855828e-001
    outer loop
      vertex  3.945847e+000  7.405415e+001 -2.471819e+001
      vertex  4.150456e+000  3.215046e+001 -2.443495e+001
      vertex  3.945847e+000  3.194585e+001 -2.471819e+001
    endloop
  endfacet
  facet normal  4.470891e-001  0.000000e+000 -8.944895e-001
    outer loop
      vertex  3.945847e+000  7.405415e+001 -2.471819e+001
      vertex  3.945847e+000  3.194585e+001 -2.471819e+001
      vertex  3.406757e+000  7.459325e+001 -2.498764e+001
    endloop
  endfacet
  facet normal  4.470891e-001  0.000000e+000 -8.944894e-001
    outer loop
      vertex  3.406757e+000  7.459325e+001 -2.498764e+001
      vertex  3.945847e+000  3.194585e+001 -2.471819e+001
      vertex  3.406757e+000  3.140676e+001 -2.498764e+001
    endloop
  endfacet
  facet normal  7.862607e-002  0.000000e+000 -9.969041e-001
    outer loop
      vertex  3.406757e+000  7.459325e+001 -2.498764e+001
      vertex  3.406757e+000  3.140676e+001 -2.498764e+001
      vertex  3.250000e+000  7.475000e+001 -2.500000e+001
    endloop
  endfacet
  facet normal  7.862607e-002  0.000000e+000 -9.969042e-001
    outer loop
      vertex  3.250000e+000  7.475000e+001 -2.500000e+001
      vertex  3.406757e+000  3.140676e+001 -2.498764e+001
      vertex  3.250000e+000  3.125000e+001 -2.500000e+001
    endloop
  endfacet
  facet normal  0.000000e+000 -9.238799e-001  3.826827e-001
    outer loop
      vertex  5.100000e+001  8.300000e+001  9.000000e+000
      vertex  2.000000e+002  8.300000e+001  9.000000e+000
      vertex  5.100000e+001  8.329289e+001  9.707107e+000
    endloop
  endfacet
  facet normal -8.584391e-004 -9.748403e-001  2.229026e-001
    outer loop
      vertex  5.100000e+001  8.329289e+001  9.707107e+000
      vertex  2.000000e+002  8.300000e+001  9.000000e+000
      vertex  1.999005e+002  8.309954e+001  9.434947e+000
    endloop
  endfacet
  facet normal  1.771776e-005 -8.106133e-001  5.855818e-001
    outer loop
      vertex  5.100000e+001  8.329289e+001  9.707107e+000
      vertex  1.999005e+002  8.309954e+001  9.434947e+000
      vertex  1.996958e+002  8.330415e+001  9.718185e+000
    endloop
  endfacet
  facet normal -3.987359e-005 -3.826833e-001  9.238796e-001
    outer loop
      vertex  5.100000e+001  8.329289e+001  9.707107e+000
      vertex  1.996958e+002  8.330415e+001  9.718185e+000
      vertex  5.100000e+001  8.400000e+001  1.000000e+001
    endloop
  endfacet
  facet normal -3.987378e-004 -4.474022e-001  8.943328e-001
    outer loop
      vertex  5.100000e+001  8.400000e+001  1.000000e+001
      vertex  1.996958e+002  8.330415e+001  9.718185e+000
      vertex  1.991568e+002  8.384325e+001  9.987638e+000
    endloop
  endfacet
  facet normal  0.000000e+000 -7.862160e-002  9.969046e-001
    outer loop
      vertex  5.100000e+001  8.400000e+001  1.000000e+001
      vertex  1.991568e+002  8.384325e+001  9.987638e+000
      vertex  1.990000e+002  8.400000e+001  1.000000e+001
    endloop
  endfacet
  facet normal  1.000000e+000  -0.000000e+000  0.000000e+000
    outer loop
      vertex  2.000000e+002  1.520000e+002  9.000000e+000
      vertex  2.000000e+002  8.300000e+001  9.000000e+000
      vertex  2.000000e+002  1.520000e+002  1.000000e+000
    endloop
  endfacet
  facet normal  1.000000e+000  0.000000e+000  0.000000e+000
    outer loop
      vertex  2.000000e+002  1.520000e+002  1.000000e+000
      vertex  2.000000e+002  8.300000e+001  9.000000e+000
      vertex  2.000000e+002  8.300000e+001  1.000000e+000
    endloop
  endfacet
  facet normal  -0.000000e+000 -3.826831e-001 -9.238797e-001
    outer loop
      vertex  5.100000e+001  8.400000e+001  0.000000e+000
      vertex  1.990000e+002  8.400000e+001  0.000000e+000
      vertex  5.100000e+001  8.329289e+001  2.928932e-001
    endloop
  endfacet
  facet normal -1.589442e-003 -8.020270e-002 -9.967773e-001
    outer loop
      vertex  5.100000e+001  8.329289e+001  2.928932e-001
      vertex  1.990000e+002  8.400000e+001  0.000000e+000
      vertex  1.991568e+002  8.384325e+001  1.236274e-002
    endloop
  endfacet
  facet normal -3.280661e-005 -4.471090e-001 -8.944795e-001
    outer loop
      vertex  5.100000e+001  8.329289e+001  2.928932e-001
      vertex  1.991568e+002  8.384325e+001  1.236274e-002
      vertex  1.996958e+002  8.330415e+001  2.818145e-001
    endloop
  endfacet
  facet normal  0.000000e+000 -9.747980e-001 -2.230893e-001
    outer loop
      vertex  2.000000e+002  8.300000e+001  1.000000e+000
      vertex  5.100000e+001  8.300000e+001  1.000000e+000
      vertex  1.999005e+002  8.309954e+001  5.650527e-001
    endloop
  endfacet
  facet normal -5.002207e-004 -9.238797e-001 -3.826825e-001
    outer loop
      vertex  1.999005e+002  8.309954e+001  5.650527e-001
      vertex  5.100000e+001  8.300000e+001  1.000000e+000
      vertex  5.100000e+001  8.329289e+001  2.928932e-001
    endloop
  endfacet
  facet normal  1.771819e-005 -8.106131e-001 -5.855821e-001
    outer loop
      vertex  1.999005e+002  8.309954e+001  5.650527e-001
      vertex  5.100000e+001  8.329289e+001  2.928932e-001
      vertex  1.996958e+002  8.330415e+001  2.818145e-001
    endloop
  endfacet
  facet normal  0.000000e+000  0.000000e+000 -1.000000e+000
    outer loop
      vertex  5.000000e+001  8.373205e+001  0.000000e+000
      vertex  1.990000e+002  1.520000e+002  0.000000e+000
      vertex  5.100000e+001  8.400000e+001  0.000000e+000
    endloop
  endfacet
  facet normal  0.000000e+000  0.000000e+000 -1.000000e+000
    outer loop
      vertex  1.990000e+002  1.520000e+002  0.000000e+000
      vertex  1.990000e+002  8.400000e+001  0.000000e+000
      vertex  5.100000e+001  8.400000e+001  0.000000e+000
    endloop
  endfacet
  facet normal  -0.000000e+000  0.000000e+000 -1.000000e+000
    outer loop
      vertex  1.000000e+000  1.520000e+002  0.000000e+000
      vertex  1.990000e+002  1.520000e+002  0.000000e+000
      vertex  5.000000e+001  8.373205e+001  0.000000e+000
    endloop
  endfacet
  facet normal  -0.000000e+000  0.000000e+000 -1.000000e+000
    outer loop
      vertex  1.000000e+000  1.520000e+002  0.000000e+000
      vertex  5.000000e+001  8.373205e+001  0.000000e+000
      vertex  4.926795e+001  8.300000e+001  0.000000e+000
    endloop
  endfacet
  facet normal  -0.000000e+000  0.000000e+000 -1.000000e+000
    outer loop
      vertex  1.000000e+000  1.520000e+002  0.000000e+000
      vertex  4.926795e+001  8.300000e+001  0.000000e+000
      vertex  4.900000e+001  8.200000e+001  0.000000e+000
    endloop
  endfacet
  facet normal  -0.000000e+000  -0.000000e+000 -1.000000e+000
    outer loop
      vertex  1.000000e+000  1.520000e+002  0.000000e+000
      vertex  4.900000e+001  8.200000e+001  0.000000e+000
      vertex  4.900000e+001  7.900000e+001  0.000000e+000
    endloop
  endfacet
  facet normal  0.000000e+000  0.000000e+000 -9.999999e-001
    outer loop
      vertex  1.000000e+000  1.520000e+002  0.000000e+000
      vertex  4.900000e+001  7.900000e+001  0.000000e+000
      vertex  1.000000e+000  7.900000e+001  0.000000e+000
    endloop
  endfacet
  facet normal  0.000000e+000  9.238799e-001 -3.826826e-001
    outer loop
      vertex  1.000000e+000  1.530000e+002  1.000000e+000
      vertex  1.990000e+002  1.530000e+002  1.000000e+000
      vertex  1.000000e+000  1.527071e+002  2.928932e-001
    endloop
  endfacet
  facet normal  0.000000e+000  9.238799e-001 -3.826826e-001
    outer loop
      vertex  1.000000e+000  1.527071e+002  2.928932e-001
      vertex  1.990000e+002  1.530000e+002  1.000000e+000
      vertex  1.990000e+002  1.527071e+002  2.928932e-001
    endloop
  endfacet
  facet normal  0.000000e+000  3.826831e-001 -9.238797e-001
    outer loop
      vertex  1.000000e+000  1.527071e+002  2.928932e-001
      vertex  1.990000e+002  1.527071e+002  2.928932e-001
      vertex  1.000000e+000  1.520000e+002  0.000000e+000
    endloop
  endfacet
  facet normal  0.000000e+000  3.826831e-001 -9.238797e-001
    outer loop
      vertex  1.000000e+000  1.520000e+002  0.000000e+000
      vertex  1.990000e+002  1.527071e+002  2.928932e-001
      vertex  1.990000e+002  1.520000e+002  0.000000e+000
    endloop
  endfacet
  facet normal  0.000000e+000  1.000000e+000  0.000000e+000
    outer loop
      vertex  1.000000e+000  1.530000e+002  9.000000e+000
      vertex  1.990000e+002  1.530000e+002  9.000000e+000
      vertex  1.000000e+000  1.530000e+002  1.000000e+000
    endloop
  endfacet
  facet normal  0.000000e+000  1.000000e+000  0.000000e+000
    outer loop
      vertex  1.000000e+000  1.530000e+002  1.000000e+000
      vertex  1.990000e+002  1.530000e+002  9.000000e+000
      vertex  1.990000e+002  1.530000e+002  1.000000e+000
    endloop
  endfacet
  facet normal  0.000000e+000  3.826833e-001  9.238796e-001
    outer loop
      vertex  1.000000e+000  1.520000e+002  1.000000e+001
      vertex  1.990000e+002  1.520000e+002  1.000000e+001
      vertex  1.000000e+000  1.527071e+002  9.707107e+000
    endloop
  endfacet
  facet normal  -0.000000e+000  3.826833e-001  9.238796e-001
    outer loop
      vertex  1.000000e+000  1.527071e+002  9.707107e+000
      vertex  1.990000e+002  1.520000e+002  1.000000e+001
      vertex  1.990000e+002  1.527071e+002  9.707107e+000
    endloop
  endfacet
  facet normal  0.000000e+000  9.238798e-001  3.826827e-001
    outer loop
      vertex  1.000000e+000  1.527071e+002  9.707107e+000
      vertex  1.990000e+002  1.527071e+002  9.707107e+000
      vertex  1.000000e+000  1.530000e+002  9.000000e+000
    endloop
  endfacet
  facet normal  -0.000000e+000  9.238798e-001  3.826827e-001
    outer loop
      vertex  1.000000e+000  1.530000e+002  9.000000e+000
      vertex  1.990000e+002  1.527071e+002  9.707107e+000
      vertex  1.990000e+002  1.530000e+002  9.000000e+000
    endloop
  endfacet
  facet normal  9.238799e-001  0.000000e+000 -3.826826e-001
    outer loop
      vertex  2.000000e+002  1.520000e+002  1.000000e+000
      vertex  2.000000e+002  8.300000e+001  1.000000e+000
      vertex  1.997071e+002  1.520000e+002  2.928932e-001
    endloop
  endfacet
  facet normal  9.748849e-001  1.855981e-003 -2.227015e-001
    outer loop
      vertex  1.997071e+002  1.520000e+002  2.928932e-001
      vertex  2.000000e+002  8.300000e+001  1.000000e+000
      vertex  1.999005e+002  8.309954e+001  5.650527e-001
    endloop
  endfacet
  facet normal  8.106060e-001 -3.843925e-005 -5.855920e-001
    outer loop
      vertex  1.997071e+002  1.520000e+002  2.928932e-001
      vertex  1.999005e+002  8.309954e+001  5.650527e-001
      vertex  1.996958e+002  8.330415e+001  2.818145e-001
    endloop
  endfacet
  facet normal  3.826831e-001  8.626446e-005 -9.238797e-001
    outer loop
      vertex  1.997071e+002  1.520000e+002  2.928932e-001
      vertex  1.996958e+002  8.330415e+001  2.818145e-001
      vertex  1.990000e+002  1.520000e+002  0.000000e+000
    endloop
  endfacet
  facet normal  4.477817e-001  8.676664e-004 -8.941424e-001
    outer loop
      vertex  1.990000e+002  1.520000e+002  0.000000e+000
      vertex  1.996958e+002  8.330415e+001  2.818145e-001
      vertex  1.991568e+002  8.384325e+001  1.236274e-002
    endloop
  endfacet
  facet normal  7.862320e-002  0.000000e+000 -9.969044e-001
    outer loop
      vertex  1.990000e+002  1.520000e+002  0.000000e+000
      vertex  1.991568e+002  8.384325e+001  1.236274e-002
      vertex  1.990000e+002  8.400000e+001  0.000000e+000
    endloop
  endfacet
  facet normal  3.826833e-001  -0.000000e+000  9.238796e-001
    outer loop
      vertex  1.990000e+002  1.520000e+002  1.000000e+001
      vertex  1.990000e+002  8.400000e+001  1.000000e+001
      vertex  1.997071e+002  1.520000e+002  9.707107e+000
    endloop
  endfacet
  facet normal  8.203901e-002  3.439617e-003  9.966231e-001
    outer loop
      vertex  1.997071e+002  1.520000e+002  9.707107e+000
      vertex  1.990000e+002  8.400000e+001  1.000000e+001
      vertex  1.991568e+002  8.384325e+001  9.987638e+000
    endloop
  endfacet
  facet normal  4.471450e-001  7.095474e-005  8.944615e-001
    outer loop
      vertex  1.997071e+002  1.520000e+002  9.707107e+000
      vertex  1.991568e+002  8.384325e+001  9.987638e+000
      vertex  1.996958e+002  8.330415e+001  9.718185e+000
    endloop
  endfacet
  facet normal  9.747943e-001  0.000000e+000  2.231057e-001
    outer loop
      vertex  2.000000e+002  8.300000e+001  9.000000e+000
      vertex  2.000000e+002  1.520000e+002  9.000000e+000
      vertex  1.999005e+002  8.309954e+001  9.434947e+000
    endloop
  endfacet
  facet normal  9.238793e-001  1.080921e-003  3.826824e-001
    outer loop
      vertex  1.999005e+002  8.309954e+001  9.434947e+000
      vertex  2.000000e+002  1.520000e+002  9.000000e+000
      vertex  1.997071e+002  1.520000e+002  9.707107e+000
    endloop
  endfacet
  facet normal  8.106062e-001 -3.843832e-005  5.855916e-001
    outer loop
      vertex  1.999005e+002  8.309954e+001  9.434947e+000
      vertex  1.997071e+002  1.520000e+002  9.707107e+000
      vertex  1.996958e+002  8.330415e+001  9.718185e+000
    endloop
  endfacet
  facet normal  9.124874e-001  1.565576e-001  3.779638e-001
    outer loop
      vertex  2.000000e+002  1.520000e+002  9.000000e+000
      vertex  1.997071e+002  1.525000e+002  9.500000e+000
      vertex  1.997071e+002  1.520000e+002  9.707107e+000
    endloop
  endfacet
  facet normal  9.124874e-001  3.779633e-001  1.565581e-001
    outer loop
      vertex  2.000000e+002  1.520000e+002  9.000000e+000
      vertex  1.997071e+002  1.527071e+002  9.000000e+000
      vertex  1.997071e+002  1.525000e+002  9.500000e+000
    endloop
  endfacet
  facet normal  3.574054e-001  8.628561e-001  3.574080e-001
    outer loop
      vertex  1.997071e+002  1.527071e+002  9.000000e+000
      vertex  1.990000e+002  1.530000e+002  9.000000e+000
      vertex  1.997071e+002  1.525000e+002  9.500000e+000
    endloop
  endfacet
  facet normal  3.574070e-001  8.628564e-001  3.574060e-001
    outer loop
      vertex  1.997071e+002  1.525000e+002  9.500000e+000
      vertex  1.990000e+002  1.530000e+002  9.000000e+000
      vertex  1.990000e+002  1.527071e+002  9.707107e+000
    endloop
  endfacet
  facet normal  3.574065e-001  3.574065e-001  8.628564e-001
    outer loop
      vertex  1.997071e+002  1.525000e+002  9.500000e+000
      vertex  1.990000e+002  1.527071e+002  9.707107e+000
      vertex  1.997071e+002  1.520000e+002  9.707107e+000
    endloop
  endfacet
  facet normal  3.574066e-001  3.574066e-001  8.628563e-001
    outer loop
      vertex  1.997071e+002  1.520000e+002  9.707107e+000
      vertex  1.990000e+002  1.527071e+002  9.707107e+000
      vertex  1.990000e+002  1.520000e+002  1.000000e+001
    endloop
  endfacet
  facet normal  3.826822e-001  9.238800e-001  0.000000e+000
    outer loop
      vertex  1.990000e+002  1.530000e+002  1.000000e+000
      vertex  1.990000e+002  1.530000e+002  9.000000e+000
      vertex  1.997071e+002  1.527071e+002  1.000000e+000
    endloop
  endfacet
  facet normal  3.826822e-001  9.238800e-001  -0.000000e+000
    outer loop
      vertex  1.997071e+002  1.527071e+002  1.000000e+000
      vertex  1.990000e+002  1.530000e+002  9.000000e+000
      vertex  1.997071e+002  1.527071e+002  9.000000e+000
    endloop
  endfacet
  facet normal  9.238800e-001  3.826822e-001  0.000000e+000
    outer loop
      vertex  1.997071e+002  1.527071e+002  1.000000e+000
      vertex  1.997071e+002  1.527071e+002  9.000000e+000
      vertex  2.000000e+002  1.520000e+002  1.000000e+000
    endloop
  endfacet
  facet normal  9.238800e-001  3.826822e-001  -0.000000e+000
    outer loop
      vertex  2.000000e+002  1.520000e+002  1.000000e+000
      vertex  1.997071e+002  1.527071e+002  9.000000e+000
      vertex  2.000000e+002  1.520000e+002  9.000000e+000
    endloop
  endfacet
  facet normal  9.124874e-001  3.779633e-001 -1.565581e-001
    outer loop
      vertex  2.000000e+002  1.520000e+002  1.000000e+000
      vertex  1.997071e+002  1.525000e+002  5.000000e-001
      vertex  1.997071e+002  1.527071e+002  1.000000e+000
    endloop
  endfacet
  facet normal  9.124873e-001  1.565577e-001 -3.779637e-001
    outer loop
      vertex  2.000000e+002  1.520000e+002  1.000000e+000
      vertex  1.997071e+002  1.520000e+002  2.928932e-001
      vertex  1.997071e+002  1.525000e+002  5.000000e-001
    endloop
  endfacet
  facet normal  3.574064e-001  3.574068e-001 -8.628563e-001
    outer loop
      vertex  1.997071e+002  1.520000e+002  2.928932e-001
      vertex  1.990000e+002  1.520000e+002  0.000000e+000
      vertex  1.997071e+002  1.525000e+002  5.000000e-001
    endloop
  endfacet
  facet normal  3.574067e-001  3.574064e-001 -8.628563e-001
    outer loop
      vertex  1.997071e+002  1.525000e+002  5.000000e-001
      vertex  1.990000e+002  1.520000e+002  0.000000e+000
      vertex  1.990000e+002  1.527071e+002  2.928932e-001
    endloop
  endfacet
  facet normal  3.574074e-001  8.628555e-001 -3.574077e-001
    outer loop
      vertex  1.997071e+002  1.525000e+002  5.000000e-001
      vertex  1.990000e+002  1.527071e+002  2.928932e-001
      vertex  1.997071e+002  1.527071e+002  1.000000e+000
    endloop
  endfacet
  facet normal  3.574057e-001  8.628569e-001 -3.574061e-001
    outer loop
      vertex  1.997071e+002  1.527071e+002  1.000000e+000
      vertex  1.990000e+002  1.527071e+002  2.928932e-001
      vertex  1.990000e+002  1.530000e+002  1.000000e+000
    endloop
  endfacet
  facet normal  1.000000e+000  0.000000e+000  0.000000e+000
    outer loop
      vertex  5.000000e+001  2.900000e+001 -1.000000e+000
      vertex  5.000000e+001  2.900000e+001 -2.400000e+001
      vertex  5.000000e+001  7.700000e+001 -2.400000e+001
    endloop
  endfacet
  facet normal  1.000000e+000  0.000000e+000  -0.000000e+000
    outer loop
      vertex  5.000000e+001  7.900000e+001  1.000000e+000
      vertex  5.000000e+001  8.200000e+001  1.000000e+000
      vertex  5.000000e+001  8.200000e+001  9.000000e+000
    endloop
  endfacet
  facet normal  1.000000e+000  -0.000000e+000  -0.000000e+000
    outer loop
      vertex  5.000000e+001  2.700000e+001  1.000000e+000
      vertex  5.000000e+001  2.800000e+001  7.320509e-001
      vertex  5.000000e+001  7.700000e+001 -1.000000e+000
    endloop
  endfacet
  facet normal  1.000000e+000  0.000000e+000  -0.000000e+000
    outer loop
      vertex  5.000000e+001  2.700000e+001  1.000000e+000
      vertex  5.000000e+001  7.700000e+001 -1.000000e+000
      vertex  5.000000e+001  7.726795e+001 -1.917711e-007
    endloop
  endfacet
  facet normal  1.000000e+000  0.000000e+000  -0.000000e+000
    outer loop
      vertex  5.000000e+001  2.700000e+001  1.000000e+000
      vertex  5.000000e+001  7.726795e+001 -1.917711e-007
      vertex  5.000000e+001  7.800000e+001  7.320508e-001
    endloop
  endfacet
  facet normal  9.999999e-001  0.000000e+000  -0.000000e+000
    outer loop
      vertex  5.000000e+001  2.700000e+001  1.000000e+000
      vertex  5.000000e+001  7.800000e+001  7.320508e-001
      vertex  5.000000e+001  7.900000e+001  1.000000e+000
    endloop
  endfacet
  facet normal  1.000000e+000  0.000000e+000  -0.000000e+000
    outer loop
      vertex  5.000000e+001  2.700000e+001  1.000000e+000
      vertex  5.000000e+001  7.900000e+001  1.000000e+000
      vertex  5.000000e+001  8.200000e+001  9.000000e+000
    endloop
  endfacet
  facet normal  1.000000e+000  0.000000e+000  0.000000e+000
    outer loop
      vertex  5.000000e+001  2.700000e+001  1.000000e+000
      vertex  5.000000e+001  8.200000e+001  9.000000e+000
      vertex  5.000000e+001  4.000000e+000  9.000000e+000
    endloop
  endfacet
  facet normal  1.000000e+000  0.000000e+000  0.000000e+000
    outer loop
      vertex  5.000000e+001  2.700000e+001  1.000000e+000
      vertex  5.000000e+001  4.000000e+000  9.000000e+000
      vertex  5.000000e+001  4.000000e+000  1.000000e+000
    endloop
  endfacet
  facet normal  1.000000e+000  0.000000e+000  0.000000e+000
    outer loop
      vertex  5.000000e+001  7.700000e+001 -1.000000e+000
      vertex  5.000000e+001  2.800000e+001  7.320509e-001
      vertex  5.000000e+001  7.700000e+001 -2.400000e+001
    endloop
  endfacet
  facet normal  1.000000e+000  0.000000e+000  0.000000e+000
    outer loop
      vertex  5.000000e+001  7.700000e+001 -2.400000e+001
      vertex  5.000000e+001  2.800000e+001  7.320509e-001
      vertex  5.000000e+001  2.873205e+001  9.588553e-008
    endloop
  endfacet
  facet normal  1.000000e+000  0.000000e+000  0.000000e+000
    outer loop
      vertex  5.000000e+001  7.700000e+001 -2.400000e+001
      vertex  5.000000e+001  2.873205e+001  9.588553e-008
      vertex  5.000000e+001  2.900000e+001 -1.000000e+000
    endloop
  endfacet
  facet normal  9.238800e-001 -3.826822e-001  0.000000e+000
    outer loop
      vertex  5.000000e+001  8.200000e+001  1.000000e+000
      vertex  5.029289e+001  8.270711e+001  1.000000e+000
      vertex  5.000000e+001  8.200000e+001  9.000000e+000
    endloop
  endfacet
  facet normal  9.238800e-001 -3.826822e-001  0.000000e+000
    outer loop
      vertex  5.000000e+001  8.200000e+001  9.000000e+000
      vertex  5.029289e+001  8.270711e+001  1.000000e+000
      vertex  5.029289e+001  8.270711e+001  9.000000e+000
    endloop
  endfacet
  facet normal  3.826822e-001 -9.238800e-001  0.000000e+000
    outer loop
      vertex  5.029289e+001  8.270711e+001  1.000000e+000
      vertex  5.100000e+001  8.300000e+001  1.000000e+000
      vertex  5.029289e+001  8.270711e+001  9.000000e+000
    endloop
  endfacet
  facet normal  3.826822e-001 -9.238800e-001  0.000000e+000
    outer loop
      vertex  5.029289e+001  8.270711e+001  9.000000e+000
      vertex  5.100000e+001  8.300000e+001  1.000000e+000
      vertex  5.100000e+001  8.300000e+001  9.000000e+000
    endloop
  endfacet
  facet normal  0.000000e+000 -1.000000e+000  0.000000e+000
    outer loop
      vertex  5.100000e+001  8.300000e+001  9.000000e+000
      vertex  5.100000e+001  8.300000e+001  1.000000e+000
      vertex  2.000000e+002  8.300000e+001  9.000000e+000
    endloop
  endfacet
  facet normal  0.000000e+000 -1.000000e+000  -0.000000e+000
    outer loop
      vertex  2.000000e+002  8.300000e+001  9.000000e+000
      vertex  5.100000e+001  8.300000e+001  1.000000e+000
      vertex  2.000000e+002  8.300000e+001  1.000000e+000
    endloop
  endfacet
  facet normal  0.000000e+000  3.826836e-001  9.238794e-001
    outer loop
      vertex  5.100000e+001  2.000000e+000  1.000000e+001
      vertex  1.990000e+002  2.000000e+000  1.000000e+001
      vertex  5.100000e+001  2.707107e+000  9.707107e+000
    endloop
  endfacet
  facet normal  -0.000000e+000  3.826836e-001  9.238794e-001
    outer loop
      vertex  5.100000e+001  2.707107e+000  9.707107e+000
      vertex  1.990000e+002  2.000000e+000  1.000000e+001
      vertex  1.990000e+002  2.707107e+000  9.707107e+000
    endloop
  endfacet
  facet normal  0.000000e+000  9.238796e-001  3.826835e-001
    outer loop
      vertex  5.100000e+001  2.707107e+000  9.707107e+000
      vertex  1.990000e+002  2.707107e+000  9.707107e+000
      vertex  5.100000e+001  3.000000e+000  9.000000e+000
    endloop
  endfacet
  facet normal  -0.000000e+000  9.238796e-001  3.826835e-001
    outer loop
      vertex  5.100000e+001  3.000000e+000  9.000000e+000
      vertex  1.990000e+002  2.707107e+000  9.707107e+000
      vertex  1.990000e+002  3.000000e+000  9.000000e+000
    endloop
  endfacet
  facet normal  3.806872e-001  1.020043e-001  9.190606e-001
    outer loop
      vertex  4.900000e+001  4.000000e+000  1.000000e+001
      vertex  4.988032e+001  3.353553e+000  9.707107e+000
      vertex  4.970711e+001  4.000000e+000  9.707107e+000
    endloop
  endfacet
  facet normal  4.246487e-001  1.758948e-001  8.881073e-001
    outer loop
      vertex  4.900000e+001  4.000000e+000  1.000000e+001
      vertex  4.958578e+001  2.585786e+000  1.000000e+001
      vertex  4.988032e+001  3.353553e+000  9.707107e+000
    endloop
  endfacet
  facet normal  1.758950e-001  4.246486e-001  8.881072e-001
    outer loop
      vertex  5.100000e+001  2.000000e+000  1.000000e+001
      vertex  5.035355e+001  2.880322e+000  9.707107e+000
      vertex  4.958578e+001  2.585786e+000  1.000000e+001
    endloop
  endfacet
  facet normal  1.020050e-001  3.806875e-001  9.190604e-001
    outer loop
      vertex  5.100000e+001  2.000000e+000  1.000000e+001
      vertex  5.100000e+001  2.707107e+000  9.707107e+000
      vertex  5.035355e+001  2.880322e+000  9.707107e+000
    endloop
  endfacet
  facet normal  2.402994e-001  8.968088e-001  3.714704e-001
    outer loop
      vertex  5.100000e+001  3.000000e+000  9.000000e+000
      vertex  5.035355e+001  2.880322e+000  9.707107e+000
      vertex  5.100000e+001  2.707107e+000  9.707107e+000
    endloop
  endfacet
  facet normal  3.414283e-001  8.242818e-001  4.516485e-001
    outer loop
      vertex  5.100000e+001  3.000000e+000  9.000000e+000
      vertex  5.029289e+001  3.292893e+000  9.000000e+000
      vertex  5.035355e+001  2.880322e+000  9.707107e+000
    endloop
  endfacet
  facet normal  8.242819e-001  3.414278e-001  4.516486e-001
    outer loop
      vertex  5.000000e+001  4.000000e+000  9.000000e+000
      vertex  4.988032e+001  3.353553e+000  9.707107e+000
      vertex  5.029289e+001  3.292893e+000  9.000000e+000
    endloop
  endfacet
  facet normal  8.968094e-001  2.402981e-001  3.714697e-001
    outer loop
      vertex  5.000000e+001  4.000000e+000  9.000000e+000
      vertex  4.970711e+001  4.000000e+000  9.707107e+000
      vertex  4.988032e+001  3.353553e+000  9.707107e+000
    endloop
  endfacet
  facet normal  2.568781e-001  2.568785e-001  9.316797e-001
    outer loop
      vertex  4.958578e+001  2.585786e+000  1.000000e+001
      vertex  5.035355e+001  2.880322e+000  9.707107e+000
      vertex  4.988032e+001  3.353553e+000  9.707107e+000
    endloop
  endfacet
  facet normal  6.670099e-001  6.670108e-001  3.319555e-001
    outer loop
      vertex  5.035355e+001  2.880322e+000  9.707107e+000
      vertex  5.029289e+001  3.292893e+000  9.000000e+000
      vertex  4.988032e+001  3.353553e+000  9.707107e+000
    endloop
  endfacet
  facet normal  9.238799e-001  0.000000e+000  3.826827e-001
    outer loop
      vertex  5.000000e+001  4.000000e+000  9.000000e+000
      vertex  5.000000e+001  8.200000e+001  9.000000e+000
      vertex  4.970711e+001  4.000000e+000  9.707107e+000
    endloop
  endfacet
  facet normal  9.238799e-001  -0.000000e+000  3.826827e-001
    outer loop
      vertex  4.970711e+001  4.000000e+000  9.707107e+000
      vertex  5.000000e+001  8.200000e+001  9.000000e+000
      vertex  4.970711e+001  8.200000e+001  9.707107e+000
    endloop
  endfacet
  facet normal  3.826833e-001  0.000000e+000  9.238796e-001
    outer loop
      vertex  4.970711e+001  4.000000e+000  9.707107e+000
      vertex  4.970711e+001  8.200000e+001  9.707107e+000
      vertex  4.900000e+001  4.000000e+000  1.000000e+001
    endloop
  endfacet
  facet normal  3.826833e-001  -0.000000e+000  9.238796e-001
    outer loop
      vertex  4.900000e+001  4.000000e+000  1.000000e+001
      vertex  4.970711e+001  8.200000e+001  9.707107e+000
      vertex  4.900000e+001  8.200000e+001  1.000000e+001
    endloop
  endfacet
  facet normal  8.968093e-001 -2.402983e-001  3.714697e-001
    outer loop
      vertex  5.000000e+001  8.200000e+001  9.000000e+000
      vertex  4.988032e+001  8.264645e+001  9.707107e+000
      vertex  4.970711e+001  8.200000e+001  9.707107e+000
    endloop
  endfacet
  facet normal  8.242822e-001 -3.414276e-001  4.516482e-001
    outer loop
      vertex  5.000000e+001  8.200000e+001  9.000000e+000
      vertex  5.029289e+001  8.270711e+001  9.000000e+000
      vertex  4.988032e+001  8.264645e+001  9.707107e+000
    endloop
  endfacet
  facet normal  3.414283e-001 -8.242838e-001  4.516446e-001
    outer loop
      vertex  5.100000e+001  8.300000e+001  9.000000e+000
      vertex  5.035355e+001  8.311967e+001  9.707107e+000
      vertex  5.029289e+001  8.270711e+001  9.000000e+000
    endloop
  endfacet
  facet normal  2.403032e-001 -8.968082e-001  3.714692e-001
    outer loop
      vertex  5.100000e+001  8.300000e+001  9.000000e+000
      vertex  5.100000e+001  8.329289e+001  9.707107e+000
      vertex  5.035355e+001  8.311967e+001  9.707107e+000
    endloop
  endfacet
  facet normal  6.670082e-001 -6.670136e-001  3.319532e-001
    outer loop
      vertex  4.988032e+001  8.264645e+001  9.707107e+000
      vertex  5.029289e+001  8.270711e+001  9.000000e+000
      vertex  5.035355e+001  8.311967e+001  9.707107e+000
    endloop
  endfacet
  facet normal  1.020066e-001 -3.806871e-001  9.190603e-001
    outer loop
      vertex  5.100000e+001  8.329289e+001  9.707107e+000
      vertex  5.100000e+001  8.400000e+001  1.000000e+001
      vertex  5.035355e+001  8.311967e+001  9.707107e+000
    endloop
  endfacet
  facet normal  1.020057e-001 -3.806866e-001  9.190606e-001
    outer loop
      vertex  5.035355e+001  8.311967e+001  9.707107e+000
      vertex  5.100000e+001  8.400000e+001  1.000000e+001
      vertex  5.000000e+001  8.373205e+001  1.000000e+001
    endloop
  endfacet
  facet normal  2.786809e-001 -2.786832e-001  9.190607e-001
    outer loop
      vertex  5.035355e+001  8.311967e+001  9.707107e+000
      vertex  5.000000e+001  8.373205e+001  1.000000e+001
      vertex  4.988032e+001  8.264645e+001  9.707107e+000
    endloop
  endfacet
  facet normal  2.786818e-001 -2.786832e-001  9.190605e-001
    outer loop
      vertex  4.988032e+001  8.264645e+001  9.707107e+000
      vertex  5.000000e+001  8.373205e+001  1.000000e+001
      vertex  4.926795e+001  8.300000e+001  1.000000e+001
    endloop
  endfacet
  facet normal  3.806873e-001 -1.020044e-001  9.190606e-001
    outer loop
      vertex  4.988032e+001  8.264645e+001  9.707107e+000
      vertex  4.926795e+001  8.300000e+001  1.000000e+001
      vertex  4.970711e+001  8.200000e+001  9.707107e+000
    endloop
  endfacet
  facet normal  3.806872e-001 -1.020044e-001  9.190606e-001
    outer loop
      vertex  4.970711e+001  8.200000e+001  9.707107e+000
      vertex  4.926795e+001  8.300000e+001  1.000000e+001
      vertex  4.900000e+001  8.200000e+001  1.000000e+001
    endloop
  endfacet
  facet normal  0.000000e+000 -3.826831e-001 -9.238797e-001
    outer loop
      vertex  1.000000e+000  2.700000e+001  0.000000e+000
      vertex  1.000000e+000  2.770711e+001 -2.928932e-001
      vertex  4.900000e+001  2.700000e+001  0.000000e+000
    endloop
  endfacet
  facet normal  0.000000e+000 -3.826831e-001 -9.238797e-001
    outer loop
      vertex  4.900000e+001  2.700000e+001  0.000000e+000
      vertex  1.000000e+000  2.770711e+001 -2.928932e-001
      vertex  4.900000e+001  2.770711e+001 -2.928932e-001
    endloop
  endfacet
  facet normal  0.000000e+000 -9.238799e-001 -3.826825e-001
    outer loop
      vertex  1.000000e+000  2.770711e+001 -2.928932e-001
      vertex  1.000000e+000  2.800000e+001 -1.000000e+000
      vertex  4.900000e+001  2.770711e+001 -2.928932e-001
    endloop
  endfacet
  facet normal  9.504024e-010 -9.238799e-001 -3.826826e-001
    outer loop
      vertex  4.900000e+001  2.770711e+001 -2.928932e-001
      vertex  1.000000e+000  2.800000e+001 -1.000000e+000
      vertex  4.900000e+001  2.800000e+001 -1.000000e+000
    endloop
  endfacet
  facet normal  0.000000e+000 -1.000000e+000  0.000000e+000
    outer loop
      vertex  1.000000e+000  2.800000e+001 -2.400000e+001
      vertex  4.900000e+001  2.800000e+001 -2.400000e+001
      vertex  1.000000e+000  2.800000e+001 -1.000000e+000
    endloop
  endfacet
  facet normal  0.000000e+000 -1.000000e+000  0.000000e+000
    outer loop
      vertex  1.000000e+000  2.800000e+001 -1.000000e+000
      vertex  4.900000e+001  2.800000e+001 -2.400000e+001
      vertex  4.900000e+001  2.800000e+001 -1.000000e+000
    endloop
  endfacet
  facet normal  0.000000e+000  0.000000e+000 -1.000000e+000
    outer loop
      vertex  1.000000e+000  4.000000e+000  0.000000e+000
      vertex  1.000000e+000  2.700000e+001  0.000000e+000
      vertex  4.900000e+001  4.000000e+000  0.000000e+000
    endloop
  endfacet
  facet normal  0.000000e+000  0.000000e+000 -1.000000e+000
    outer loop
      vertex  4.900000e+001  4.000000e+000  0.000000e+000
      vertex  1.000000e+000  2.700000e+001  0.000000e+000
      vertex  4.900000e+001  2.700000e+001  0.000000e+000
    endloop
  endfacet
  facet normal  -0.000000e+000 -3.826822e-001 -9.238800e-001
    outer loop
      vertex  1.000000e+000  2.900000e+001 -2.500000e+001
      vertex  4.900000e+001  2.900000e+001 -2.500000e+001
      vertex  1.000000e+000  2.829289e+001 -2.470711e+001
    endloop
  endfacet
  facet normal  0.000000e+000 -3.826822e-001 -9.238800e-001
    outer loop
      vertex  1.000000e+000  2.829289e+001 -2.470711e+001
      vertex  4.900000e+001  2.900000e+001 -2.500000e+001
      vertex  4.900000e+001  2.829289e+001 -2.470711e+001
    endloop
  endfacet
  facet normal  -0.000000e+000 -9.238800e-001 -3.826822e-001
    outer loop
      vertex  1.000000e+000  2.829289e+001 -2.470711e+001
      vertex  4.900000e+001  2.829289e+001 -2.470711e+001
      vertex  1.000000e+000  2.800000e+001 -2.400000e+001
    endloop
  endfacet
  facet normal  0.000000e+000 -9.238800e-001 -3.826822e-001
    outer loop
      vertex  1.000000e+000  2.800000e+001 -2.400000e+001
      vertex  4.900000e+001  2.829289e+001 -2.470711e+001
      vertex  4.900000e+001  2.800000e+001 -2.400000e+001
    endloop
  endfacet
  facet normal  0.000000e+000  3.826822e-001 -9.238800e-001
    outer loop
      vertex  4.900000e+001  7.700000e+001 -2.500000e+001
      vertex  1.000000e+000  7.700000e+001 -2.500000e+001
      vertex  4.900000e+001  7.770711e+001 -2.470711e+001
    endloop
  endfacet
  facet normal  0.000000e+000  3.826822e-001 -9.238800e-001
    outer loop
      vertex  4.900000e+001  7.770711e+001 -2.470711e+001
      vertex  1.000000e+000  7.700000e+001 -2.500000e+001
      vertex  1.000000e+000  7.770711e+001 -2.470711e+001
    endloop
  endfacet
  facet normal  0.000000e+000  9.238800e-001 -3.826822e-001
    outer loop
      vertex  4.900000e+001  7.770711e+001 -2.470711e+001
      vertex  1.000000e+000  7.770711e+001 -2.470711e+001
      vertex  4.900000e+001  7.800000e+001 -2.400000e+001
    endloop
  endfacet
  facet normal  0.000000e+000  9.238800e-001 -3.826822e-001
    outer loop
      vertex  4.900000e+001  7.800000e+001 -2.400000e+001
      vertex  1.000000e+000  7.770711e+001 -2.470711e+001
      vertex  1.000000e+000  7.800000e+001 -2.400000e+001
    endloop
  endfacet
  facet normal  0.000000e+000  1.000000e+000  0.000000e+000
    outer loop
      vertex  4.900000e+001  7.800000e+001 -2.400000e+001
      vertex  1.000000e+000  7.800000e+001 -2.400000e+001
      vertex  4.900000e+001  7.800000e+001 -1.000000e+000
    endloop
  endfacet
  facet normal  0.000000e+000  1.000000e+000  0.000000e+000
    outer loop
      vertex  4.900000e+001  7.800000e+001 -1.000000e+000
      vertex  1.000000e+000  7.800000e+001 -2.400000e+001
      vertex  1.000000e+000  7.800000e+001 -1.000000e+000
    endloop
  endfacet
  facet normal  7.098724e-004  7.071042e-001 -7.071090e-001
    outer loop
      vertex  1.000000e+000  7.813397e+001 -5.000001e-001
      vertex  1.000000e+000  7.850000e+001 -1.339747e-001
      vertex  4.900000e+001  7.829289e+001 -2.928932e-001
    endloop
  endfacet
  facet normal -2.081248e-003  2.588186e-001 -9.659237e-001
    outer loop
      vertex  4.900000e+001  7.829289e+001 -2.928932e-001
      vertex  1.000000e+000  7.850000e+001 -1.339747e-001
      vertex  1.000000e+000  7.900000e+001  0.000000e+000
    endloop
  endfacet
  facet normal  0.000000e+000  3.826831e-001 -9.238797e-001
    outer loop
      vertex  4.900000e+001  7.829289e+001 -2.928932e-001
      vertex  1.000000e+000  7.900000e+001  0.000000e+000
      vertex  4.900000e+001  7.900000e+001  0.000000e+000
    endloop
  endfacet
  facet normal -2.081310e-003  9.659249e-001 -2.588141e-001
    outer loop
      vertex  1.000000e+000  7.813397e+001 -5.000001e-001
      vertex  4.900000e+001  7.829289e+001 -2.928932e-001
      vertex  1.000000e+000  7.800000e+001 -1.000000e+000
    endloop
  endfacet
  facet normal  9.504024e-010  9.238799e-001 -3.826826e-001
    outer loop
      vertex  1.000000e+000  7.800000e+001 -1.000000e+000
      vertex  4.900000e+001  7.829289e+001 -2.928932e-001
      vertex  4.900000e+001  7.800000e+001 -1.000000e+000
    endloop
  endfacet
  facet normal  0.000000e+000  7.323889e-002 -9.973144e-001
    outer loop
      vertex  1.000000e+000  4.000000e+000  0.000000e+000
      vertex  4.900000e+001  4.000000e+000  0.000000e+000
      vertex  4.902145e+001  3.853915e+000 -1.072788e-002
    endloop
  endfacet
  facet normal  5.455315e-004  2.504252e-001 -9.681358e-001
    outer loop
      vertex  1.000000e+000  4.000000e+000  0.000000e+000
      vertex  4.902145e+001  3.853915e+000 -1.072788e-002
      vertex  4.912756e+001  3.648584e+000 -6.378075e-002
    endloop
  endfacet
  facet normal  2.814133e-003  5.383537e-001 -8.427143e-001
    outer loop
      vertex  1.000000e+000  4.000000e+000  0.000000e+000
      vertex  4.912756e+001  3.648584e+000 -6.378075e-002
      vertex  4.956676e+001  3.302534e+000 -2.833821e-001
    endloop
  endfacet
  facet normal  1.049640e-004  3.826834e-001 -9.238796e-001
    outer loop
      vertex  1.000000e+000  4.000000e+000  0.000000e+000
      vertex  4.956676e+001  3.302534e+000 -2.833821e-001
      vertex  1.000000e+000  3.292893e+000 -2.928932e-001
    endloop
  endfacet
  facet normal -1.066585e-004  9.211906e-001 -3.891115e-001
    outer loop
      vertex  4.956676e+001  3.302534e+000 -2.833821e-001
      vertex  5.100000e+001  3.000000e+000 -1.000000e+000
      vertex  1.000000e+000  3.292893e+000 -2.928932e-001
    endloop
  endfacet
  facet normal  0.000000e+000  9.238796e-001 -3.826834e-001
    outer loop
      vertex  1.000000e+000  3.292893e+000 -2.928932e-001
      vertex  5.100000e+001  3.000000e+000 -1.000000e+000
      vertex  1.000000e+000  3.000000e+000 -1.000000e+000
    endloop
  endfacet
  facet normal  3.899545e-001  9.208340e-001  6.033778e-004
    outer loop
      vertex  5.028338e+001  3.302534e+000  4.332357e-001
      vertex  5.029289e+001  3.292893e+000  9.000000e+000
      vertex  5.100000e+001  3.000000e+000 -1.000000e+000
    endloop
  endfacet
  facet normal  3.826830e-001  9.238797e-001  0.000000e+000
    outer loop
      vertex  5.029289e+001  3.292893e+000  9.000000e+000
      vertex  5.100000e+001  3.000000e+000  9.000000e+000
      vertex  5.100000e+001  3.000000e+000 -1.000000e+000
    endloop
  endfacet
  facet normal  9.238797e-001  3.826825e-001 -5.949514e-004
    outer loop
      vertex  5.000000e+001  4.000000e+000  9.000000e+000
      vertex  5.029289e+001  3.292893e+000  9.000000e+000
      vertex  5.028338e+001  3.302534e+000  4.332357e-001
    endloop
  endfacet
  facet normal  8.341391e-001  5.512832e-001 -1.729019e-002
    outer loop
      vertex  5.000000e+001  4.000000e+000  9.000000e+000
      vertex  5.028338e+001  3.302534e+000  4.332357e-001
      vertex  5.006378e+001  3.648584e+000  8.724385e-001
    endloop
  endfacet
  facet normal  9.677835e-001  2.517620e-001 -3.290823e-003
    outer loop
      vertex  5.000000e+001  4.000000e+000  9.000000e+000
      vertex  5.006378e+001  3.648584e+000  8.724385e-001
      vertex  5.001073e+001  3.853915e+000  9.785442e-001
    endloop
  endfacet
  facet normal  9.973150e-001  7.323243e-002  0.000000e+000
    outer loop
      vertex  5.000000e+001  4.000000e+000  9.000000e+000
      vertex  5.001073e+001  3.853915e+000  9.785442e-001
      vertex  5.000000e+001  4.000000e+000  1.000000e+000
    endloop
  endfacet
  facet normal  0.000000e+000  1.000000e+000  0.000000e+000
    outer loop
      vertex  1.000000e+000  3.000000e+000 -4.900000e+001
      vertex  1.000000e+000  3.000000e+000 -1.000000e+000
      vertex  1.990000e+002  3.000000e+000 -4.900000e+001
    endloop
  endfacet
  facet normal  0.000000e+000  1.000000e+000  0.000000e+000
    outer loop
      vertex  1.990000e+002  3.000000e+000 -4.900000e+001
      vertex  1.000000e+000  3.000000e+000 -1.000000e+000
      vertex  5.100000e+001  3.000000e+000 -1.000000e+000
    endloop
  endfacet
  facet normal  -0.000000e+000  1.000000e+000  0.000000e+000
    outer loop
      vertex  1.990000e+002  3.000000e+000 -4.900000e+001
      vertex  5.100000e+001  3.000000e+000 -1.000000e+000
      vertex  1.990000e+002  3.000000e+000  9.000000e+000
    endloop
  endfacet
  facet normal  0.000000e+000  1.000000e+000  0.000000e+000
    outer loop
      vertex  1.990000e+002  3.000000e+000  9.000000e+000
      vertex  5.100000e+001  3.000000e+000 -1.000000e+000
      vertex  5.100000e+001  3.000000e+000  9.000000e+000
    endloop
  endfacet
  facet normal  2.403032e-001 -8.968082e-001 -3.714691e-001
    outer loop
      vertex  5.100000e+001  8.300000e+001  1.000000e+000
      vertex  5.035355e+001  8.311967e+001  2.928932e-001
      vertex  5.100000e+001  8.329289e+001  2.928932e-001
    endloop
  endfacet
  facet normal  3.414283e-001 -8.242839e-001 -4.516446e-001
    outer loop
      vertex  5.100000e+001  8.300000e+001  1.000000e+000
      vertex  5.029289e+001  8.270711e+001  1.000000e+000
      vertex  5.035355e+001  8.311967e+001  2.928932e-001
    endloop
  endfacet
  facet normal  8.242822e-001 -3.414276e-001 -4.516481e-001
    outer loop
      vertex  5.000000e+001  8.200000e+001  1.000000e+000
      vertex  4.988032e+001  8.264645e+001  2.928932e-001
      vertex  5.029289e+001  8.270711e+001  1.000000e+000
    endloop
  endfacet
  facet normal  8.968093e-001 -2.402983e-001 -3.714696e-001
    outer loop
      vertex  5.000000e+001  8.200000e+001  1.000000e+000
      vertex  4.970711e+001  8.200000e+001  2.928932e-001
      vertex  4.988032e+001  8.264645e+001  2.928932e-001
    endloop
  endfacet
  facet normal  6.670082e-001 -6.670136e-001 -3.319531e-001
    outer loop
      vertex  5.029289e+001  8.270711e+001  1.000000e+000
      vertex  4.988032e+001  8.264645e+001  2.928932e-001
      vertex  5.035355e+001  8.311967e+001  2.928932e-001
    endloop
  endfacet
  facet normal  1.020058e-001 -3.806870e-001 -9.190606e-001
    outer loop
      vertex  5.100000e+001  8.400000e+001  0.000000e+000
      vertex  5.100000e+001  8.329289e+001  2.928932e-001
      vertex  5.000000e+001  8.373205e+001  0.000000e+000
    endloop
  endfacet
  facet normal  1.020063e-001 -3.806861e-001 -9.190609e-001
    outer loop
      vertex  5.000000e+001  8.373205e+001  0.000000e+000
      vertex  5.100000e+001  8.329289e+001  2.928932e-001
      vertex  5.035355e+001  8.311967e+001  2.928932e-001
    endloop
  endfacet
  facet normal  2.786813e-001 -2.786827e-001 -9.190608e-001
    outer loop
      vertex  5.000000e+001  8.373205e+001  0.000000e+000
      vertex  5.035355e+001  8.311967e+001  2.928932e-001
      vertex  4.926795e+001  8.300000e+001  0.000000e+000
    endloop
  endfacet
  facet normal  2.786813e-001 -2.786835e-001 -9.190605e-001
    outer loop
      vertex  4.926795e+001  8.300000e+001  0.000000e+000
      vertex  5.035355e+001  8.311967e+001  2.928932e-001
      vertex  4.988032e+001  8.264645e+001  2.928932e-001
    endloop
  endfacet
  facet normal  3.806871e-001 -1.020044e-001 -9.190606e-001
    outer loop
      vertex  4.926795e+001  8.300000e+001  0.000000e+000
      vertex  4.988032e+001  8.264645e+001  2.928932e-001
      vertex  4.900000e+001  8.200000e+001  0.000000e+000
    endloop
  endfacet
  facet normal  3.806870e-001 -1.020043e-001 -9.190607e-001
    outer loop
      vertex  4.900000e+001  8.200000e+001  0.000000e+000
      vertex  4.988032e+001  8.264645e+001  2.928932e-001
      vertex  4.970711e+001  8.200000e+001  2.928932e-001
    endloop
  endfacet
  facet normal  9.238799e-001  0.000000e+000 -3.826826e-001
    outer loop
      vertex  5.000000e+001  8.200000e+001  1.000000e+000
      vertex  5.000000e+001  7.900000e+001  1.000000e+000
      vertex  4.970711e+001  8.200000e+001  2.928932e-001
    endloop
  endfacet
  facet normal  9.238799e-001  0.000000e+000 -3.826826e-001
    outer loop
      vertex  4.970711e+001  8.200000e+001  2.928932e-001
      vertex  5.000000e+001  7.900000e+001  1.000000e+000
      vertex  4.970711e+001  7.900000e+001  2.928932e-001
    endloop
  endfacet
  facet normal  3.826831e-001  0.000000e+000 -9.238797e-001
    outer loop
      vertex  4.970711e+001  8.200000e+001  2.928932e-001
      vertex  4.970711e+001  7.900000e+001  2.928932e-001
      vertex  4.900000e+001  8.200000e+001  0.000000e+000
    endloop
  endfacet
  facet normal  3.826831e-001  0.000000e+000 -9.238797e-001
    outer loop
      vertex  4.900000e+001  8.200000e+001  0.000000e+000
      vertex  4.970711e+001  7.900000e+001  2.928932e-001
      vertex  4.900000e+001  7.900000e+001  0.000000e+000
    endloop
  endfacet
  facet normal  3.714688e-001  8.968084e-001 -2.403032e-001
    outer loop
      vertex  4.900000e+001  7.800000e+001 -1.000000e+000
      vertex  4.970711e+001  7.788033e+001 -3.535534e-001
      vertex  4.970711e+001  7.770711e+001 -1.000000e+000
    endloop
  endfacet
  facet normal  4.516446e-001  8.242838e-001 -3.414286e-001
    outer loop
      vertex  4.900000e+001  7.800000e+001 -1.000000e+000
      vertex  4.900000e+001  7.829289e+001 -2.928932e-001
      vertex  4.970711e+001  7.788033e+001 -3.535534e-001
    endloop
  endfacet
  facet normal  4.516481e-001  3.414284e-001 -8.242819e-001
    outer loop
      vertex  4.900000e+001  7.900000e+001  0.000000e+000
      vertex  4.970711e+001  7.835355e+001  1.196784e-001
      vertex  4.900000e+001  7.829289e+001 -2.928932e-001
    endloop
  endfacet
  facet normal  3.714700e-001  2.402994e-001 -8.968089e-001
    outer loop
      vertex  4.900000e+001  7.900000e+001  0.000000e+000
      vertex  4.970711e+001  7.900000e+001  2.928932e-001
      vertex  4.970711e+001  7.835355e+001  1.196784e-001
    endloop
  endfacet
  facet normal  3.319536e-001  6.670132e-001 -6.670085e-001
    outer loop
      vertex  4.970711e+001  7.788033e+001 -3.535534e-001
      vertex  4.900000e+001  7.829289e+001 -2.928932e-001
      vertex  4.970711e+001  7.835355e+001  1.196784e-001
    endloop
  endfacet
  facet normal  9.190609e-001  1.020047e-001 -3.806865e-001
    outer loop
      vertex  4.970711e+001  7.900000e+001  2.928932e-001
      vertex  5.000000e+001  7.900000e+001  1.000000e+000
      vertex  4.970711e+001  7.835355e+001  1.196784e-001
    endloop
  endfacet
  facet normal  9.190608e-001  1.020046e-001 -3.806864e-001
    outer loop
      vertex  4.970711e+001  7.835355e+001  1.196784e-001
      vertex  5.000000e+001  7.900000e+001  1.000000e+000
      vertex  5.000000e+001  7.800000e+001  7.320508e-001
    endloop
  endfacet
  facet normal  9.190608e-001  2.786830e-001 -2.786810e-001
    outer loop
      vertex  4.970711e+001  7.835355e+001  1.196784e-001
      vertex  5.000000e+001  7.800000e+001  7.320508e-001
      vertex  4.970711e+001  7.788033e+001 -3.535534e-001
    endloop
  endfacet
  facet normal  9.190611e-001  2.786821e-001 -2.786810e-001
    outer loop
      vertex  4.970711e+001  7.788033e+001 -3.535534e-001
      vertex  5.000000e+001  7.800000e+001  7.320508e-001
      vertex  5.000000e+001  7.726795e+001 -1.917711e-007
    endloop
  endfacet
  facet normal  9.190612e-001  3.806853e-001 -1.020060e-001
    outer loop
      vertex  4.970711e+001  7.788033e+001 -3.535534e-001
      vertex  5.000000e+001  7.726795e+001 -1.917711e-007
      vertex  4.970711e+001  7.770711e+001 -1.000000e+000
    endloop
  endfacet
  facet normal  9.190609e-001  3.806861e-001 -1.020056e-001
    outer loop
      vertex  4.970711e+001  7.770711e+001 -1.000000e+000
      vertex  5.000000e+001  7.726795e+001 -1.917711e-007
      vertex  5.000000e+001  7.700000e+001 -1.000000e+000
    endloop
  endfacet
  facet normal  3.826822e-001  9.238800e-001  0.000000e+000
    outer loop
      vertex  4.900000e+001  7.800000e+001 -2.400000e+001
      vertex  4.900000e+001  7.800000e+001 -1.000000e+000
      vertex  4.970711e+001  7.770711e+001 -2.400000e+001
    endloop
  endfacet
  facet normal  3.826822e-001  9.238800e-001  -0.000000e+000
    outer loop
      vertex  4.970711e+001  7.770711e+001 -2.400000e+001
      vertex  4.900000e+001  7.800000e+001 -1.000000e+000
      vertex  4.970711e+001  7.770711e+001 -1.000000e+000
    endloop
  endfacet
  facet normal  9.238800e-001  3.826822e-001  0.000000e+000
    outer loop
      vertex  4.970711e+001  7.770711e+001 -2.400000e+001
      vertex  4.970711e+001  7.770711e+001 -1.000000e+000
      vertex  5.000000e+001  7.700000e+001 -2.400000e+001
    endloop
  endfacet
  facet normal  9.238800e-001  3.826822e-001  -0.000000e+000
    outer loop
      vertex  5.000000e+001  7.700000e+001 -2.400000e+001
      vertex  4.970711e+001  7.770711e+001 -1.000000e+000
      vertex  5.000000e+001  7.700000e+001 -1.000000e+000
    endloop
  endfacet
  facet normal  9.124874e-001  3.779633e-001 -1.565581e-001
    outer loop
      vertex  5.000000e+001  7.700000e+001 -2.400000e+001
      vertex  4.970711e+001  7.750000e+001 -2.450000e+001
      vertex  4.970711e+001  7.770711e+001 -2.400000e+001
    endloop
  endfacet
  facet normal  9.124874e-001  1.565581e-001 -3.779633e-001
    outer loop
      vertex  5.000000e+001  7.700000e+001 -2.400000e+001
      vertex  4.970711e+001  7.700000e+001 -2.470711e+001
      vertex  4.970711e+001  7.750000e+001 -2.450000e+001
    endloop
  endfacet
  facet normal  3.574054e-001  3.574080e-001 -8.628561e-001
    outer loop
      vertex  4.970711e+001  7.700000e+001 -2.470711e+001
      vertex  4.900000e+001  7.700000e+001 -2.500000e+001
      vertex  4.970711e+001  7.750000e+001 -2.450000e+001
    endloop
  endfacet
  facet normal  3.574074e-001  3.574056e-001 -8.628565e-001
    outer loop
      vertex  4.970711e+001  7.750000e+001 -2.450000e+001
      vertex  4.900000e+001  7.700000e+001 -2.500000e+001
      vertex  4.900000e+001  7.770711e+001 -2.470711e+001
    endloop
  endfacet
  facet normal  3.574077e-001  8.628554e-001 -3.574077e-001
    outer loop
      vertex  4.970711e+001  7.750000e+001 -2.450000e+001
      vertex  4.900000e+001  7.770711e+001 -2.470711e+001
      vertex  4.970711e+001  7.770711e+001 -2.400000e+001
    endloop
  endfacet
  facet normal  3.574058e-001  8.628570e-001 -3.574058e-001
    outer loop
      vertex  4.970711e+001  7.770711e+001 -2.400000e+001
      vertex  4.900000e+001  7.770711e+001 -2.470711e+001
      vertex  4.900000e+001  7.800000e+001 -2.400000e+001
    endloop
  endfacet
  facet normal  9.238800e-001  0.000000e+000 -3.826822e-001
    outer loop
      vertex  5.000000e+001  7.700000e+001 -2.400000e+001
      vertex  5.000000e+001  2.900000e+001 -2.400000e+001
      vertex  4.970711e+001  7.700000e+001 -2.470711e+001
    endloop
  endfacet
  facet normal  9.238800e-001  0.000000e+000 -3.826822e-001
    outer loop
      vertex  4.970711e+001  7.700000e+001 -2.470711e+001
      vertex  5.000000e+001  2.900000e+001 -2.400000e+001
      vertex  4.970711e+001  2.900000e+001 -2.470711e+001
    endloop
  endfacet
  facet normal  3.826822e-001  0.000000e+000 -9.238800e-001
    outer loop
      vertex  4.970711e+001  7.700000e+001 -2.470711e+001
      vertex  4.970711e+001  2.900000e+001 -2.470711e+001
      vertex  4.900000e+001  7.700000e+001 -2.500000e+001
    endloop
  endfacet
  facet normal  3.826822e-001  0.000000e+000 -9.238800e-001
    outer loop
      vertex  4.900000e+001  7.700000e+001 -2.500000e+001
      vertex  4.970711e+001  2.900000e+001 -2.470711e+001
      vertex  4.900000e+001  2.900000e+001 -2.500000e+001
    endloop
  endfacet
  facet normal  9.124874e-001 -1.565581e-001 -3.779633e-001
    outer loop
      vertex  5.000000e+001  2.900000e+001 -2.400000e+001
      vertex  4.970711e+001  2.850000e+001 -2.450000e+001
      vertex  4.970711e+001  2.900000e+001 -2.470711e+001
    endloop
  endfacet
  facet normal  9.124874e-001 -3.779633e-001 -1.565581e-001
    outer loop
      vertex  5.000000e+001  2.900000e+001 -2.400000e+001
      vertex  4.970711e+001  2.829289e+001 -2.400000e+001
      vertex  4.970711e+001  2.850000e+001 -2.450000e+001
    endloop
  endfacet
  facet normal  3.574054e-001 -8.628561e-001 -3.574080e-001
    outer loop
      vertex  4.970711e+001  2.829289e+001 -2.400000e+001
      vertex  4.900000e+001  2.800000e+001 -2.400000e+001
      vertex  4.970711e+001  2.850000e+001 -2.450000e+001
    endloop
  endfacet
  facet normal  3.574074e-001 -8.628565e-001 -3.574056e-001
    outer loop
      vertex  4.970711e+001  2.850000e+001 -2.450000e+001
      vertex  4.900000e+001  2.800000e+001 -2.400000e+001
      vertex  4.900000e+001  2.829289e+001 -2.470711e+001
    endloop
  endfacet
  facet normal  3.574077e-001 -3.574077e-001 -8.628554e-001
    outer loop
      vertex  4.970711e+001  2.850000e+001 -2.450000e+001
      vertex  4.900000e+001  2.829289e+001 -2.470711e+001
      vertex  4.970711e+001  2.900000e+001 -2.470711e+001
    endloop
  endfacet
  facet normal  3.574058e-001 -3.574058e-001 -8.628570e-001
    outer loop
      vertex  4.970711e+001  2.900000e+001 -2.470711e+001
      vertex  4.900000e+001  2.829289e+001 -2.470711e+001
      vertex  4.900000e+001  2.900000e+001 -2.500000e+001
    endloop
  endfacet
  facet normal  3.826822e-001 -9.238800e-001  0.000000e+000
    outer loop
      vertex  4.900000e+001  2.800000e+001 -1.000000e+000
      vertex  4.900000e+001  2.800000e+001 -2.400000e+001
      vertex  4.970711e+001  2.829289e+001 -1.000000e+000
    endloop
  endfacet
  facet normal  3.826822e-001 -9.238800e-001  0.000000e+000
    outer loop
      vertex  4.970711e+001  2.829289e+001 -1.000000e+000
      vertex  4.900000e+001  2.800000e+001 -2.400000e+001
      vertex  4.970711e+001  2.829289e+001 -2.400000e+001
    endloop
  endfacet
  facet normal  9.238800e-001 -3.826822e-001  0.000000e+000
    outer loop
      vertex  4.970711e+001  2.829289e+001 -1.000000e+000
      vertex  4.970711e+001  2.829289e+001 -2.400000e+001
      vertex  5.000000e+001  2.900000e+001 -1.000000e+000
    endloop
  endfacet
  facet normal  9.238800e-001 -3.826822e-001  0.000000e+000
    outer loop
      vertex  5.000000e+001  2.900000e+001 -1.000000e+000
      vertex  4.970711e+001  2.829289e+001 -2.400000e+001
      vertex  5.000000e+001  2.900000e+001 -2.400000e+001
    endloop
  endfacet
  facet normal  3.714700e-001 -2.402994e-001 -8.968089e-001
    outer loop
      vertex  4.900000e+001  2.700000e+001  0.000000e+000
      vertex  4.970711e+001  2.764645e+001  1.196784e-001
      vertex  4.970711e+001  2.700000e+001  2.928932e-001
    endloop
  endfacet
  facet normal  4.516481e-001 -3.414284e-001 -8.242819e-001
    outer loop
      vertex  4.900000e+001  2.700000e+001  0.000000e+000
      vertex  4.900000e+001  2.770711e+001 -2.928932e-001
      vertex  4.970711e+001  2.764645e+001  1.196784e-001
    endloop
  endfacet
  facet normal  4.516481e-001 -8.242821e-001 -3.414280e-001
    outer loop
      vertex  4.900000e+001  2.800000e+001 -1.000000e+000
      vertex  4.970711e+001  2.811968e+001 -3.535534e-001
      vertex  4.900000e+001  2.770711e+001 -2.928932e-001
    endloop
  endfacet
  facet normal  3.714693e-001 -8.968095e-001 -2.402982e-001
    outer loop
      vertex  4.900000e+001  2.800000e+001 -1.000000e+000
      vertex  4.970711e+001  2.829289e+001 -1.000000e+000
      vertex  4.970711e+001  2.811968e+001 -3.535534e-001
    endloop
  endfacet
  facet normal  3.319551e-001 -6.670100e-001 -6.670107e-001
    outer loop
      vertex  4.970711e+001  2.764645e+001  1.196784e-001
      vertex  4.900000e+001  2.770711e+001 -2.928932e-001
      vertex  4.970711e+001  2.811968e+001 -3.535534e-001
    endloop
  endfacet
  facet normal  9.190611e-001 -3.806862e-001 -1.020040e-001
    outer loop
      vertex  4.970711e+001  2.829289e+001 -1.000000e+000
      vertex  5.000000e+001  2.900000e+001 -1.000000e+000
      vertex  4.970711e+001  2.811968e+001 -3.535534e-001
    endloop
  endfacet
  facet normal  9.190607e-001 -3.806868e-001 -1.020050e-001
    outer loop
      vertex  4.970711e+001  2.811968e+001 -3.535534e-001
      vertex  5.000000e+001  2.900000e+001 -1.000000e+000
      vertex  5.000000e+001  2.873205e+001  9.588553e-008
    endloop
  endfacet
  facet normal  9.190607e-001 -2.786820e-001 -2.786823e-001
    outer loop
      vertex  4.970711e+001  2.811968e+001 -3.535534e-001
      vertex  5.000000e+001  2.873205e+001  9.588553e-008
      vertex  4.970711e+001  2.764645e+001  1.196784e-001
    endloop
  endfacet
  facet normal  9.190609e-001 -2.786819e-001 -2.786816e-001
    outer loop
      vertex  4.970711e+001  2.764645e+001  1.196784e-001
      vertex  5.000000e+001  2.873205e+001  9.588553e-008
      vertex  5.000000e+001  2.800000e+001  7.320509e-001
    endloop
  endfacet
  facet normal  9.190609e-001 -1.020047e-001 -3.806863e-001
    outer loop
      vertex  4.970711e+001  2.764645e+001  1.196784e-001
      vertex  5.000000e+001  2.800000e+001  7.320509e-001
      vertex  4.970711e+001  2.700000e+001  2.928932e-001
    endloop
  endfacet
  facet normal  9.190609e-001 -1.020046e-001 -3.806865e-001
    outer loop
      vertex  4.970711e+001  2.700000e+001  2.928932e-001
      vertex  5.000000e+001  2.800000e+001  7.320509e-001
      vertex  5.000000e+001  2.700000e+001  1.000000e+000
    endloop
  endfacet
  facet normal  2.588190e-001  0.000000e+000 -9.659259e-001
    outer loop
      vertex  4.900000e+001  4.000000e+000  0.000000e+000
      vertex  4.900000e+001  2.700000e+001  0.000000e+000
      vertex  4.950000e+001  4.000000e+000  1.339746e-001
    endloop
  endfacet
  facet normal  3.826814e-001  2.937602e-003 -9.238756e-001
    outer loop
      vertex  4.950000e+001  4.000000e+000  1.339746e-001
      vertex  4.900000e+001  2.700000e+001  0.000000e+000
      vertex  4.970711e+001  2.700000e+001  2.928932e-001
    endloop
  endfacet
  facet normal  7.071074e-001 -1.481529e-003 -7.071047e-001
    outer loop
      vertex  4.950000e+001  4.000000e+000  1.339746e-001
      vertex  4.970711e+001  2.700000e+001  2.928932e-001
      vertex  4.986602e+001  4.000000e+000  5.000000e-001
    endloop
  endfacet
  facet normal  9.238799e-001  0.000000e+000 -3.826826e-001
    outer loop
      vertex  5.000000e+001  2.700000e+001  1.000000e+000
      vertex  5.000000e+001  4.000000e+000  1.000000e+000
      vertex  4.970711e+001  2.700000e+001  2.928932e-001
    endloop
  endfacet
  facet normal  9.659161e-001  4.343339e-003 -2.588191e-001
    outer loop
      vertex  4.970711e+001  2.700000e+001  2.928932e-001
      vertex  5.000000e+001  4.000000e+000  1.000000e+000
      vertex  4.986602e+001  4.000000e+000  5.000000e-001
    endloop
  endfacet
  facet normal  1.419365e-002  9.310306e-001 -3.646650e-001
    outer loop
      vertex  4.956676e+001  3.302534e+000 -2.833821e-001
      vertex  4.998238e+001  3.414092e+000  1.761594e-002
      vertex  5.100000e+001  3.000000e+000 -1.000000e+000
    endloop
  endfacet
  facet normal  3.646647e-001  9.310307e-001 -1.419389e-002
    outer loop
      vertex  4.998238e+001  3.414092e+000  1.761594e-002
      vertex  5.028338e+001  3.302534e+000  4.332357e-001
      vertex  5.100000e+001  3.000000e+000 -1.000000e+000
    endloop
  endfacet
  facet normal  2.572967e-001  1.083030e-001 -9.602442e-001
    outer loop
      vertex  4.950000e+001  4.000000e+000  1.339746e-001
      vertex  4.902145e+001  3.853915e+000 -1.072788e-002
      vertex  4.900000e+001  4.000000e+000  0.000000e+000
    endloop
  endfacet
  facet normal  9.602438e-001  1.083004e-001 -2.572992e-001
    outer loop
      vertex  5.000000e+001  4.000000e+000  1.000000e+000
      vertex  5.001073e+001  3.853915e+000  9.785442e-001
      vertex  4.986602e+001  4.000000e+000  5.000000e-001
    endloop
  endfacet
  facet normal  9.262687e-001  3.317388e-001 -1.788170e-001
    outer loop
      vertex  4.986602e+001  4.000000e+000  5.000000e-001
      vertex  5.001073e+001  3.853915e+000  9.785442e-001
      vertex  5.006378e+001  3.648584e+000  8.724385e-001
    endloop
  endfacet
  facet normal  8.969745e-001  3.797099e-002 -4.404486e-001
    outer loop
      vertex  4.986602e+001  4.000000e+000  5.000000e-001
      vertex  5.006378e+001  3.648584e+000  8.724385e-001
      vertex  4.975212e+001  3.766037e+000  2.478740e-001
    endloop
  endfacet
  facet normal  6.524616e-001  3.854748e-001 -6.524592e-001
    outer loop
      vertex  4.986602e+001  4.000000e+000  5.000000e-001
      vertex  4.975212e+001  3.766037e+000  2.478740e-001
      vertex  4.950000e+001  4.000000e+000  1.339746e-001
    endloop
  endfacet
  facet normal  4.404466e-001  3.796537e-002 -8.969758e-001
    outer loop
      vertex  4.950000e+001  4.000000e+000  1.339746e-001
      vertex  4.975212e+001  3.766037e+000  2.478740e-001
      vertex  4.912756e+001  3.648584e+000 -6.378075e-002
    endloop
  endfacet
  facet normal  1.788185e-001  3.317315e-001 -9.262711e-001
    outer loop
      vertex  4.950000e+001  4.000000e+000  1.339746e-001
      vertex  4.912756e+001  3.648584e+000 -6.378075e-002
      vertex  4.902145e+001  3.853915e+000 -1.072788e-002
    endloop
  endfacet
  facet normal  6.307127e-001  7.309608e-001 -2.605719e-001
    outer loop
      vertex  5.028338e+001  3.302534e+000  4.332357e-001
      vertex  4.998238e+001  3.414092e+000  1.761594e-002
      vertex  5.006378e+001  3.648584e+000  8.724385e-001
    endloop
  endfacet
  facet normal  7.303589e-001  6.378031e-001 -2.445058e-001
    outer loop
      vertex  5.006378e+001  3.648584e+000  8.724385e-001
      vertex  4.998238e+001  3.414092e+000  1.761594e-002
      vertex  4.975212e+001  3.766037e+000  2.478740e-001
    endloop
  endfacet
  facet normal  3.191110e-001  6.561663e-001 -6.838231e-001
    outer loop
      vertex  4.998238e+001  3.414092e+000  1.761594e-002
      vertex  4.956676e+001  3.302534e+000 -2.833821e-001
      vertex  4.975212e+001  3.766037e+000  2.478740e-001
    endloop
  endfacet
  facet normal  2.094359e-001  6.994423e-001 -6.833133e-001
    outer loop
      vertex  4.975212e+001  3.766037e+000  2.478740e-001
      vertex  4.956676e+001  3.302534e+000 -2.833821e-001
      vertex  4.912756e+001  3.648584e+000 -6.378075e-002
    endloop
  endfacet
  facet normal -1.043536e-001 -9.945403e-001  -0.000000e+000
    outer loop
      vertex  1.000000e+000  2.800000e+001 -2.400000e+001
      vertex  1.000000e+000  2.800000e+001 -1.000000e+000
      vertex  7.924259e-001  2.802178e+001 -9.564385e-001
    endloop
  endfacet
  facet normal -2.856942e-001 -9.583194e-001 -1.667733e-003
    outer loop
      vertex  1.000000e+000  2.800000e+001 -2.400000e+001
      vertex  7.924259e-001  2.802178e+001 -9.564385e-001
      vertex  6.398180e-001  2.806712e+001 -8.657641e-001
    endloop
  endfacet
  facet normal -4.762715e-001 -8.792849e-001 -4.864171e-003
    outer loop
      vertex  1.000000e+000  2.800000e+001 -2.400000e+001
      vertex  6.398180e-001  2.806712e+001 -8.657641e-001
      vertex  4.228903e-001  2.818333e+001 -6.333333e-001
    endloop
  endfacet
  facet normal -3.826816e-001 -9.238776e-001 -2.202819e-003
    outer loop
      vertex  1.000000e+000  2.800000e+001 -2.400000e+001
      vertex  4.228903e-001  2.818333e+001 -6.333333e-001
      vertex  2.928932e-001  2.829289e+001 -2.400000e+001
    endloop
  endfacet
  facet normal -9.708064e-001 -2.398644e-001  0.000000e+000
    outer loop
      vertex  0.000000e+000  2.900000e+001  1.000000e+000
      vertex  0.000000e+000  2.900000e+001 -2.400000e+001
      vertex  1.150701e-001  2.853428e+001  6.855137e-002
    endloop
  endfacet
  facet normal -9.238755e-001 -3.826814e-001 -2.987873e-003
    outer loop
      vertex  1.150701e-001  2.853428e+001  6.855137e-002
      vertex  0.000000e+000  2.900000e+001 -2.400000e+001
      vertex  2.928932e-001  2.829289e+001 -2.400000e+001
    endloop
  endfacet
  facet normal -7.507137e-001 -6.606269e-001  1.078985e-003
    outer loop
      vertex  1.150701e-001  2.853428e+001  6.855137e-002
      vertex  2.928932e-001  2.829289e+001 -2.400000e+001
      vertex  4.228903e-001  2.818333e+001 -6.333333e-001
    endloop
  endfacet
  facet normal -3.826825e-001 -2.202808e-003 -9.238773e-001
    outer loop
      vertex  1.000000e+000  4.000000e+000  0.000000e+000
      vertex  2.928932e-001  4.000000e+000  2.928932e-001
      vertex  4.228903e-001  2.736667e+001  1.833334e-001
    endloop
  endfacet
  facet normal -4.762736e-001 -4.864196e-003 -8.792837e-001
    outer loop
      vertex  1.000000e+000  4.000000e+000  0.000000e+000
      vertex  4.228903e-001  2.736667e+001  1.833334e-001
      vertex  6.398180e-001  2.713424e+001  6.711795e-002
    endloop
  endfacet
  facet normal -2.856916e-001 -1.667680e-003 -9.583201e-001
    outer loop
      vertex  1.000000e+000  4.000000e+000  0.000000e+000
      vertex  6.398180e-001  2.713424e+001  6.711795e-002
      vertex  7.924259e-001  2.704356e+001  2.178071e-002
    endloop
  endfacet
  facet normal -1.043569e-001  0.000000e+000 -9.945399e-001
    outer loop
      vertex  1.000000e+000  4.000000e+000  0.000000e+000
      vertex  7.924259e-001  2.704356e+001  2.178071e-002
      vertex  1.000000e+000  2.700000e+001  0.000000e+000
    endloop
  endfacet
  facet normal -9.238796e-001  -0.000000e+000 -3.826835e-001
    outer loop
      vertex  0.000000e+000  4.000000e+000  1.000000e+000
      vertex  0.000000e+000  2.900000e+001  1.000000e+000
      vertex  2.928932e-001  4.000000e+000  2.928932e-001
    endloop
  endfacet
  facet normal -9.730220e-001 -4.875585e-003 -2.306610e-001
    outer loop
      vertex  2.928932e-001  4.000000e+000  2.928932e-001
      vertex  0.000000e+000  2.900000e+001  1.000000e+000
      vertex  1.150701e-001  2.806855e+001  5.342757e-001
    endloop
  endfacet
  facet normal -7.507134e-001  1.078986e-003 -6.606271e-001
    outer loop
      vertex  2.928932e-001  4.000000e+000  2.928932e-001
      vertex  1.150701e-001  2.806855e+001  5.342757e-001
      vertex  4.228903e-001  2.736667e+001  1.833334e-001
    endloop
  endfacet
  facet normal -6.459364e-001 -2.406115e-001 -7.244806e-001
    outer loop
      vertex  7.588720e-001  2.775485e+001 -2.451463e-001
      vertex  6.398180e-001  2.713424e+001  6.711795e-002
      vertex  4.228903e-001  2.736667e+001  1.833334e-001
    endloop
  endfacet
  facet normal -8.449481e-002 -7.045785e-001 -7.045777e-001
    outer loop
      vertex  7.588720e-001  2.775485e+001 -2.451463e-001
      vertex  4.228903e-001  2.736667e+001  1.833334e-001
      vertex  4.228903e-001  2.818333e+001 -6.333333e-001
    endloop
  endfacet
  facet normal -9.241189e-001 -2.701891e-001 -2.701888e-001
    outer loop
      vertex  4.228903e-001  2.736667e+001  1.833334e-001
      vertex  1.150701e-001  2.806855e+001  5.342757e-001
      vertex  4.228903e-001  2.818333e+001 -6.333333e-001
    endloop
  endfacet
  facet normal -9.241188e-001 -2.701896e-001 -2.701888e-001
    outer loop
      vertex  4.228903e-001  2.818333e+001 -6.333333e-001
      vertex  1.150701e-001  2.806855e+001  5.342757e-001
      vertex  1.150701e-001  2.853428e+001  6.855137e-002
    endloop
  endfacet
  facet normal -9.932852e-001 -8.180635e-002 -8.180612e-002
    outer loop
      vertex  0.000000e+000  2.900000e+001  1.000000e+000
      vertex  1.150701e-001  2.853428e+001  6.855137e-002
      vertex  1.150701e-001  2.806855e+001  5.342757e-001
    endloop
  endfacet
  facet normal -4.448435e-001 -3.329865e-001 -8.314050e-001
    outer loop
      vertex  7.924259e-001  2.704356e+001  2.178071e-002
      vertex  6.398180e-001  2.713424e+001  6.711795e-002
      vertex  7.588720e-001  2.775485e+001 -2.451463e-001
    endloop
  endfacet
  facet normal -1.745289e-001 -9.097002e-001 -3.768091e-001
    outer loop
      vertex  1.000000e+000  2.800000e+001 -1.000000e+000
      vertex  1.000000e+000  2.770711e+001 -2.928932e-001
      vertex  7.924259e-001  2.802178e+001 -9.564385e-001
    endloop
  endfacet
  facet normal -6.459348e-001 -7.244819e-001 -2.406120e-001
    outer loop
      vertex  7.588720e-001  2.775485e+001 -2.451463e-001
      vertex  4.228903e-001  2.818333e+001 -6.333333e-001
      vertex  6.398180e-001  2.806712e+001 -8.657641e-001
    endloop
  endfacet
  facet normal -1.745326e-001 -3.768094e-001 -9.096994e-001
    outer loop
      vertex  1.000000e+000  2.700000e+001  0.000000e+000
      vertex  7.924259e-001  2.704356e+001  2.178071e-002
      vertex  1.000000e+000  2.770711e+001 -2.928932e-001
    endloop
  endfacet
  facet normal -2.482353e-001 -3.505911e-001 -9.030311e-001
    outer loop
      vertex  1.000000e+000  2.770711e+001 -2.928932e-001
      vertex  7.924259e-001  2.704356e+001  2.178071e-002
      vertex  7.588720e-001  2.775485e+001 -2.451463e-001
    endloop
  endfacet
  facet normal -2.482347e-001 -9.030318e-001 -3.505897e-001
    outer loop
      vertex  1.000000e+000  2.770711e+001 -2.928932e-001
      vertex  7.588720e-001  2.775485e+001 -2.451463e-001
      vertex  7.924259e-001  2.802178e+001 -9.564385e-001
    endloop
  endfacet
  facet normal -4.448468e-001 -8.314040e-001 -3.329848e-001
    outer loop
      vertex  7.924259e-001  2.802178e+001 -9.564385e-001
      vertex  7.588720e-001  2.775485e+001 -2.451463e-001
      vertex  6.398180e-001  2.806712e+001 -8.657641e-001
    endloop
  endfacet
  facet normal -3.826826e-001  0.000000e+000 -9.238799e-001
    outer loop
      vertex  1.000000e+000  7.700000e+001 -2.500000e+001
      vertex  1.000000e+000  2.900000e+001 -2.500000e+001
      vertex  2.928932e-001  7.700000e+001 -2.470711e+001
    endloop
  endfacet
  facet normal -3.826826e-001  -0.000000e+000 -9.238799e-001
    outer loop
      vertex  2.928932e-001  7.700000e+001 -2.470711e+001
      vertex  1.000000e+000  2.900000e+001 -2.500000e+001
      vertex  2.928932e-001  2.900000e+001 -2.470711e+001
    endloop
  endfacet
  facet normal -9.238797e-001  0.000000e+000 -3.826831e-001
    outer loop
      vertex  2.928932e-001  7.700000e+001 -2.470711e+001
      vertex  2.928932e-001  2.900000e+001 -2.470711e+001
      vertex  0.000000e+000  7.700000e+001 -2.400000e+001
    endloop
  endfacet
  facet normal -9.238797e-001  -0.000000e+000 -3.826831e-001
    outer loop
      vertex  0.000000e+000  7.700000e+001 -2.400000e+001
      vertex  2.928932e-001  2.900000e+001 -2.470711e+001
      vertex  0.000000e+000  2.900000e+001 -2.400000e+001
    endloop
  endfacet
  facet normal -9.124870e-001 -3.779641e-001 -1.565584e-001
    outer loop
      vertex  0.000000e+000  2.900000e+001 -2.400000e+001
      vertex  2.928932e-001  2.850000e+001 -2.450000e+001
      vertex  2.928932e-001  2.829289e+001 -2.400000e+001
    endloop
  endfacet
  facet normal -9.124870e-001 -1.565584e-001 -3.779641e-001
    outer loop
      vertex  0.000000e+000  2.900000e+001 -2.400000e+001
      vertex  2.928932e-001  2.900000e+001 -2.470711e+001
      vertex  2.928932e-001  2.850000e+001 -2.450000e+001
    endloop
  endfacet
  facet normal -3.574058e-001 -3.574080e-001 -8.628561e-001
    outer loop
      vertex  2.928932e-001  2.900000e+001 -2.470711e+001
      vertex  1.000000e+000  2.900000e+001 -2.500000e+001
      vertex  2.928932e-001  2.850000e+001 -2.450000e+001
    endloop
  endfacet
  facet normal -3.574077e-001 -3.574055e-001 -8.628564e-001
    outer loop
      vertex  2.928932e-001  2.850000e+001 -2.450000e+001
      vertex  1.000000e+000  2.900000e+001 -2.500000e+001
      vertex  1.000000e+000  2.829289e+001 -2.470711e+001
    endloop
  endfacet
  facet normal -3.574080e-001 -8.628552e-001 -3.574077e-001
    outer loop
      vertex  2.928932e-001  2.850000e+001 -2.450000e+001
      vertex  1.000000e+000  2.829289e+001 -2.470711e+001
      vertex  2.928932e-001  2.829289e+001 -2.400000e+001
    endloop
  endfacet
  facet normal -3.574061e-001 -8.628569e-001 -3.574057e-001
    outer loop
      vertex  2.928932e-001  2.829289e+001 -2.400000e+001
      vertex  1.000000e+000  2.829289e+001 -2.470711e+001
      vertex  1.000000e+000  2.800000e+001 -2.400000e+001
    endloop
  endfacet
  facet normal -9.238797e-001  3.826831e-001  0.000000e+000
    outer loop
      vertex  2.928932e-001  7.770711e+001 -2.400000e+001
      vertex  0.000000e+000  7.700000e+001 -2.400000e+001
      vertex  0.000000e+000  7.700000e+001  1.000000e+000
    endloop
  endfacet
  facet normal -9.372158e-001  3.487482e-001 -1.116069e-003
    outer loop
      vertex  2.928932e-001  7.770711e+001 -2.400000e+001
      vertex  0.000000e+000  7.700000e+001  1.000000e+000
      vertex  2.459893e-001  7.765686e+001 -3.137242e-001
    endloop
  endfacet
  facet normal -6.700945e-001  7.422757e-001  2.477040e-004
    outer loop
      vertex  2.928932e-001  7.770711e+001 -2.400000e+001
      vertex  2.459893e-001  7.765686e+001 -3.137242e-001
      vertex  4.228903e-001  7.781667e+001 -6.333333e-001
    endloop
  endfacet
  facet normal -4.734886e-001  8.807986e-001 -1.495570e-003
    outer loop
      vertex  2.928932e-001  7.770711e+001 -2.400000e+001
      vertex  4.228903e-001  7.781667e+001 -6.333333e-001
      vertex  6.398180e-001  7.793288e+001 -8.657641e-001
    endloop
  endfacet
  facet normal -2.115751e-001  9.773410e-001 -6.365465e-003
    outer loop
      vertex  2.928932e-001  7.770711e+001 -2.400000e+001
      vertex  6.398180e-001  7.793288e+001 -8.657641e-001
      vertex  9.473909e-001  7.799861e+001 -9.972304e-001
    endloop
  endfacet
  facet normal -2.700863e-002  9.995643e-001 -1.189856e-002
    outer loop
      vertex  2.928932e-001  7.770711e+001 -2.400000e+001
      vertex  9.473909e-001  7.799861e+001 -9.972304e-001
      vertex  1.000000e+000  7.800000e+001 -1.000000e+000
    endloop
  endfacet
  facet normal -3.826826e-001  9.238799e-001  0.000000e+000
    outer loop
      vertex  2.928932e-001  7.770711e+001 -2.400000e+001
      vertex  1.000000e+000  7.800000e+001 -1.000000e+000
      vertex  1.000000e+000  7.800000e+001 -2.400000e+001
    endloop
  endfacet
  facet normal -9.124870e-001  1.565584e-001 -3.779641e-001
    outer loop
      vertex  0.000000e+000  7.700000e+001 -2.400000e+001
      vertex  2.928932e-001  7.750000e+001 -2.450000e+001
      vertex  2.928932e-001  7.700000e+001 -2.470711e+001
    endloop
  endfacet
  facet normal -9.124870e-001  3.779641e-001 -1.565584e-001
    outer loop
      vertex  0.000000e+000  7.700000e+001 -2.400000e+001
      vertex  2.928932e-001  7.770711e+001 -2.400000e+001
      vertex  2.928932e-001  7.750000e+001 -2.450000e+001
    endloop
  endfacet
  facet normal -3.574061e-001  3.574057e-001 -8.628569e-001
    outer loop
      vertex  1.000000e+000  7.700000e+001 -2.500000e+001
      vertex  2.928932e-001  7.700000e+001 -2.470711e+001
      vertex  1.000000e+000  7.770711e+001 -2.470711e+001
    endloop
  endfacet
  facet normal -3.574080e-001  3.574077e-001 -8.628552e-001
    outer loop
      vertex  1.000000e+000  7.770711e+001 -2.470711e+001
      vertex  2.928932e-001  7.700000e+001 -2.470711e+001
      vertex  2.928932e-001  7.750000e+001 -2.450000e+001
    endloop
  endfacet
  facet normal -3.574077e-001  8.628564e-001 -3.574055e-001
    outer loop
      vertex  1.000000e+000  7.770711e+001 -2.470711e+001
      vertex  2.928932e-001  7.750000e+001 -2.450000e+001
      vertex  1.000000e+000  7.800000e+001 -2.400000e+001
    endloop
  endfacet
  facet normal -3.574058e-001  8.628561e-001 -3.574080e-001
    outer loop
      vertex  1.000000e+000  7.800000e+001 -2.400000e+001
      vertex  2.928932e-001  7.750000e+001 -2.450000e+001
      vertex  2.928932e-001  7.770711e+001 -2.400000e+001
    endloop
  endfacet
  facet normal -2.631366e-002  0.000000e+000 -9.996538e-001
    outer loop
      vertex  1.000000e+000  1.520000e+002  0.000000e+000
      vertex  1.000000e+000  7.900000e+001  0.000000e+000
      vertex  9.473909e-001  7.899723e+001  1.384819e-003
    endloop
  endfacet
  facet normal -2.090500e-001  1.321008e-004 -9.779049e-001
    outer loop
      vertex  1.000000e+000  1.520000e+002  0.000000e+000
      vertex  9.473909e-001  7.899723e+001  1.384819e-003
      vertex  6.398180e-001  7.886576e+001  6.711795e-002
    endloop
  endfacet
  facet normal -4.735020e-001  1.523636e-003 -8.807914e-001
    outer loop
      vertex  1.000000e+000  1.520000e+002  0.000000e+000
      vertex  6.398180e-001  7.886576e+001  6.711795e-002
      vertex  4.228903e-001  7.863333e+001  1.833334e-001
    endloop
  endfacet
  facet normal -3.826833e-001  7.015773e-004 -9.238793e-001
    outer loop
      vertex  1.000000e+000  1.520000e+002  0.000000e+000
      vertex  4.228903e-001  7.863333e+001  1.833334e-001
      vertex  2.928932e-001  1.520000e+002  2.928932e-001
    endloop
  endfacet
  facet normal -9.364856e-001  -0.000000e+000 -3.507059e-001
    outer loop
      vertex  0.000000e+000  7.700000e+001  1.000000e+000
      vertex  0.000000e+000  1.520000e+002  1.000000e+000
      vertex  2.459893e-001  7.831372e+001  3.431379e-001
    endloop
  endfacet
  facet normal -9.238794e-001  3.271410e-004 -3.826834e-001
    outer loop
      vertex  2.459893e-001  7.831372e+001  3.431379e-001
      vertex  0.000000e+000  1.520000e+002  1.000000e+000
      vertex  2.928932e-001  1.520000e+002  2.928932e-001
    endloop
  endfacet
  facet normal -6.702604e-001 -7.939080e-005 -7.421261e-001
    outer loop
      vertex  2.459893e-001  7.831372e+001  3.431379e-001
      vertex  2.928932e-001  1.520000e+002  2.928932e-001
      vertex  4.228903e-001  7.863333e+001  1.833334e-001
    endloop
  endfacet
  facet normal -9.847723e-001  1.229300e-001 -1.229296e-001
    outer loop
      vertex  0.000000e+000  7.700000e+001  1.000000e+000
      vertex  2.459893e-001  7.831372e+001  3.431379e-001
      vertex  2.459893e-001  7.765686e+001 -3.137242e-001
    endloop
  endfacet
  facet normal -3.902106e-002  2.586220e-001 -9.651901e-001
    outer loop
      vertex  1.000000e+000  7.900000e+001  0.000000e+000
      vertex  1.000000e+000  7.850000e+001 -1.339747e-001
      vertex  9.473909e-001  7.899723e+001  1.384819e-003
    endloop
  endfacet
  facet normal -3.882813e-001  6.516256e-001 -6.516300e-001
    outer loop
      vertex  7.588720e-001  7.824515e+001 -2.451463e-001
      vertex  1.000000e+000  7.850000e+001 -1.339747e-001
      vertex  1.000000e+000  7.813397e+001 -5.000001e-001
    endloop
  endfacet
  facet normal -3.909057e-002  9.651887e-001 -2.586168e-001
    outer loop
      vertex  1.000000e+000  7.800000e+001 -1.000000e+000
      vertex  9.473909e-001  7.799861e+001 -9.972304e-001
      vertex  1.000000e+000  7.813397e+001 -5.000001e-001
    endloop
  endfacet
  facet normal -7.463565e-001  8.292170e-002 -6.603604e-001
    outer loop
      vertex  2.459893e-001  7.831372e+001  3.431379e-001
      vertex  4.228903e-001  7.863333e+001  1.833334e-001
      vertex  7.588720e-001  7.824515e+001 -2.451463e-001
    endloop
  endfacet
  facet normal -5.824401e-001  5.747892e-001 -5.747877e-001
    outer loop
      vertex  2.459893e-001  7.831372e+001  3.431379e-001
      vertex  7.588720e-001  7.824515e+001 -2.451463e-001
      vertex  2.459893e-001  7.765686e+001 -3.137242e-001
    endloop
  endfacet
  facet normal -7.463579e-001  6.603588e-001 -8.292211e-002
    outer loop
      vertex  2.459893e-001  7.765686e+001 -3.137242e-001
      vertex  7.588720e-001  7.824515e+001 -2.451463e-001
      vertex  4.228903e-001  7.781667e+001 -6.333333e-001
    endloop
  endfacet
  facet normal -2.936187e-001  2.220440e-001 -9.297765e-001
    outer loop
      vertex  9.473909e-001  7.899723e+001  1.384819e-003
      vertex  1.000000e+000  7.850000e+001 -1.339747e-001
      vertex  6.398180e-001  7.886576e+001  6.711795e-002
    endloop
  endfacet
  facet normal -5.270608e-002  4.407552e-001 -8.960786e-001
    outer loop
      vertex  6.398180e-001  7.886576e+001  6.711795e-002
      vertex  1.000000e+000  7.850000e+001 -1.339747e-001
      vertex  7.588720e-001  7.824515e+001 -2.451463e-001
    endloop
  endfacet
  facet normal -6.459363e-001  2.406136e-001 -7.244802e-001
    outer loop
      vertex  6.398180e-001  7.886576e+001  6.711795e-002
      vertex  7.588720e-001  7.824515e+001 -2.451463e-001
      vertex  4.228903e-001  7.863333e+001  1.833334e-001
    endloop
  endfacet
  facet normal  1.481337e-001  9.501565e-001 -2.743338e-001
    outer loop
      vertex  1.000000e+000  7.813397e+001 -5.000001e-001
      vertex  9.473909e-001  7.799861e+001 -9.972304e-001
      vertex  7.588720e-001  7.824515e+001 -2.451463e-001
    endloop
  endfacet
  facet normal -3.423898e-001  8.640394e-001 -3.690597e-001
    outer loop
      vertex  7.588720e-001  7.824515e+001 -2.451463e-001
      vertex  9.473909e-001  7.799861e+001 -9.972304e-001
      vertex  6.398180e-001  7.793288e+001 -8.657641e-001
    endloop
  endfacet
  facet normal -6.459414e-001  7.244774e-001 -2.406085e-001
    outer loop
      vertex  7.588720e-001  7.824515e+001 -2.451463e-001
      vertex  6.398180e-001  7.793288e+001 -8.657641e-001
      vertex  4.228903e-001  7.781667e+001 -6.333333e-001
    endloop
  endfacet
  facet normal -9.238796e-001  3.826831e-001  0.000000e+000
    outer loop
      vertex  0.000000e+000  1.520000e+002  1.000000e+000
      vertex  0.000000e+000  1.520000e+002  9.000000e+000
      vertex  2.928932e-001  1.527071e+002  1.000000e+000
    endloop
  endfacet
  facet normal -9.238796e-001  3.826831e-001  0.000000e+000
    outer loop
      vertex  2.928932e-001  1.527071e+002  1.000000e+000
      vertex  0.000000e+000  1.520000e+002  9.000000e+000
      vertex  2.928932e-001  1.527071e+002  9.000000e+000
    endloop
  endfacet
  facet normal -3.826826e-001  9.238799e-001  0.000000e+000
    outer loop
      vertex  2.928932e-001  1.527071e+002  1.000000e+000
      vertex  2.928932e-001  1.527071e+002  9.000000e+000
      vertex  1.000000e+000  1.530000e+002  1.000000e+000
    endloop
  endfacet
  facet normal -3.826826e-001  9.238799e-001  0.000000e+000
    outer loop
      vertex  1.000000e+000  1.530000e+002  1.000000e+000
      vertex  2.928932e-001  1.527071e+002  9.000000e+000
      vertex  1.000000e+000  1.530000e+002  9.000000e+000
    endloop
  endfacet
  facet normal -9.124869e-001  1.565580e-001 -3.779645e-001
    outer loop
      vertex  0.000000e+000  1.520000e+002  1.000000e+000
      vertex  2.928932e-001  1.525000e+002  5.000000e-001
      vertex  2.928932e-001  1.520000e+002  2.928932e-001
    endloop
  endfacet
  facet normal -9.124870e-001  3.779641e-001 -1.565584e-001
    outer loop
      vertex  0.000000e+000  1.520000e+002  1.000000e+000
      vertex  2.928932e-001  1.527071e+002  1.000000e+000
      vertex  2.928932e-001  1.525000e+002  5.000000e-001
    endloop
  endfacet
  facet normal -3.574058e-001  8.628561e-001 -3.574080e-001
    outer loop
      vertex  2.928932e-001  1.527071e+002  1.000000e+000
      vertex  1.000000e+000  1.530000e+002  1.000000e+000
      vertex  2.928932e-001  1.525000e+002  5.000000e-001
    endloop
  endfacet
  facet normal -3.574075e-001  8.628563e-001 -3.574058e-001
    outer loop
      vertex  2.928932e-001  1.525000e+002  5.000000e-001
      vertex  1.000000e+000  1.530000e+002  1.000000e+000
      vertex  1.000000e+000  1.527071e+002  2.928932e-001
    endloop
  endfacet
  facet normal -3.574071e-001  3.574067e-001 -8.628561e-001
    outer loop
      vertex  2.928932e-001  1.525000e+002  5.000000e-001
      vertex  1.000000e+000  1.527071e+002  2.928932e-001
      vertex  2.928932e-001  1.520000e+002  2.928932e-001
    endloop
  endfacet
  facet normal -3.574068e-001  3.574064e-001 -8.628564e-001
    outer loop
      vertex  2.928932e-001  1.520000e+002  2.928932e-001
      vertex  1.000000e+000  1.527071e+002  2.928932e-001
      vertex  1.000000e+000  1.520000e+002  0.000000e+000
    endloop
  endfacet
  facet normal -3.826836e-001  0.000000e+000  9.238794e-001
    outer loop
      vertex  1.000000e+000  1.000000e+000  1.000000e+001
      vertex  1.000000e+000  1.520000e+002  1.000000e+001
      vertex  2.928932e-001  1.000000e+000  9.707107e+000
    endloop
  endfacet
  facet normal -3.826836e-001  0.000000e+000  9.238794e-001
    outer loop
      vertex  2.928932e-001  1.000000e+000  9.707107e+000
      vertex  1.000000e+000  1.520000e+002  1.000000e+001
      vertex  2.928932e-001  1.520000e+002  9.707107e+000
    endloop
  endfacet
  facet normal -9.238794e-001  0.000000e+000  3.826835e-001
    outer loop
      vertex  2.928932e-001  1.000000e+000  9.707107e+000
      vertex  2.928932e-001  1.520000e+002  9.707107e+000
      vertex  0.000000e+000  1.000000e+000  9.000000e+000
    endloop
  endfacet
  facet normal -9.238794e-001  0.000000e+000  3.826835e-001
    outer loop
      vertex  0.000000e+000  1.000000e+000  9.000000e+000
      vertex  2.928932e-001  1.520000e+002  9.707107e+000
      vertex  0.000000e+000  1.520000e+002  9.000000e+000
    endloop
  endfacet
  facet normal -1.000000e+000  0.000000e+000  0.000000e+000
    outer loop
      vertex  0.000000e+000  7.700000e+001  1.000000e+000
      vertex  0.000000e+000  7.700000e+001 -2.400000e+001
      vertex  0.000000e+000  2.900000e+001 -2.400000e+001
    endloop
  endfacet
  facet normal -1.000000e+000  0.000000e+000  0.000000e+000
    outer loop
      vertex  0.000000e+000  7.700000e+001  1.000000e+000
      vertex  0.000000e+000  2.900000e+001 -2.400000e+001
      vertex  0.000000e+000  2.900000e+001  1.000000e+000
    endloop
  endfacet
  facet normal -1.000000e+000  0.000000e+000  0.000000e+000
    outer loop
      vertex  0.000000e+000  7.700000e+001  1.000000e+000
      vertex  0.000000e+000  2.900000e+001  1.000000e+000
      vertex  0.000000e+000  1.520000e+002  9.000000e+000
    endloop
  endfacet
  facet normal -1.000000e+000  0.000000e+000  -0.000000e+000
    outer loop
      vertex  0.000000e+000  7.700000e+001  1.000000e+000
      vertex  0.000000e+000  1.520000e+002  9.000000e+000
      vertex  0.000000e+000  1.520000e+002  1.000000e+000
    endloop
  endfacet
  facet normal -1.000000e+000  -0.000000e+000  0.000000e+000
    outer loop
      vertex  0.000000e+000  1.000000e+000  9.000000e+000
      vertex  0.000000e+000  1.520000e+002  9.000000e+000
      vertex  0.000000e+000  2.900000e+001  1.000000e+000
    endloop
  endfacet
  facet normal -1.000000e+000  0.000000e+000  0.000000e+000
    outer loop
      vertex  0.000000e+000  1.000000e+000  9.000000e+000
      vertex  0.000000e+000  2.900000e+001  1.000000e+000
      vertex  0.000000e+000  4.000000e+000  1.000000e+000
    endloop
  endfacet
  facet normal -1.000000e+000  -0.000000e+000  0.000000e+000
    outer loop
      vertex  0.000000e+000  1.000000e+000  9.000000e+000
      vertex  0.000000e+000  4.000000e+000  1.000000e+000
      vertex  0.000000e+000  2.585786e+000  4.142136e-001
    endloop
  endfacet
  facet normal -1.000000e+000  -0.000000e+000  0.000000e+000
    outer loop
      vertex  0.000000e+000  1.000000e+000  9.000000e+000
      vertex  0.000000e+000  2.585786e+000  4.142136e-001
      vertex  0.000000e+000  2.000000e+000 -1.000000e+000
    endloop
  endfacet
  facet normal -1.000000e+000  -0.000000e+000  -0.000000e+000
    outer loop
      vertex  0.000000e+000  1.000000e+000  9.000000e+000
      vertex  0.000000e+000  2.000000e+000 -1.000000e+000
      vertex  0.000000e+000  2.000000e+000 -4.900000e+001
    endloop
  endfacet
  facet normal -1.000000e+000  0.000000e+000  0.000000e+000
    outer loop
      vertex  0.000000e+000  1.000000e+000  9.000000e+000
      vertex  0.000000e+000  2.000000e+000 -4.900000e+001
      vertex  0.000000e+000  1.000000e+000 -4.900000e+001
    endloop
  endfacet
  facet normal -9.124870e-001  3.779641e-001  1.565584e-001
    outer loop
      vertex  0.000000e+000  1.520000e+002  9.000000e+000
      vertex  2.928932e-001  1.525000e+002  9.500000e+000
      vertex  2.928932e-001  1.527071e+002  9.000000e+000
    endloop
  endfacet
  facet normal -9.124870e-001  1.565579e-001  3.779646e-001
    outer loop
      vertex  0.000000e+000  1.520000e+002  9.000000e+000
      vertex  2.928932e-001  1.520000e+002  9.707107e+000
      vertex  2.928932e-001  1.525000e+002  9.500000e+000
    endloop
  endfacet
  facet normal -3.574070e-001  3.574064e-001  8.628562e-001
    outer loop
      vertex  2.928932e-001  1.520000e+002  9.707107e+000
      vertex  1.000000e+000  1.520000e+002  1.000000e+001
      vertex  2.928932e-001  1.525000e+002  9.500000e+000
    endloop
  endfacet
  facet normal -3.574069e-001  3.574066e-001  8.628563e-001
    outer loop
      vertex  2.928932e-001  1.525000e+002  9.500000e+000
      vertex  1.000000e+000  1.520000e+002  1.000000e+001
      vertex  1.000000e+000  1.527071e+002  9.707107e+000
    endloop
  endfacet
  facet normal -3.574077e-001  8.628555e-001  3.574078e-001
    outer loop
      vertex  2.928932e-001  1.525000e+002  9.500000e+000
      vertex  1.000000e+000  1.527071e+002  9.707107e+000
      vertex  2.928932e-001  1.527071e+002  9.000000e+000
    endloop
  endfacet
  facet normal -3.574061e-001  8.628568e-001  3.574061e-001
    outer loop
      vertex  2.928932e-001  1.527071e+002  9.000000e+000
      vertex  1.000000e+000  1.527071e+002  9.707107e+000
      vertex  1.000000e+000  1.530000e+002  9.000000e+000
    endloop
  endfacet
  facet normal  3.826830e-001  9.238797e-001  0.000000e+000
    outer loop
      vertex  1.990000e+002  3.000000e+000 -4.900000e+001
      vertex  1.990000e+002  3.000000e+000  9.000000e+000
      vertex  1.997071e+002  2.707107e+000 -4.900000e+001
    endloop
  endfacet
  facet normal  3.826830e-001  9.238797e-001  -0.000000e+000
    outer loop
      vertex  1.997071e+002  2.707107e+000 -4.900000e+001
      vertex  1.990000e+002  3.000000e+000  9.000000e+000
      vertex  1.997071e+002  2.707107e+000  9.000000e+000
    endloop
  endfacet
  facet normal  9.238799e-001  3.826826e-001  0.000000e+000
    outer loop
      vertex  1.997071e+002  2.707107e+000 -4.900000e+001
      vertex  1.997071e+002  2.707107e+000  9.000000e+000
      vertex  2.000000e+002  2.000000e+000 -4.900000e+001
    endloop
  endfacet
  facet normal  9.238799e-001  3.826826e-001  -0.000000e+000
    outer loop
      vertex  2.000000e+002  2.000000e+000 -4.900000e+001
      vertex  1.997071e+002  2.707107e+000  9.000000e+000
      vertex  2.000000e+002  2.000000e+000  9.000000e+000
    endloop
  endfacet
  facet normal  1.000000e+000  -0.000000e+000  0.000000e+000
    outer loop
      vertex  2.000000e+002  2.000000e+000  9.000000e+000
      vertex  2.000000e+002  1.000000e+000  9.000000e+000
      vertex  2.000000e+002  2.000000e+000 -4.900000e+001
    endloop
  endfacet
  facet normal  1.000000e+000  0.000000e+000  0.000000e+000
    outer loop
      vertex  2.000000e+002  2.000000e+000 -4.900000e+001
      vertex  2.000000e+002  1.000000e+000  9.000000e+000
      vertex  2.000000e+002  1.000000e+000 -4.900000e+001
    endloop
  endfacet
  facet normal  3.826831e-001 -9.238797e-001  0.000000e+000
    outer loop
      vertex  1.990000e+002  0.000000e+000  9.000000e+000
      vertex  1.990000e+002  0.000000e+000 -4.900000e+001
      vertex  1.997071e+002  2.928932e-001  9.000000e+000
    endloop
  endfacet
  facet normal  3.826831e-001 -9.238797e-001  0.000000e+000
    outer loop
      vertex  1.997071e+002  2.928932e-001  9.000000e+000
      vertex  1.990000e+002  0.000000e+000 -4.900000e+001
      vertex  1.997071e+002  2.928932e-001 -4.900000e+001
    endloop
  endfacet
  facet normal  9.238798e-001 -3.826826e-001  0.000000e+000
    outer loop
      vertex  1.997071e+002  2.928932e-001  9.000000e+000
      vertex  1.997071e+002  2.928932e-001 -4.900000e+001
      vertex  2.000000e+002  1.000000e+000  9.000000e+000
    endloop
  endfacet
  facet normal  9.238798e-001 -3.826826e-001  0.000000e+000
    outer loop
      vertex  2.000000e+002  1.000000e+000  9.000000e+000
      vertex  1.997071e+002  2.928932e-001 -4.900000e+001
      vertex  2.000000e+002  1.000000e+000 -4.900000e+001
    endloop
  endfacet
  facet normal  0.000000e+000 -1.000000e+000  0.000000e+000
    outer loop
      vertex  1.000000e+000  0.000000e+000 -4.900000e+001
      vertex  1.990000e+002  0.000000e+000 -4.900000e+001
      vertex  1.000000e+000  0.000000e+000  9.000000e+000
    endloop
  endfacet
  facet normal  0.000000e+000 -1.000000e+000  0.000000e+000
    outer loop
      vertex  1.000000e+000  0.000000e+000  9.000000e+000
      vertex  1.990000e+002  0.000000e+000 -4.900000e+001
      vertex  1.990000e+002  0.000000e+000  9.000000e+000
    endloop
  endfacet
  facet normal -9.238795e-001 -3.826835e-001  0.000000e+000
    outer loop
      vertex  0.000000e+000  1.000000e+000  9.000000e+000
      vertex  0.000000e+000  1.000000e+000 -4.900000e+001
      vertex  2.928932e-001  2.928932e-001  9.000000e+000
    endloop
  endfacet
  facet normal -9.238795e-001 -3.826835e-001  -0.000000e+000
    outer loop
      vertex  2.928932e-001  2.928932e-001  9.000000e+000
      vertex  0.000000e+000  1.000000e+000 -4.900000e+001
      vertex  2.928932e-001  2.928932e-001 -4.900000e+001
    endloop
  endfacet
  facet normal -3.826835e-001 -9.238795e-001  0.000000e+000
    outer loop
      vertex  2.928932e-001  2.928932e-001  9.000000e+000
      vertex  2.928932e-001  2.928932e-001 -4.900000e+001
      vertex  1.000000e+000  0.000000e+000  9.000000e+000
    endloop
  endfacet
  facet normal -3.826835e-001 -9.238795e-001  -0.000000e+000
    outer loop
      vertex  1.000000e+000  0.000000e+000  9.000000e+000
      vertex  2.928932e-001  2.928932e-001 -4.900000e+001
      vertex  1.000000e+000  0.000000e+000 -4.900000e+001
    endloop
  endfacet
  facet normal  1.565581e-001  3.779646e-001  9.124869e-001
    outer loop
      vertex  1.990000e+002  2.000000e+000  1.000000e+001
      vertex  1.995000e+002  2.500000e+000  9.707107e+000
      vertex  1.990000e+002  2.707107e+000  9.707107e+000
    endloop
  endfacet
  facet normal  3.779643e-001  1.565585e-001  9.124870e-001
    outer loop
      vertex  1.990000e+002  2.000000e+000  1.000000e+001
      vertex  1.997071e+002  2.000000e+000  9.707107e+000
      vertex  1.995000e+002  2.500000e+000  9.707107e+000
    endloop
  endfacet
  facet normal  8.628560e-001  3.574080e-001  3.574058e-001
    outer loop
      vertex  1.997071e+002  2.000000e+000  9.707107e+000
      vertex  2.000000e+002  2.000000e+000  9.000000e+000
      vertex  1.995000e+002  2.500000e+000  9.707107e+000
    endloop
  endfacet
  facet normal  8.628562e-001  3.574058e-001  3.574075e-001
    outer loop
      vertex  1.995000e+002  2.500000e+000  9.707107e+000
      vertex  2.000000e+002  2.000000e+000  9.000000e+000
      vertex  1.997071e+002  2.707107e+000  9.000000e+000
    endloop
  endfacet
  facet normal  3.574067e-001  8.628560e-001  3.574072e-001
    outer loop
      vertex  1.995000e+002  2.500000e+000  9.707107e+000
      vertex  1.997071e+002  2.707107e+000  9.000000e+000
      vertex  1.990000e+002  2.707107e+000  9.707107e+000
    endloop
  endfacet
  facet normal  3.574063e-001  8.628563e-001  3.574068e-001
    outer loop
      vertex  1.990000e+002  2.707107e+000  9.707107e+000
      vertex  1.997071e+002  2.707107e+000  9.000000e+000
      vertex  1.990000e+002  3.000000e+000  9.000000e+000
    endloop
  endfacet
  facet normal  9.238798e-001  0.000000e+000  3.826827e-001
    outer loop
      vertex  2.000000e+002  1.000000e+000  9.000000e+000
      vertex  2.000000e+002  2.000000e+000  9.000000e+000
      vertex  1.997071e+002  1.000000e+000  9.707107e+000
    endloop
  endfacet
  facet normal  9.238798e-001  -0.000000e+000  3.826827e-001
    outer loop
      vertex  1.997071e+002  1.000000e+000  9.707107e+000
      vertex  2.000000e+002  2.000000e+000  9.000000e+000
      vertex  1.997071e+002  2.000000e+000  9.707107e+000
    endloop
  endfacet
  facet normal  3.826833e-001  0.000000e+000  9.238796e-001
    outer loop
      vertex  1.997071e+002  1.000000e+000  9.707107e+000
      vertex  1.997071e+002  2.000000e+000  9.707107e+000
      vertex  1.990000e+002  1.000000e+000  1.000000e+001
    endloop
  endfacet
  facet normal  3.826833e-001  -0.000000e+000  9.238796e-001
    outer loop
      vertex  1.990000e+002  1.000000e+000  1.000000e+001
      vertex  1.997071e+002  2.000000e+000  9.707107e+000
      vertex  1.990000e+002  2.000000e+000  1.000000e+001
    endloop
  endfacet
  facet normal  3.779643e-001 -1.565585e-001  9.124870e-001
    outer loop
      vertex  1.990000e+002  1.000000e+000  1.000000e+001
      vertex  1.995000e+002  5.000000e-001  9.707107e+000
      vertex  1.997071e+002  1.000000e+000  9.707107e+000
    endloop
  endfacet
  facet normal  1.565581e-001 -3.779647e-001  9.124869e-001
    outer loop
      vertex  1.990000e+002  1.000000e+000  1.000000e+001
      vertex  1.990000e+002  2.928932e-001  9.707107e+000
      vertex  1.995000e+002  5.000000e-001  9.707107e+000
    endloop
  endfacet
  facet normal  3.574067e-001 -8.628562e-001  3.574069e-001
    outer loop
      vertex  1.990000e+002  2.928932e-001  9.707107e+000
      vertex  1.990000e+002  0.000000e+000  9.000000e+000
      vertex  1.995000e+002  5.000000e-001  9.707107e+000
    endloop
  endfacet
  facet normal  3.574064e-001 -8.628562e-001  3.574071e-001
    outer loop
      vertex  1.995000e+002  5.000000e-001  9.707107e+000
      vertex  1.990000e+002  0.000000e+000  9.000000e+000
      vertex  1.997071e+002  2.928932e-001  9.000000e+000
    endloop
  endfacet
  facet normal  8.628553e-001 -3.574077e-001  3.574078e-001
    outer loop
      vertex  1.995000e+002  5.000000e-001  9.707107e+000
      vertex  1.997071e+002  2.928932e-001  9.000000e+000
      vertex  1.997071e+002  1.000000e+000  9.707107e+000
    endloop
  endfacet
  facet normal  8.628568e-001 -3.574061e-001  3.574061e-001
    outer loop
      vertex  1.997071e+002  1.000000e+000  9.707107e+000
      vertex  1.997071e+002  2.928932e-001  9.000000e+000
      vertex  2.000000e+002  1.000000e+000  9.000000e+000
    endloop
  endfacet
  facet normal -1.565581e-001 -3.779647e-001  9.124869e-001
    outer loop
      vertex  1.000000e+000  1.000000e+000  1.000000e+001
      vertex  5.000000e-001  5.000000e-001  9.707107e+000
      vertex  1.000000e+000  2.928932e-001  9.707107e+000
    endloop
  endfacet
  facet normal -3.779647e-001 -1.565581e-001  9.124869e-001
    outer loop
      vertex  1.000000e+000  1.000000e+000  1.000000e+001
      vertex  2.928932e-001  1.000000e+000  9.707107e+000
      vertex  5.000000e-001  5.000000e-001  9.707107e+000
    endloop
  endfacet
  facet normal -8.628562e-001 -3.574067e-001  3.574069e-001
    outer loop
      vertex  2.928932e-001  1.000000e+000  9.707107e+000
      vertex  0.000000e+000  1.000000e+000  9.000000e+000
      vertex  5.000000e-001  5.000000e-001  9.707107e+000
    endloop
  endfacet
  facet normal -8.628561e-001 -3.574067e-001  3.574068e-001
    outer loop
      vertex  5.000000e-001  5.000000e-001  9.707107e+000
      vertex  0.000000e+000  1.000000e+000  9.000000e+000
      vertex  2.928932e-001  2.928932e-001  9.000000e+000
    endloop
  endfacet
  facet normal -3.574067e-001 -8.628563e-001  3.574069e-001
    outer loop
      vertex  5.000000e-001  5.000000e-001  9.707107e+000
      vertex  2.928932e-001  2.928932e-001  9.000000e+000
      vertex  1.000000e+000  2.928932e-001  9.707107e+000
    endloop
  endfacet
  facet normal -3.574067e-001 -8.628561e-001  3.574068e-001
    outer loop
      vertex  1.000000e+000  2.928932e-001  9.707107e+000
      vertex  2.928932e-001  2.928932e-001  9.000000e+000
      vertex  1.000000e+000  0.000000e+000  9.000000e+000
    endloop
  endfacet
  facet normal  9.238800e-001  0.000000e+000 -3.826822e-001
    outer loop
      vertex  2.000000e+002  2.000000e+000 -4.900000e+001
      vertex  2.000000e+002  1.000000e+000 -4.900000e+001
      vertex  1.997071e+002  2.000000e+000 -4.970711e+001
    endloop
  endfacet
  facet normal  9.238800e-001  0.000000e+000 -3.826822e-001
    outer loop
      vertex  1.997071e+002  2.000000e+000 -4.970711e+001
      vertex  2.000000e+002  1.000000e+000 -4.900000e+001
      vertex  1.997071e+002  1.000000e+000 -4.970711e+001
    endloop
  endfacet
  facet normal  3.826822e-001  0.000000e+000 -9.238800e-001
    outer loop
      vertex  1.997071e+002  2.000000e+000 -4.970711e+001
      vertex  1.997071e+002  1.000000e+000 -4.970711e+001
      vertex  1.990000e+002  2.000000e+000 -5.000000e+001
    endloop
  endfacet
  facet normal  3.826822e-001  0.000000e+000 -9.238800e-001
    outer loop
      vertex  1.990000e+002  2.000000e+000 -5.000000e+001
      vertex  1.997071e+002  1.000000e+000 -4.970711e+001
      vertex  1.990000e+002  1.000000e+000 -5.000000e+001
    endloop
  endfacet
  facet normal  0.000000e+000  3.826825e-001 -9.238799e-001
    outer loop
      vertex  1.990000e+002  2.000000e+000 -5.000000e+001
      vertex  1.000000e+000  2.000000e+000 -5.000000e+001
      vertex  1.990000e+002  2.707107e+000 -4.970711e+001
    endloop
  endfacet
  facet normal  0.000000e+000  3.826825e-001 -9.238799e-001
    outer loop
      vertex  1.990000e+002  2.707107e+000 -4.970711e+001
      vertex  1.000000e+000  2.000000e+000 -5.000000e+001
      vertex  1.000000e+000  2.707107e+000 -4.970711e+001
    endloop
  endfacet
  facet normal  0.000000e+000  9.238797e-001 -3.826830e-001
    outer loop
      vertex  1.990000e+002  2.707107e+000 -4.970711e+001
      vertex  1.000000e+000  2.707107e+000 -4.970711e+001
      vertex  1.990000e+002  3.000000e+000 -4.900000e+001
    endloop
  endfacet
  facet normal  0.000000e+000  9.238797e-001 -3.826830e-001
    outer loop
      vertex  1.990000e+002  3.000000e+000 -4.900000e+001
      vertex  1.000000e+000  2.707107e+000 -4.970711e+001
      vertex  1.000000e+000  3.000000e+000 -4.900000e+001
    endloop
  endfacet
  facet normal  3.779633e-001  1.565581e-001 -9.124874e-001
    outer loop
      vertex  1.990000e+002  2.000000e+000 -5.000000e+001
      vertex  1.995000e+002  2.500000e+000 -4.970711e+001
      vertex  1.997071e+002  2.000000e+000 -4.970711e+001
    endloop
  endfacet
  facet normal  1.565577e-001  3.779636e-001 -9.124873e-001
    outer loop
      vertex  1.990000e+002  2.000000e+000 -5.000000e+001
      vertex  1.990000e+002  2.707107e+000 -4.970711e+001
      vertex  1.995000e+002  2.500000e+000 -4.970711e+001
    endloop
  endfacet
  facet normal  3.574069e-001  8.628563e-001 -3.574063e-001
    outer loop
      vertex  1.990000e+002  2.707107e+000 -4.970711e+001
      vertex  1.990000e+002  3.000000e+000 -4.900000e+001
      vertex  1.995000e+002  2.500000e+000 -4.970711e+001
    endloop
  endfacet
  facet normal  3.574064e-001  8.628563e-001 -3.574067e-001
    outer loop
      vertex  1.995000e+002  2.500000e+000 -4.970711e+001
      vertex  1.990000e+002  3.000000e+000 -4.900000e+001
      vertex  1.997071e+002  2.707107e+000 -4.900000e+001
    endloop
  endfacet
  facet normal  8.628555e-001  3.574077e-001 -3.574074e-001
    outer loop
      vertex  1.995000e+002  2.500000e+000 -4.970711e+001
      vertex  1.997071e+002  2.707107e+000 -4.900000e+001
      vertex  1.997071e+002  2.000000e+000 -4.970711e+001
    endloop
  endfacet
  facet normal  8.628569e-001  3.574060e-001 -3.574057e-001
    outer loop
      vertex  1.997071e+002  2.000000e+000 -4.970711e+001
      vertex  1.997071e+002  2.707107e+000 -4.900000e+001
      vertex  2.000000e+002  2.000000e+000 -4.900000e+001
    endloop
  endfacet
  facet normal  -0.000000e+000 -3.826826e-001 -9.238799e-001
    outer loop
      vertex  1.000000e+000  1.000000e+000 -5.000000e+001
      vertex  1.990000e+002  1.000000e+000 -5.000000e+001
      vertex  1.000000e+000  2.928932e-001 -4.970711e+001
    endloop
  endfacet
  facet normal  0.000000e+000 -3.826826e-001 -9.238799e-001
    outer loop
      vertex  1.000000e+000  2.928932e-001 -4.970711e+001
      vertex  1.990000e+002  1.000000e+000 -5.000000e+001
      vertex  1.990000e+002  2.928932e-001 -4.970711e+001
    endloop
  endfacet
  facet normal  -0.000000e+000 -9.238797e-001 -3.826831e-001
    outer loop
      vertex  1.000000e+000  2.928932e-001 -4.970711e+001
      vertex  1.990000e+002  2.928932e-001 -4.970711e+001
      vertex  1.000000e+000  0.000000e+000 -4.900000e+001
    endloop
  endfacet
  facet normal  0.000000e+000 -9.238797e-001 -3.826831e-001
    outer loop
      vertex  1.000000e+000  0.000000e+000 -4.900000e+001
      vertex  1.990000e+002  2.928932e-001 -4.970711e+001
      vertex  1.990000e+002  0.000000e+000 -4.900000e+001
    endloop
  endfacet
  facet normal  1.565577e-001 -3.779637e-001 -9.124873e-001
    outer loop
      vertex  1.990000e+002  1.000000e+000 -5.000000e+001
      vertex  1.995000e+002  5.000000e-001 -4.970711e+001
      vertex  1.990000e+002  2.928932e-001 -4.970711e+001
    endloop
  endfacet
  facet normal  3.779633e-001 -1.565581e-001 -9.124874e-001
    outer loop
      vertex  1.990000e+002  1.000000e+000 -5.000000e+001
      vertex  1.997071e+002  1.000000e+000 -4.970711e+001
      vertex  1.995000e+002  5.000000e-001 -4.970711e+001
    endloop
  endfacet
  facet normal  3.574065e-001 -8.628565e-001 -3.574065e-001
    outer loop
      vertex  1.990000e+002  0.000000e+000 -4.900000e+001
      vertex  1.990000e+002  2.928932e-001 -4.970711e+001
      vertex  1.997071e+002  2.928932e-001 -4.900000e+001
    endloop
  endfacet
  facet normal  3.574067e-001 -8.628561e-001 -3.574067e-001
    outer loop
      vertex  1.997071e+002  2.928932e-001 -4.900000e+001
      vertex  1.990000e+002  2.928932e-001 -4.970711e+001
      vertex  1.995000e+002  5.000000e-001 -4.970711e+001
    endloop
  endfacet
  facet normal  8.628564e-001 -3.574059e-001 -3.574071e-001
    outer loop
      vertex  1.997071e+002  2.928932e-001 -4.900000e+001
      vertex  1.995000e+002  5.000000e-001 -4.970711e+001
      vertex  2.000000e+002  1.000000e+000 -4.900000e+001
    endloop
  endfacet
  facet normal  8.628561e-001 -3.574080e-001 -3.574054e-001
    outer loop
      vertex  2.000000e+002  1.000000e+000 -4.900000e+001
      vertex  1.995000e+002  5.000000e-001 -4.970711e+001
      vertex  1.997071e+002  1.000000e+000 -4.970711e+001
    endloop
  endfacet
  facet normal -9.238796e-001  -0.000000e+000 -3.826831e-001
    outer loop
      vertex  0.000000e+000  1.000000e+000 -4.900000e+001
      vertex  0.000000e+000  2.000000e+000 -4.900000e+001
      vertex  2.928932e-001  1.000000e+000 -4.970711e+001
    endloop
  endfacet
  facet normal -9.238796e-001  0.000000e+000 -3.826831e-001
    outer loop
      vertex  2.928932e-001  1.000000e+000 -4.970711e+001
      vertex  0.000000e+000  2.000000e+000 -4.900000e+001
      vertex  2.928932e-001  2.000000e+000 -4.970711e+001
    endloop
  endfacet
  facet normal -3.826826e-001  -0.000000e+000 -9.238799e-001
    outer loop
      vertex  2.928932e-001  1.000000e+000 -4.970711e+001
      vertex  2.928932e-001  2.000000e+000 -4.970711e+001
      vertex  1.000000e+000  1.000000e+000 -5.000000e+001
    endloop
  endfacet
  facet normal -3.826826e-001  0.000000e+000 -9.238799e-001
    outer loop
      vertex  1.000000e+000  1.000000e+000 -5.000000e+001
      vertex  2.928932e-001  2.000000e+000 -4.970711e+001
      vertex  1.000000e+000  2.000000e+000 -5.000000e+001
    endloop
  endfacet
  facet normal -1.565577e-001  3.779636e-001 -9.124873e-001
    outer loop
      vertex  1.000000e+000  2.000000e+000 -5.000000e+001
      vertex  5.000000e-001  2.500000e+000 -4.970711e+001
      vertex  1.000000e+000  2.707107e+000 -4.970711e+001
    endloop
  endfacet
  facet normal -3.779637e-001  1.565577e-001 -9.124873e-001
    outer loop
      vertex  1.000000e+000  2.000000e+000 -5.000000e+001
      vertex  2.928932e-001  2.000000e+000 -4.970711e+001
      vertex  5.000000e-001  2.500000e+000 -4.970711e+001
    endloop
  endfacet
  facet normal -8.628563e-001  3.574068e-001 -3.574064e-001
    outer loop
      vertex  2.928932e-001  2.000000e+000 -4.970711e+001
      vertex  0.000000e+000  2.000000e+000 -4.900000e+001
      vertex  5.000000e-001  2.500000e+000 -4.970711e+001
    endloop
  endfacet
  facet normal -8.628563e-001  3.574068e-001 -3.574064e-001
    outer loop
      vertex  5.000000e-001  2.500000e+000 -4.970711e+001
      vertex  0.000000e+000  2.000000e+000 -4.900000e+001
      vertex  2.928932e-001  2.707107e+000 -4.900000e+001
    endloop
  endfacet
  facet normal -3.574068e-001  8.628563e-001 -3.574065e-001
    outer loop
      vertex  5.000000e-001  2.500000e+000 -4.970711e+001
      vertex  2.928932e-001  2.707107e+000 -4.900000e+001
      vertex  1.000000e+000  2.707107e+000 -4.970711e+001
    endloop
  endfacet
  facet normal -3.574068e-001  8.628564e-001 -3.574063e-001
    outer loop
      vertex  1.000000e+000  2.707107e+000 -4.970711e+001
      vertex  2.928932e-001  2.707107e+000 -4.900000e+001
      vertex  1.000000e+000  3.000000e+000 -4.900000e+001
    endloop
  endfacet
  facet normal -9.238796e-001  3.826834e-001  0.000000e+000
    outer loop
      vertex  0.000000e+000  2.000000e+000 -4.900000e+001
      vertex  0.000000e+000  2.000000e+000 -1.000000e+000
      vertex  2.928932e-001  2.707107e+000 -4.900000e+001
    endloop
  endfacet
  facet normal -9.238796e-001  3.826834e-001  0.000000e+000
    outer loop
      vertex  2.928932e-001  2.707107e+000 -4.900000e+001
      vertex  0.000000e+000  2.000000e+000 -1.000000e+000
      vertex  2.928932e-001  2.707107e+000 -1.000000e+000
    endloop
  endfacet
  facet normal -3.826834e-001  9.238796e-001  0.000000e+000
    outer loop
      vertex  2.928932e-001  2.707107e+000 -4.900000e+001
      vertex  2.928932e-001  2.707107e+000 -1.000000e+000
      vertex  1.000000e+000  3.000000e+000 -4.900000e+001
    endloop
  endfacet
  facet normal -3.826834e-001  9.238796e-001  0.000000e+000
    outer loop
      vertex  1.000000e+000  3.000000e+000 -4.900000e+001
      vertex  2.928932e-001  2.707107e+000 -1.000000e+000
      vertex  1.000000e+000  3.000000e+000 -1.000000e+000
    endloop
  endfacet
  facet normal -3.714704e-001  2.402992e-001 -8.968089e-001
    outer loop
      vertex  1.000000e+000  4.000000e+000  0.000000e+000
      vertex  2.928932e-001  3.353553e+000  1.196784e-001
      vertex  2.928932e-001  4.000000e+000  2.928932e-001
    endloop
  endfacet
  facet normal -4.516490e-001  3.414285e-001 -8.242814e-001
    outer loop
      vertex  1.000000e+000  4.000000e+000  0.000000e+000
      vertex  1.000000e+000  3.292893e+000 -2.928932e-001
      vertex  2.928932e-001  3.353553e+000  1.196784e-001
    endloop
  endfacet
  facet normal -4.516487e-001  8.242815e-001 -3.414285e-001
    outer loop
      vertex  1.000000e+000  3.000000e+000 -1.000000e+000
      vertex  2.928932e-001  2.880322e+000 -3.535534e-001
      vertex  1.000000e+000  3.292893e+000 -2.928932e-001
    endloop
  endfacet
  facet normal -3.714703e-001  8.968088e-001 -2.402993e-001
    outer loop
      vertex  1.000000e+000  3.000000e+000 -1.000000e+000
      vertex  2.928932e-001  2.707107e+000 -1.000000e+000
      vertex  2.928932e-001  2.880322e+000 -3.535534e-001
    endloop
  endfacet
  facet normal -9.190605e-001  3.806873e-001 -1.020049e-001
    outer loop
      vertex  0.000000e+000  2.000000e+000 -1.000000e+000
      vertex  2.928932e-001  2.880322e+000 -3.535534e-001
      vertex  2.928932e-001  2.707107e+000 -1.000000e+000
    endloop
  endfacet
  facet normal -8.881072e-001  4.246486e-001 -1.758952e-001
    outer loop
      vertex  0.000000e+000  2.000000e+000 -1.000000e+000
      vertex  0.000000e+000  2.585786e+000  4.142136e-001
      vertex  2.928932e-001  2.880322e+000 -3.535534e-001
    endloop
  endfacet
  facet normal -8.881071e-001  1.758952e-001 -4.246487e-001
    outer loop
      vertex  0.000000e+000  4.000000e+000  1.000000e+000
      vertex  2.928932e-001  3.353553e+000  1.196784e-001
      vertex  0.000000e+000  2.585786e+000  4.142136e-001
    endloop
  endfacet
  facet normal -9.190605e-001  1.020049e-001 -3.806873e-001
    outer loop
      vertex  0.000000e+000  4.000000e+000  1.000000e+000
      vertex  2.928932e-001  4.000000e+000  2.928932e-001
      vertex  2.928932e-001  3.353553e+000  1.196784e-001
    endloop
  endfacet
  facet normal -3.319562e-001  6.670104e-001 -6.670101e-001
    outer loop
      vertex  1.000000e+000  3.292893e+000 -2.928932e-001
      vertex  2.928932e-001  2.880322e+000 -3.535534e-001
      vertex  2.928932e-001  3.353553e+000  1.196784e-001
    endloop
  endfacet
  facet normal -9.316795e-001  2.568786e-001 -2.568785e-001
    outer loop
      vertex  2.928932e-001  2.880322e+000 -3.535534e-001
      vertex  0.000000e+000  2.585786e+000  4.142136e-001
      vertex  2.928932e-001  3.353553e+000  1.196784e-001
    endloop
  endfacet
  facet normal  0.000000e+000  0.000000e+000 -1.000000e+000
    outer loop
      vertex  1.000000e+000  1.000000e+000 -5.000000e+001
      vertex  1.000000e+000  2.000000e+000 -5.000000e+001
      vertex  1.990000e+002  1.000000e+000 -5.000000e+001
    endloop
  endfacet
  facet normal  0.000000e+000  0.000000e+000 -1.000000e+000
    outer loop
      vertex  1.990000e+002  1.000000e+000 -5.000000e+001
      vertex  1.000000e+000  2.000000e+000 -5.000000e+001
      vertex  1.990000e+002  2.000000e+000 -5.000000e+001
    endloop
  endfacet
  facet normal -3.779637e-001 -1.565577e-001 -9.124873e-001
    outer loop
      vertex  1.000000e+000  1.000000e+000 -5.000000e+001
      vertex  5.000000e-001  5.000000e-001 -4.970711e+001
      vertex  2.928932e-001  1.000000e+000 -4.970711e+001
    endloop
  endfacet
  facet normal -1.565577e-001 -3.779637e-001 -9.124873e-001
    outer loop
      vertex  1.000000e+000  1.000000e+000 -5.000000e+001
      vertex  1.000000e+000  2.928932e-001 -4.970711e+001
      vertex  5.000000e-001  5.000000e-001 -4.970711e+001
    endloop
  endfacet
  facet normal -8.628564e-001 -3.574068e-001 -3.574064e-001
    outer loop
      vertex  0.000000e+000  1.000000e+000 -4.900000e+001
      vertex  2.928932e-001  1.000000e+000 -4.970711e+001
      vertex  2.928932e-001  2.928932e-001 -4.900000e+001
    endloop
  endfacet
  facet normal -8.628563e-001 -3.574068e-001 -3.574064e-001
    outer loop
      vertex  2.928932e-001  2.928932e-001 -4.900000e+001
      vertex  2.928932e-001  1.000000e+000 -4.970711e+001
      vertex  5.000000e-001  5.000000e-001 -4.970711e+001
    endloop
  endfacet
  facet normal -3.574068e-001 -8.628564e-001 -3.574064e-001
    outer loop
      vertex  2.928932e-001  2.928932e-001 -4.900000e+001
      vertex  5.000000e-001  5.000000e-001 -4.970711e+001
      vertex  1.000000e+000  0.000000e+000 -4.900000e+001
    endloop
  endfacet
  facet normal -3.574068e-001 -8.628563e-001 -3.574064e-001
    outer loop
      vertex  1.000000e+000  0.000000e+000 -4.900000e+001
      vertex  5.000000e-001  5.000000e-001 -4.970711e+001
      vertex  1.000000e+000  2.928932e-001 -4.970711e+001
    endloop
  endfacet
endsolid CATIA STL
