solid CATIA STL
  facet normal -3.826837e-001 -9.238794e-001  -0.000000e+000
    outer loop
      vertex  1.100000e+001  1.000000e+001  1.100000e+001
      vertex  1.100000e+001  1.000000e+001  3.900000e+001
      vertex  1.029289e+001  1.029289e+001  1.100000e+001
    endloop
  endfacet
  facet normal -3.826837e-001 -9.238794e-001  0.000000e+000
    outer loop
      vertex  1.029289e+001  1.029289e+001  1.100000e+001
      vertex  1.100000e+001  1.000000e+001  3.900000e+001
      vertex  1.029289e+001  1.029289e+001  3.900000e+001
    endloop
  endfacet
  facet normal -9.238794e-001 -3.826837e-001  -0.000000e+000
    outer loop
      vertex  1.029289e+001  1.029289e+001  1.100000e+001
      vertex  1.029289e+001  1.029289e+001  3.900000e+001
      vertex  1.000000e+001  1.100000e+001  1.100000e+001
    endloop
  endfacet
  facet normal -9.238794e-001 -3.826837e-001  0.000000e+000
    outer loop
      vertex  1.000000e+001  1.100000e+001  1.100000e+001
      vertex  1.029289e+001  1.029289e+001  3.900000e+001
      vertex  1.000000e+001  1.100000e+001  3.900000e+001
    endloop
  endfacet
  facet normal  3.826833e-001 -9.238796e-001  0.000000e+000
    outer loop
      vertex  1.900000e+001  1.000000e+001  3.900000e+001
      vertex  1.900000e+001  1.000000e+001  1.100000e+001
      vertex  1.970711e+001  1.029289e+001  3.900000e+001
    endloop
  endfacet
  facet normal  3.826833e-001 -9.238796e-001  0.000000e+000
    outer loop
      vertex  1.970711e+001  1.029289e+001  3.900000e+001
      vertex  1.900000e+001  1.000000e+001  1.100000e+001
      vertex  1.970711e+001  1.029289e+001  1.100000e+001
    endloop
  endfacet
  facet normal  9.238798e-001 -3.826827e-001  0.000000e+000
    outer loop
      vertex  1.970711e+001  1.029289e+001  3.900000e+001
      vertex  1.970711e+001  1.029289e+001  1.100000e+001
      vertex  2.000000e+001  1.100000e+001  3.900000e+001
    endloop
  endfacet
  facet normal  9.238798e-001 -3.826827e-001  0.000000e+000
    outer loop
      vertex  2.000000e+001  1.100000e+001  3.900000e+001
      vertex  1.970711e+001  1.029289e+001  1.100000e+001
      vertex  2.000000e+001  1.100000e+001  1.100000e+001
    endloop
  endfacet
  facet normal -1.000000e+000  0.000000e+000  0.000000e+000
    outer loop
      vertex  1.000000e+001  1.900000e+001  3.900000e+001
      vertex  1.000000e+001  1.900000e+001  1.100000e+001
      vertex  1.000000e+001  1.100000e+001  3.900000e+001
    endloop
  endfacet
  facet normal -1.000000e+000  0.000000e+000  0.000000e+000
    outer loop
      vertex  1.000000e+001  1.100000e+001  3.900000e+001
      vertex  1.000000e+001  1.900000e+001  1.100000e+001
      vertex  1.000000e+001  1.100000e+001  1.100000e+001
    endloop
  endfacet
  facet normal  1.000000e+000  0.000000e+000  0.000000e+000
    outer loop
      vertex  2.000000e+001  1.100000e+001  3.900000e+001
      vertex  2.000000e+001  1.100000e+001  1.100000e+001
      vertex  2.000000e+001  1.900000e+001  3.900000e+001
    endloop
  endfacet
  facet normal  1.000000e+000  0.000000e+000  0.000000e+000
    outer loop
      vertex  2.000000e+001  1.900000e+001  3.900000e+001
      vertex  2.000000e+001  1.100000e+001  1.100000e+001
      vertex  2.000000e+001  1.900000e+001  1.100000e+001
    endloop
  endfacet
  facet normal  0.000000e+000 -1.000000e+000  0.000000e+000
    outer loop
      vertex  1.900000e+001  1.000000e+001  3.900000e+001
      vertex  1.100000e+001  1.000000e+001  3.900000e+001
      vertex  1.900000e+001  1.000000e+001  1.100000e+001
    endloop
  endfacet
  facet normal  0.000000e+000 -1.000000e+000  0.000000e+000
    outer loop
      vertex  1.900000e+001  1.000000e+001  1.100000e+001
      vertex  1.100000e+001  1.000000e+001  3.900000e+001
      vertex  1.100000e+001  1.000000e+001  1.100000e+001
    endloop
  endfacet
  facet normal  0.000000e+000  0.000000e+000  1.000000e+000
    outer loop
      vertex  2.833830e+001  6.833830e+001  1.000000e+001
      vertex  2.765000e+001  7.000000e+001  1.000000e+001
      vertex  1.900000e+001  2.100000e+001  1.000000e+001
    endloop
  endfacet
  facet normal  0.000000e+000  -0.000000e+000  1.000000e+000
    outer loop
      vertex  1.702034e+002  1.058842e+002  1.000000e+001
      vertex  1.707000e+002  1.043560e+002  1.000000e+001
      vertex  1.810000e+002  1.290000e+002  1.000000e+001
    endloop
  endfacet
  facet normal  0.000000e+000  0.000000e+000  1.000000e+000
    outer loop
      vertex  1.795858e+002  2.041421e+001  1.000000e+001
      vertex  1.689034e+002  4.752725e+001  1.000000e+001
      vertex  1.790000e+002  1.900000e+001  1.000000e+001
    endloop
  endfacet
  facet normal  -0.000000e+000  0.000000e+000  1.000000e+000
    outer loop
      vertex  1.904142e+002  1.295858e+002  1.000000e+001
      vertex  1.890000e+002  1.290000e+002  1.000000e+001
      vertex  1.890000e+002  2.100000e+001  1.000000e+001
    endloop
  endfacet
  facet normal  0.000000e+000  0.000000e+000  1.000000e+000
    outer loop
      vertex  8.066170e+001  1.263383e+002  1.000000e+001
      vertex  1.291965e+002  1.068288e+002  1.000000e+001
      vertex  8.135000e+001  1.280000e+002  1.000000e+001
    endloop
  endfacet
  facet normal  0.000000e+000  0.000000e+000  1.000000e+000
    outer loop
      vertex  8.066170e+001  6.833830e+001  1.000000e+001
      vertex  1.291965e+002  5.247275e+001  1.000000e+001
      vertex  8.135000e+001  7.000000e+001  1.000000e+001
    endloop
  endfacet
  facet normal  0.000000e+000  -0.000000e+000  1.000000e+000
    outer loop
      vertex  7.900000e+001  7.235000e+001  1.000000e+001
      vertex  8.066170e+001  7.166170e+001  1.000000e+001
      vertex  1.291965e+002  1.018833e+002  1.000000e+001
    endloop
  endfacet
  facet normal  0.000000e+000  0.000000e+000  1.000000e+000
    outer loop
      vertex  9.000000e+000  1.900000e+001  1.000000e+001
      vertex  9.585787e+000  2.041421e+001  1.000000e+001
      vertex  9.000000e+000  1.310000e+002  1.000000e+001
    endloop
  endfacet
  facet normal  0.000000e+000  0.000000e+000  1.000000e+000
    outer loop
      vertex  1.810000e+002  2.100000e+001  1.000000e+001
      vertex  1.707000e+002  5.000000e+001  1.000000e+001
      vertex  1.702034e+002  4.847176e+001  1.000000e+001
    endloop
  endfacet
  facet normal  0.000000e+000  0.000000e+000  1.000000e+000
    outer loop
      vertex  1.810000e+002  2.100000e+001  1.000000e+001
      vertex  1.702034e+002  4.847176e+001  1.000000e+001
      vertex  1.689034e+002  4.752725e+001  1.000000e+001
    endloop
  endfacet
  facet normal  0.000000e+000  0.000000e+000  1.000000e+000
    outer loop
      vertex  1.810000e+002  2.100000e+001  1.000000e+001
      vertex  1.689034e+002  4.752725e+001  1.000000e+001
      vertex  1.795858e+002  2.041421e+001  1.000000e+001
    endloop
  endfacet
  facet normal  -0.000000e+000  0.000000e+000  1.000000e+000
    outer loop
      vertex  1.910000e+002  1.310000e+002  1.000000e+001
      vertex  1.904142e+002  1.295858e+002  1.000000e+001
      vertex  1.890000e+002  2.100000e+001  1.000000e+001
    endloop
  endfacet
  facet normal  -0.000000e+000  0.000000e+000  1.000000e+000
    outer loop
      vertex  1.910000e+002  1.310000e+002  1.000000e+001
      vertex  1.890000e+002  2.100000e+001  1.000000e+001
      vertex  1.904142e+002  2.041421e+001  1.000000e+001
    endloop
  endfacet
  facet normal  -0.000000e+000  0.000000e+000  1.000000e+000
    outer loop
      vertex  1.910000e+002  1.310000e+002  1.000000e+001
      vertex  1.904142e+002  2.041421e+001  1.000000e+001
      vertex  1.910000e+002  1.900000e+001  1.000000e+001
    endloop
  endfacet
  facet normal  0.000000e+000  0.000000e+000  1.000000e+000
    outer loop
      vertex  1.100000e+001  2.100000e+001  1.000000e+001
      vertex  1.100000e+001  1.290000e+002  1.000000e+001
      vertex  9.585787e+000  1.295858e+002  1.000000e+001
    endloop
  endfacet
  facet normal  0.000000e+000  0.000000e+000  1.000000e+000
    outer loop
      vertex  1.100000e+001  2.100000e+001  1.000000e+001
      vertex  9.585787e+000  1.295858e+002  1.000000e+001
      vertex  9.000000e+000  1.310000e+002  1.000000e+001
    endloop
  endfacet
  facet normal  0.000000e+000  0.000000e+000  1.000000e+000
    outer loop
      vertex  1.100000e+001  2.100000e+001  1.000000e+001
      vertex  9.000000e+000  1.310000e+002  1.000000e+001
      vertex  9.585787e+000  2.041421e+001  1.000000e+001
    endloop
  endfacet
  facet normal  -0.000000e+000  0.000000e+000  1.000000e+000
    outer loop
      vertex  1.990000e+002  1.490000e+002  1.000000e+001
      vertex  1.000000e+000  1.490000e+002  1.000000e+001
      vertex  1.810000e+002  1.410000e+002  1.000000e+001
    endloop
  endfacet
  facet normal  0.000000e+000  0.000000e+000  1.000000e+000
    outer loop
      vertex  1.990000e+002  1.490000e+002  1.000000e+001
      vertex  1.810000e+002  1.410000e+002  1.000000e+001
      vertex  1.890000e+002  1.410000e+002  1.000000e+001
    endloop
  endfacet
  facet normal  -0.000000e+000  0.000000e+000  1.000000e+000
    outer loop
      vertex  1.990000e+002  1.490000e+002  1.000000e+001
      vertex  1.890000e+002  1.410000e+002  1.000000e+001
      vertex  1.904142e+002  1.404142e+002  1.000000e+001
    endloop
  endfacet
  facet normal  -0.000000e+000  0.000000e+000  1.000000e+000
    outer loop
      vertex  1.990000e+002  1.490000e+002  1.000000e+001
      vertex  1.904142e+002  1.404142e+002  1.000000e+001
      vertex  1.910000e+002  1.390000e+002  1.000000e+001
    endloop
  endfacet
  facet normal  -0.000000e+000  0.000000e+000  1.000000e+000
    outer loop
      vertex  1.990000e+002  1.490000e+002  1.000000e+001
      vertex  1.910000e+002  1.390000e+002  1.000000e+001
      vertex  1.910000e+002  1.310000e+002  1.000000e+001
    endloop
  endfacet
  facet normal  -0.000000e+000  0.000000e+000  1.000000e+000
    outer loop
      vertex  1.990000e+002  1.490000e+002  1.000000e+001
      vertex  1.910000e+002  1.310000e+002  1.000000e+001
      vertex  1.990000e+002  1.000000e+000  1.000000e+001
    endloop
  endfacet
  facet normal  0.000000e+000  0.000000e+000  1.000000e+000
    outer loop
      vertex  1.000000e+000  1.490000e+002  1.000000e+001
      vertex  1.000000e+000  1.000000e+000  1.000000e+001
      vertex  9.000000e+000  1.310000e+002  1.000000e+001
    endloop
  endfacet
  facet normal  0.000000e+000  -0.000000e+000  1.000000e+000
    outer loop
      vertex  1.000000e+000  1.490000e+002  1.000000e+001
      vertex  9.000000e+000  1.310000e+002  1.000000e+001
      vertex  9.000000e+000  1.390000e+002  1.000000e+001
    endloop
  endfacet
  facet normal  0.000000e+000  -0.000000e+000  1.000000e+000
    outer loop
      vertex  1.000000e+000  1.490000e+002  1.000000e+001
      vertex  9.000000e+000  1.390000e+002  1.000000e+001
      vertex  9.585787e+000  1.404142e+002  1.000000e+001
    endloop
  endfacet
  facet normal  0.000000e+000  -0.000000e+000  1.000000e+000
    outer loop
      vertex  1.000000e+000  1.490000e+002  1.000000e+001
      vertex  9.585787e+000  1.404142e+002  1.000000e+001
      vertex  1.100000e+001  1.410000e+002  1.000000e+001
    endloop
  endfacet
  facet normal  0.000000e+000  -0.000000e+000  1.000000e+000
    outer loop
      vertex  1.000000e+000  1.490000e+002  1.000000e+001
      vertex  1.100000e+001  1.410000e+002  1.000000e+001
      vertex  1.900000e+001  1.410000e+002  1.000000e+001
    endloop
  endfacet
  facet normal  -0.000000e+000  -0.000000e+000  1.000000e+000
    outer loop
      vertex  1.000000e+000  1.490000e+002  1.000000e+001
      vertex  1.900000e+001  1.410000e+002  1.000000e+001
      vertex  2.041421e+001  1.404142e+002  1.000000e+001
    endloop
  endfacet
  facet normal  -0.000000e+000  -0.000000e+000  1.000000e+000
    outer loop
      vertex  1.000000e+000  1.490000e+002  1.000000e+001
      vertex  2.041421e+001  1.404142e+002  1.000000e+001
      vertex  7.900000e+001  1.303500e+002  1.000000e+001
    endloop
  endfacet
  facet normal  0.000000e+000  -0.000000e+000  9.999999e-001
    outer loop
      vertex  1.000000e+000  1.490000e+002  1.000000e+001
      vertex  7.900000e+001  1.303500e+002  1.000000e+001
      vertex  1.790000e+002  1.390000e+002  1.000000e+001
    endloop
  endfacet
  facet normal  0.000000e+000  -0.000000e+000  1.000000e+000
    outer loop
      vertex  1.000000e+000  1.490000e+002  1.000000e+001
      vertex  1.790000e+002  1.390000e+002  1.000000e+001
      vertex  1.795858e+002  1.404142e+002  1.000000e+001
    endloop
  endfacet
  facet normal  0.000000e+000  -0.000000e+000  1.000000e+000
    outer loop
      vertex  1.000000e+000  1.490000e+002  1.000000e+001
      vertex  1.795858e+002  1.404142e+002  1.000000e+001
      vertex  1.810000e+002  1.410000e+002  1.000000e+001
    endloop
  endfacet
  facet normal  0.000000e+000  -0.000000e+000  1.000000e+000
    outer loop
      vertex  1.689034e+002  1.068288e+002  1.000000e+001
      vertex  1.702034e+002  1.058842e+002  1.000000e+001
      vertex  1.810000e+002  1.290000e+002  1.000000e+001
    endloop
  endfacet
  facet normal  0.000000e+000  0.000000e+000  1.000000e+000
    outer loop
      vertex  1.689034e+002  1.068288e+002  1.000000e+001
      vertex  1.810000e+002  1.290000e+002  1.000000e+001
      vertex  1.795858e+002  1.295858e+002  1.000000e+001
    endloop
  endfacet
  facet normal  0.000000e+000  0.000000e+000  1.000000e+000
    outer loop
      vertex  1.689034e+002  1.068288e+002  1.000000e+001
      vertex  1.795858e+002  1.295858e+002  1.000000e+001
      vertex  1.790000e+002  1.310000e+002  1.000000e+001
    endloop
  endfacet
  facet normal  0.000000e+000  -0.000000e+000  1.000000e+000
    outer loop
      vertex  1.689034e+002  1.068288e+002  1.000000e+001
      vertex  1.790000e+002  1.310000e+002  1.000000e+001
      vertex  1.790000e+002  1.390000e+002  1.000000e+001
    endloop
  endfacet
  facet normal  0.000000e+000  0.000000e+000  9.999999e-001
    outer loop
      vertex  1.689034e+002  1.068288e+002  1.000000e+001
      vertex  1.790000e+002  1.390000e+002  1.000000e+001
      vertex  7.900000e+001  1.303500e+002  1.000000e+001
    endloop
  endfacet
  facet normal  0.000000e+000  0.000000e+000  1.000000e+000
    outer loop
      vertex  1.689034e+002  1.068288e+002  1.000000e+001
      vertex  7.900000e+001  1.303500e+002  1.000000e+001
      vertex  1.672966e+002  1.068288e+002  1.000000e+001
    endloop
  endfacet
  facet normal  0.000000e+000  0.000000e+000  1.000000e+000
    outer loop
      vertex  1.000000e+000  1.000000e+000  1.000000e+001
      vertex  1.990000e+002  1.000000e+000  1.000000e+001
      vertex  1.890000e+002  9.000000e+000  1.000000e+001
    endloop
  endfacet
  facet normal  0.000000e+000  0.000000e+000  1.000000e+000
    outer loop
      vertex  1.000000e+000  1.000000e+000  1.000000e+001
      vertex  1.890000e+002  9.000000e+000  1.000000e+001
      vertex  1.810000e+002  9.000000e+000  1.000000e+001
    endloop
  endfacet
  facet normal  0.000000e+000  0.000000e+000  1.000000e+000
    outer loop
      vertex  1.000000e+000  1.000000e+000  1.000000e+001
      vertex  1.810000e+002  9.000000e+000  1.000000e+001
      vertex  1.795858e+002  9.585787e+000  1.000000e+001
    endloop
  endfacet
  facet normal  0.000000e+000  0.000000e+000  1.000000e+000
    outer loop
      vertex  1.000000e+000  1.000000e+000  1.000000e+001
      vertex  1.795858e+002  9.585787e+000  1.000000e+001
      vertex  1.790000e+002  1.100000e+001  1.000000e+001
    endloop
  endfacet
  facet normal  0.000000e+000  -0.000000e+000  1.000000e+000
    outer loop
      vertex  1.000000e+000  1.000000e+000  1.000000e+001
      vertex  1.790000e+002  1.100000e+001  1.000000e+001
      vertex  1.790000e+002  1.900000e+001  1.000000e+001
    endloop
  endfacet
  facet normal  0.000000e+000  0.000000e+000  1.000000e+000
    outer loop
      vertex  1.000000e+000  1.000000e+000  1.000000e+001
      vertex  1.790000e+002  1.900000e+001  1.000000e+001
      vertex  1.689034e+002  4.752725e+001  1.000000e+001
    endloop
  endfacet
  facet normal  0.000000e+000  0.000000e+000  1.000000e+000
    outer loop
      vertex  1.000000e+000  1.000000e+000  1.000000e+001
      vertex  1.689034e+002  4.752725e+001  1.000000e+001
      vertex  1.672966e+002  4.752725e+001  1.000000e+001
    endloop
  endfacet
  facet normal  0.000000e+000  0.000000e+000  9.999999e-001
    outer loop
      vertex  1.000000e+000  1.000000e+000  1.000000e+001
      vertex  1.672966e+002  4.752725e+001  1.000000e+001
      vertex  1.308035e+002  4.752725e+001  1.000000e+001
    endloop
  endfacet
  facet normal  0.000000e+000  0.000000e+000  1.000000e+000
    outer loop
      vertex  1.000000e+000  1.000000e+000  1.000000e+001
      vertex  1.308035e+002  4.752725e+001  1.000000e+001
      vertex  1.291965e+002  4.752725e+001  1.000000e+001
    endloop
  endfacet
  facet normal  0.000000e+000  0.000000e+000  9.999999e-001
    outer loop
      vertex  1.000000e+000  1.000000e+000  1.000000e+001
      vertex  1.291965e+002  4.752725e+001  1.000000e+001
      vertex  2.041421e+001  9.585787e+000  1.000000e+001
    endloop
  endfacet
  facet normal  0.000000e+000  0.000000e+000  1.000000e+000
    outer loop
      vertex  1.000000e+000  1.000000e+000  1.000000e+001
      vertex  2.041421e+001  9.585787e+000  1.000000e+001
      vertex  1.900000e+001  9.000000e+000  1.000000e+001
    endloop
  endfacet
  facet normal  0.000000e+000  0.000000e+000  1.000000e+000
    outer loop
      vertex  1.000000e+000  1.000000e+000  1.000000e+001
      vertex  1.900000e+001  9.000000e+000  1.000000e+001
      vertex  1.100000e+001  9.000000e+000  1.000000e+001
    endloop
  endfacet
  facet normal  0.000000e+000  0.000000e+000  1.000000e+000
    outer loop
      vertex  1.000000e+000  1.000000e+000  1.000000e+001
      vertex  1.100000e+001  9.000000e+000  1.000000e+001
      vertex  9.585787e+000  9.585787e+000  1.000000e+001
    endloop
  endfacet
  facet normal  0.000000e+000  0.000000e+000  1.000000e+000
    outer loop
      vertex  1.000000e+000  1.000000e+000  1.000000e+001
      vertex  9.585787e+000  9.585787e+000  1.000000e+001
      vertex  9.000000e+000  1.100000e+001  1.000000e+001
    endloop
  endfacet
  facet normal  0.000000e+000  -0.000000e+000  1.000000e+000
    outer loop
      vertex  1.000000e+000  1.000000e+000  1.000000e+001
      vertex  9.000000e+000  1.100000e+001  1.000000e+001
      vertex  9.000000e+000  1.900000e+001  1.000000e+001
    endloop
  endfacet
  facet normal  0.000000e+000  -0.000000e+000  1.000000e+000
    outer loop
      vertex  1.000000e+000  1.000000e+000  1.000000e+001
      vertex  9.000000e+000  1.900000e+001  1.000000e+001
      vertex  9.000000e+000  1.310000e+002  1.000000e+001
    endloop
  endfacet
  facet normal  -0.000000e+000  -0.000000e+000  1.000000e+000
    outer loop
      vertex  8.066170e+001  1.296617e+002  1.000000e+001
      vertex  8.135000e+001  1.280000e+002  1.000000e+001
      vertex  1.291965e+002  1.068288e+002  1.000000e+001
    endloop
  endfacet
  facet normal  0.000000e+000  -0.000000e+000  1.000000e+000
    outer loop
      vertex  8.066170e+001  1.296617e+002  1.000000e+001
      vertex  1.291965e+002  1.068288e+002  1.000000e+001
      vertex  1.308035e+002  1.068288e+002  1.000000e+001
    endloop
  endfacet
  facet normal  0.000000e+000  -0.000000e+000  1.000000e+000
    outer loop
      vertex  8.066170e+001  1.296617e+002  1.000000e+001
      vertex  1.308035e+002  1.068288e+002  1.000000e+001
      vertex  1.672966e+002  1.068288e+002  1.000000e+001
    endloop
  endfacet
  facet normal  0.000000e+000  0.000000e+000  1.000000e+000
    outer loop
      vertex  8.066170e+001  1.296617e+002  1.000000e+001
      vertex  1.672966e+002  1.068288e+002  1.000000e+001
      vertex  7.900000e+001  1.303500e+002  1.000000e+001
    endloop
  endfacet
  facet normal  0.000000e+000  0.000000e+000  1.000000e+000
    outer loop
      vertex  3.000000e+001  6.765000e+001  1.000000e+001
      vertex  2.833830e+001  6.833830e+001  1.000000e+001
      vertex  1.900000e+001  2.100000e+001  1.000000e+001
    endloop
  endfacet
  facet normal  -0.000000e+000  0.000000e+000  1.000000e+000
    outer loop
      vertex  3.000000e+001  6.765000e+001  1.000000e+001
      vertex  1.900000e+001  2.100000e+001  1.000000e+001
      vertex  2.041421e+001  2.041421e+001  1.000000e+001
    endloop
  endfacet
  facet normal  -0.000000e+000  0.000000e+000  1.000000e+000
    outer loop
      vertex  3.000000e+001  6.765000e+001  1.000000e+001
      vertex  2.041421e+001  2.041421e+001  1.000000e+001
      vertex  2.100000e+001  1.900000e+001  1.000000e+001
    endloop
  endfacet
  facet normal  -0.000000e+000  0.000000e+000  1.000000e+000
    outer loop
      vertex  3.000000e+001  6.765000e+001  1.000000e+001
      vertex  2.100000e+001  1.900000e+001  1.000000e+001
      vertex  2.100000e+001  1.100000e+001  1.000000e+001
    endloop
  endfacet
  facet normal  0.000000e+000  0.000000e+000  1.000000e+000
    outer loop
      vertex  3.000000e+001  6.765000e+001  1.000000e+001
      vertex  2.100000e+001  1.100000e+001  1.000000e+001
      vertex  7.900000e+001  6.765000e+001  1.000000e+001
    endloop
  endfacet
  facet normal  0.000000e+000  0.000000e+000  1.000000e+000
    outer loop
      vertex  3.000000e+001  6.765000e+001  1.000000e+001
      vertex  7.900000e+001  6.765000e+001  1.000000e+001
      vertex  7.733830e+001  6.833830e+001  1.000000e+001
    endloop
  endfacet
  facet normal  0.000000e+000  0.000000e+000  1.000000e+000
    outer loop
      vertex  3.000000e+001  6.765000e+001  1.000000e+001
      vertex  7.733830e+001  6.833830e+001  1.000000e+001
      vertex  3.166170e+001  6.833830e+001  1.000000e+001
    endloop
  endfacet
  facet normal  0.000000e+000  0.000000e+000  1.000000e+000
    outer loop
      vertex  7.900000e+001  1.256500e+002  1.000000e+001
      vertex  7.733830e+001  1.263383e+002  1.000000e+001
      vertex  3.166170e+001  1.263383e+002  1.000000e+001
    endloop
  endfacet
  facet normal  0.000000e+000  0.000000e+000  1.000000e+000
    outer loop
      vertex  7.900000e+001  1.256500e+002  1.000000e+001
      vertex  3.166170e+001  1.263383e+002  1.000000e+001
      vertex  3.000000e+001  1.256500e+002  1.000000e+001
    endloop
  endfacet
  facet normal  -0.000000e+000  0.000000e+000  1.000000e+000
    outer loop
      vertex  7.900000e+001  1.256500e+002  1.000000e+001
      vertex  3.000000e+001  1.256500e+002  1.000000e+001
      vertex  3.000000e+001  7.235000e+001  1.000000e+001
    endloop
  endfacet
  facet normal  0.000000e+000  0.000000e+000  1.000000e+000
    outer loop
      vertex  7.900000e+001  1.256500e+002  1.000000e+001
      vertex  3.000000e+001  7.235000e+001  1.000000e+001
      vertex  7.900000e+001  7.235000e+001  1.000000e+001
    endloop
  endfacet
  facet normal  0.000000e+000  0.000000e+000  9.999999e-001
    outer loop
      vertex  7.900000e+001  1.256500e+002  1.000000e+001
      vertex  7.900000e+001  7.235000e+001  1.000000e+001
      vertex  1.291965e+002  1.018833e+002  1.000000e+001
    endloop
  endfacet
  facet normal  0.000000e+000  0.000000e+000  1.000000e+000
    outer loop
      vertex  7.900000e+001  1.256500e+002  1.000000e+001
      vertex  1.291965e+002  1.018833e+002  1.000000e+001
      vertex  1.278966e+002  1.028278e+002  1.000000e+001
    endloop
  endfacet
  facet normal  0.000000e+000  0.000000e+000  1.000000e+000
    outer loop
      vertex  7.900000e+001  1.256500e+002  1.000000e+001
      vertex  1.278966e+002  1.028278e+002  1.000000e+001
      vertex  1.274000e+002  1.043560e+002  1.000000e+001
    endloop
  endfacet
  facet normal  0.000000e+000  -0.000000e+000  1.000000e+000
    outer loop
      vertex  7.900000e+001  1.256500e+002  1.000000e+001
      vertex  1.274000e+002  1.043560e+002  1.000000e+001
      vertex  1.278966e+002  1.058842e+002  1.000000e+001
    endloop
  endfacet
  facet normal  0.000000e+000  -0.000000e+000  1.000000e+000
    outer loop
      vertex  7.900000e+001  1.256500e+002  1.000000e+001
      vertex  1.278966e+002  1.058842e+002  1.000000e+001
      vertex  1.291965e+002  1.068288e+002  1.000000e+001
    endloop
  endfacet
  facet normal  0.000000e+000  0.000000e+000  1.000000e+000
    outer loop
      vertex  7.900000e+001  1.256500e+002  1.000000e+001
      vertex  1.291965e+002  1.068288e+002  1.000000e+001
      vertex  8.066170e+001  1.263383e+002  1.000000e+001
    endloop
  endfacet
  facet normal  -0.000000e+000  0.000000e+000  1.000000e+000
    outer loop
      vertex  7.900000e+001  6.765000e+001  1.000000e+001
      vertex  2.100000e+001  1.100000e+001  1.000000e+001
      vertex  2.041421e+001  9.585787e+000  1.000000e+001
    endloop
  endfacet
  facet normal  0.000000e+000  0.000000e+000  1.000000e+000
    outer loop
      vertex  7.900000e+001  6.765000e+001  1.000000e+001
      vertex  2.041421e+001  9.585787e+000  1.000000e+001
      vertex  1.291965e+002  4.752725e+001  1.000000e+001
    endloop
  endfacet
  facet normal  0.000000e+000  0.000000e+000  1.000000e+000
    outer loop
      vertex  7.900000e+001  6.765000e+001  1.000000e+001
      vertex  1.291965e+002  4.752725e+001  1.000000e+001
      vertex  1.278966e+002  4.847176e+001  1.000000e+001
    endloop
  endfacet
  facet normal  0.000000e+000  0.000000e+000  1.000000e+000
    outer loop
      vertex  7.900000e+001  6.765000e+001  1.000000e+001
      vertex  1.278966e+002  4.847176e+001  1.000000e+001
      vertex  1.274000e+002  5.000000e+001  1.000000e+001
    endloop
  endfacet
  facet normal  0.000000e+000  -0.000000e+000  1.000000e+000
    outer loop
      vertex  7.900000e+001  6.765000e+001  1.000000e+001
      vertex  1.274000e+002  5.000000e+001  1.000000e+001
      vertex  1.278966e+002  5.152824e+001  1.000000e+001
    endloop
  endfacet
  facet normal  0.000000e+000  -0.000000e+000  1.000000e+000
    outer loop
      vertex  7.900000e+001  6.765000e+001  1.000000e+001
      vertex  1.278966e+002  5.152824e+001  1.000000e+001
      vertex  1.291965e+002  5.247275e+001  1.000000e+001
    endloop
  endfacet
  facet normal  0.000000e+000  0.000000e+000  1.000000e+000
    outer loop
      vertex  7.900000e+001  6.765000e+001  1.000000e+001
      vertex  1.291965e+002  5.247275e+001  1.000000e+001
      vertex  8.066170e+001  6.833830e+001  1.000000e+001
    endloop
  endfacet
  facet normal  0.000000e+000  0.000000e+000  1.000000e+000
    outer loop
      vertex  1.990000e+002  1.000000e+000  1.000000e+001
      vertex  1.910000e+002  1.310000e+002  1.000000e+001
      vertex  1.910000e+002  1.900000e+001  1.000000e+001
    endloop
  endfacet
  facet normal  0.000000e+000  0.000000e+000  1.000000e+000
    outer loop
      vertex  1.990000e+002  1.000000e+000  1.000000e+001
      vertex  1.910000e+002  1.900000e+001  1.000000e+001
      vertex  1.910000e+002  1.100000e+001  1.000000e+001
    endloop
  endfacet
  facet normal  0.000000e+000  0.000000e+000  1.000000e+000
    outer loop
      vertex  1.990000e+002  1.000000e+000  1.000000e+001
      vertex  1.910000e+002  1.100000e+001  1.000000e+001
      vertex  1.904142e+002  9.585787e+000  1.000000e+001
    endloop
  endfacet
  facet normal  0.000000e+000  0.000000e+000  1.000000e+000
    outer loop
      vertex  1.990000e+002  1.000000e+000  1.000000e+001
      vertex  1.904142e+002  9.585787e+000  1.000000e+001
      vertex  1.890000e+002  9.000000e+000  1.000000e+001
    endloop
  endfacet
  facet normal  -0.000000e+000  0.000000e+000  1.000000e+000
    outer loop
      vertex  1.702034e+002  1.028278e+002  1.000000e+001
      vertex  1.689034e+002  1.018833e+002  1.000000e+001
      vertex  1.689034e+002  5.247275e+001  1.000000e+001
    endloop
  endfacet
  facet normal  0.000000e+000  -0.000000e+000  1.000000e+000
    outer loop
      vertex  1.689034e+002  5.247275e+001  1.000000e+001
      vertex  1.689034e+002  1.018833e+002  1.000000e+001
      vertex  1.672966e+002  1.018833e+002  1.000000e+001
    endloop
  endfacet
  facet normal  0.000000e+000  0.000000e+000  1.000000e+000
    outer loop
      vertex  1.689034e+002  5.247275e+001  1.000000e+001
      vertex  1.672966e+002  1.018833e+002  1.000000e+001
      vertex  1.672966e+002  5.247275e+001  1.000000e+001
    endloop
  endfacet
  facet normal  0.000000e+000  -0.000000e+000  1.000000e+000
    outer loop
      vertex  1.689034e+002  5.247275e+001  1.000000e+001
      vertex  1.702034e+002  5.152824e+001  1.000000e+001
      vertex  1.702034e+002  1.028278e+002  1.000000e+001
    endloop
  endfacet
  facet normal  0.000000e+000  0.000000e+000  9.999999e-001
    outer loop
      vertex  1.702034e+002  1.028278e+002  1.000000e+001
      vertex  1.702034e+002  5.152824e+001  1.000000e+001
      vertex  1.707000e+002  5.000000e+001  1.000000e+001
    endloop
  endfacet
  facet normal  0.000000e+000  -0.000000e+000  1.000000e+000
    outer loop
      vertex  1.702034e+002  1.028278e+002  1.000000e+001
      vertex  1.707000e+002  5.000000e+001  1.000000e+001
      vertex  1.707000e+002  1.043560e+002  1.000000e+001
    endloop
  endfacet
  facet normal  0.000000e+000  0.000000e+000  1.000000e+000
    outer loop
      vertex  1.707000e+002  1.043560e+002  1.000000e+001
      vertex  1.707000e+002  5.000000e+001  1.000000e+001
      vertex  1.810000e+002  2.100000e+001  1.000000e+001
    endloop
  endfacet
  facet normal  0.000000e+000  -0.000000e+000  1.000000e+000
    outer loop
      vertex  1.707000e+002  1.043560e+002  1.000000e+001
      vertex  1.810000e+002  2.100000e+001  1.000000e+001
      vertex  1.810000e+002  1.290000e+002  1.000000e+001
    endloop
  endfacet
  facet normal  0.000000e+000  0.000000e+000  1.000000e+000
    outer loop
      vertex  1.810000e+002  1.290000e+002  1.000000e+001
      vertex  1.810000e+002  2.100000e+001  1.000000e+001
      vertex  1.890000e+002  2.100000e+001  1.000000e+001
    endloop
  endfacet
  facet normal  0.000000e+000  -0.000000e+000  1.000000e+000
    outer loop
      vertex  1.810000e+002  1.290000e+002  1.000000e+001
      vertex  1.890000e+002  2.100000e+001  1.000000e+001
      vertex  1.890000e+002  1.290000e+002  1.000000e+001
    endloop
  endfacet
  facet normal  0.000000e+000  -0.000000e+000  9.999999e-001
    outer loop
      vertex  2.765000e+001  1.280000e+002  1.000000e+001
      vertex  2.833830e+001  7.166170e+001  1.000000e+001
      vertex  2.833830e+001  1.263383e+002  1.000000e+001
    endloop
  endfacet
  facet normal  0.000000e+000  0.000000e+000  1.000000e+000
    outer loop
      vertex  2.833830e+001  1.263383e+002  1.000000e+001
      vertex  2.833830e+001  7.166170e+001  1.000000e+001
      vertex  3.000000e+001  7.235000e+001  1.000000e+001
    endloop
  endfacet
  facet normal  0.000000e+000  -0.000000e+000  1.000000e+000
    outer loop
      vertex  2.833830e+001  1.263383e+002  1.000000e+001
      vertex  3.000000e+001  7.235000e+001  1.000000e+001
      vertex  3.000000e+001  1.256500e+002  1.000000e+001
    endloop
  endfacet
  facet normal  0.000000e+000  0.000000e+000  1.000000e+000
    outer loop
      vertex  2.833830e+001  7.166170e+001  1.000000e+001
      vertex  2.765000e+001  1.280000e+002  1.000000e+001
      vertex  2.765000e+001  7.000000e+001  1.000000e+001
    endloop
  endfacet
  facet normal  0.000000e+000  -0.000000e+000  1.000000e+000
    outer loop
      vertex  2.765000e+001  7.000000e+001  1.000000e+001
      vertex  2.765000e+001  1.280000e+002  1.000000e+001
      vertex  1.900000e+001  1.290000e+002  1.000000e+001
    endloop
  endfacet
  facet normal  0.000000e+000  0.000000e+000  1.000000e+000
    outer loop
      vertex  2.765000e+001  7.000000e+001  1.000000e+001
      vertex  1.900000e+001  1.290000e+002  1.000000e+001
      vertex  1.900000e+001  2.100000e+001  1.000000e+001
    endloop
  endfacet
  facet normal  0.000000e+000  -0.000000e+000  1.000000e+000
    outer loop
      vertex  1.900000e+001  2.100000e+001  1.000000e+001
      vertex  1.900000e+001  1.290000e+002  1.000000e+001
      vertex  1.100000e+001  1.290000e+002  1.000000e+001
    endloop
  endfacet
  facet normal  0.000000e+000  0.000000e+000  1.000000e+000
    outer loop
      vertex  1.900000e+001  2.100000e+001  1.000000e+001
      vertex  1.100000e+001  1.290000e+002  1.000000e+001
      vertex  1.100000e+001  2.100000e+001  1.000000e+001
    endloop
  endfacet
  facet normal  0.000000e+000  0.000000e+000  1.000000e+000
    outer loop
      vertex  1.672966e+002  5.247275e+001  1.000000e+001
      vertex  1.308035e+002  1.018833e+002  1.000000e+001
      vertex  1.308035e+002  5.247275e+001  1.000000e+001
    endloop
  endfacet
  facet normal  0.000000e+000  -0.000000e+000  1.000000e+000
    outer loop
      vertex  1.308035e+002  5.247275e+001  1.000000e+001
      vertex  1.308035e+002  1.018833e+002  1.000000e+001
      vertex  1.291965e+002  1.018833e+002  1.000000e+001
    endloop
  endfacet
  facet normal  0.000000e+000  0.000000e+000  1.000000e+000
    outer loop
      vertex  1.308035e+002  5.247275e+001  1.000000e+001
      vertex  1.291965e+002  1.018833e+002  1.000000e+001
      vertex  1.291965e+002  5.247275e+001  1.000000e+001
    endloop
  endfacet
  facet normal  0.000000e+000  -0.000000e+000  1.000000e+000
    outer loop
      vertex  1.291965e+002  5.247275e+001  1.000000e+001
      vertex  1.291965e+002  1.018833e+002  1.000000e+001
      vertex  8.066170e+001  7.166170e+001  1.000000e+001
    endloop
  endfacet
  facet normal  0.000000e+000  0.000000e+000  1.000000e+000
    outer loop
      vertex  1.291965e+002  5.247275e+001  1.000000e+001
      vertex  8.066170e+001  7.166170e+001  1.000000e+001
      vertex  8.135000e+001  7.000000e+001  1.000000e+001
    endloop
  endfacet
  facet normal  0.000000e+000  0.000000e+000  1.000000e+000
    outer loop
      vertex  7.733830e+001  1.296617e+002  1.000000e+001
      vertex  3.235000e+001  1.280000e+002  1.000000e+001
      vertex  7.665000e+001  1.280000e+002  1.000000e+001
    endloop
  endfacet
  facet normal  0.000000e+000  0.000000e+000  1.000000e+000
    outer loop
      vertex  7.665000e+001  1.280000e+002  1.000000e+001
      vertex  3.235000e+001  1.280000e+002  1.000000e+001
      vertex  3.166170e+001  1.263383e+002  1.000000e+001
    endloop
  endfacet
  facet normal  0.000000e+000  0.000000e+000  1.000000e+000
    outer loop
      vertex  7.665000e+001  1.280000e+002  1.000000e+001
      vertex  3.166170e+001  1.263383e+002  1.000000e+001
      vertex  7.733830e+001  1.263383e+002  1.000000e+001
    endloop
  endfacet
  facet normal  0.000000e+000  0.000000e+000  1.000000e+000
    outer loop
      vertex  3.235000e+001  1.280000e+002  1.000000e+001
      vertex  7.733830e+001  1.296617e+002  1.000000e+001
      vertex  3.166170e+001  1.296617e+002  1.000000e+001
    endloop
  endfacet
  facet normal  0.000000e+000  0.000000e+000  1.000000e+000
    outer loop
      vertex  3.166170e+001  1.296617e+002  1.000000e+001
      vertex  7.733830e+001  1.296617e+002  1.000000e+001
      vertex  7.900000e+001  1.303500e+002  1.000000e+001
    endloop
  endfacet
  facet normal  0.000000e+000  0.000000e+000  1.000000e+000
    outer loop
      vertex  3.166170e+001  1.296617e+002  1.000000e+001
      vertex  7.900000e+001  1.303500e+002  1.000000e+001
      vertex  3.000000e+001  1.303500e+002  1.000000e+001
    endloop
  endfacet
  facet normal  0.000000e+000  -0.000000e+000  1.000000e+000
    outer loop
      vertex  3.000000e+001  1.303500e+002  1.000000e+001
      vertex  7.900000e+001  1.303500e+002  1.000000e+001
      vertex  2.041421e+001  1.404142e+002  1.000000e+001
    endloop
  endfacet
  facet normal  0.000000e+000  0.000000e+000  1.000000e+000
    outer loop
      vertex  3.000000e+001  1.303500e+002  1.000000e+001
      vertex  2.041421e+001  1.404142e+002  1.000000e+001
      vertex  2.100000e+001  1.390000e+002  1.000000e+001
    endloop
  endfacet
  facet normal  -0.000000e+000  0.000000e+000  1.000000e+000
    outer loop
      vertex  2.100000e+001  1.390000e+002  1.000000e+001
      vertex  2.100000e+001  1.310000e+002  1.000000e+001
      vertex  3.000000e+001  1.303500e+002  1.000000e+001
    endloop
  endfacet
  facet normal  0.000000e+000  0.000000e+000  1.000000e+000
    outer loop
      vertex  3.000000e+001  1.303500e+002  1.000000e+001
      vertex  2.100000e+001  1.310000e+002  1.000000e+001
      vertex  2.041421e+001  1.295858e+002  1.000000e+001
    endloop
  endfacet
  facet normal  0.000000e+000  0.000000e+000  1.000000e+000
    outer loop
      vertex  3.000000e+001  1.303500e+002  1.000000e+001
      vertex  2.041421e+001  1.295858e+002  1.000000e+001
      vertex  2.833830e+001  1.296617e+002  1.000000e+001
    endloop
  endfacet
  facet normal  0.000000e+000  0.000000e+000  1.000000e+000
    outer loop
      vertex  2.833830e+001  1.296617e+002  1.000000e+001
      vertex  2.041421e+001  1.295858e+002  1.000000e+001
      vertex  1.900000e+001  1.290000e+002  1.000000e+001
    endloop
  endfacet
  facet normal  -0.000000e+000  0.000000e+000  9.999999e-001
    outer loop
      vertex  2.833830e+001  1.296617e+002  1.000000e+001
      vertex  1.900000e+001  1.290000e+002  1.000000e+001
      vertex  2.765000e+001  1.280000e+002  1.000000e+001
    endloop
  endfacet
  facet normal  0.000000e+000  0.000000e+000  1.000000e+000
    outer loop
      vertex  7.665000e+001  7.000000e+001  1.000000e+001
      vertex  3.166170e+001  6.833830e+001  1.000000e+001
      vertex  7.733830e+001  6.833830e+001  1.000000e+001
    endloop
  endfacet
  facet normal  0.000000e+000  0.000000e+000  1.000000e+000
    outer loop
      vertex  3.166170e+001  6.833830e+001  1.000000e+001
      vertex  7.665000e+001  7.000000e+001  1.000000e+001
      vertex  3.235000e+001  7.000000e+001  1.000000e+001
    endloop
  endfacet
  facet normal  0.000000e+000  0.000000e+000  1.000000e+000
    outer loop
      vertex  3.235000e+001  7.000000e+001  1.000000e+001
      vertex  7.665000e+001  7.000000e+001  1.000000e+001
      vertex  7.733830e+001  7.166170e+001  1.000000e+001
    endloop
  endfacet
  facet normal  0.000000e+000  0.000000e+000  1.000000e+000
    outer loop
      vertex  3.235000e+001  7.000000e+001  1.000000e+001
      vertex  7.733830e+001  7.166170e+001  1.000000e+001
      vertex  3.166170e+001  7.166170e+001  1.000000e+001
    endloop
  endfacet
  facet normal  0.000000e+000  0.000000e+000  1.000000e+000
    outer loop
      vertex  3.166170e+001  7.166170e+001  1.000000e+001
      vertex  7.733830e+001  7.166170e+001  1.000000e+001
      vertex  7.900000e+001  7.235000e+001  1.000000e+001
    endloop
  endfacet
  facet normal  0.000000e+000  0.000000e+000  1.000000e+000
    outer loop
      vertex  3.166170e+001  7.166170e+001  1.000000e+001
      vertex  7.900000e+001  7.235000e+001  1.000000e+001
      vertex  3.000000e+001  7.235000e+001  1.000000e+001
    endloop
  endfacet
  facet normal  0.000000e+000  0.000000e+000  1.000000e+000
    outer loop
      vertex  1.655000e+002  5.000000e+001  1.000000e+001
      vertex  1.321034e+002  4.847176e+001  1.000000e+001
      vertex  1.659966e+002  4.847176e+001  1.000000e+001
    endloop
  endfacet
  facet normal  0.000000e+000  0.000000e+000  1.000000e+000
    outer loop
      vertex  1.659966e+002  4.847176e+001  1.000000e+001
      vertex  1.321034e+002  4.847176e+001  1.000000e+001
      vertex  1.308035e+002  4.752725e+001  1.000000e+001
    endloop
  endfacet
  facet normal  0.000000e+000  0.000000e+000  1.000000e+000
    outer loop
      vertex  1.659966e+002  4.847176e+001  1.000000e+001
      vertex  1.308035e+002  4.752725e+001  1.000000e+001
      vertex  1.672966e+002  4.752725e+001  1.000000e+001
    endloop
  endfacet
  facet normal  0.000000e+000  0.000000e+000  1.000000e+000
    outer loop
      vertex  1.321034e+002  4.847176e+001  1.000000e+001
      vertex  1.655000e+002  5.000000e+001  1.000000e+001
      vertex  1.326000e+002  5.000000e+001  1.000000e+001
    endloop
  endfacet
  facet normal  0.000000e+000  0.000000e+000  1.000000e+000
    outer loop
      vertex  1.326000e+002  5.000000e+001  1.000000e+001
      vertex  1.655000e+002  5.000000e+001  1.000000e+001
      vertex  1.659966e+002  5.152824e+001  1.000000e+001
    endloop
  endfacet
  facet normal  0.000000e+000  0.000000e+000  1.000000e+000
    outer loop
      vertex  1.326000e+002  5.000000e+001  1.000000e+001
      vertex  1.659966e+002  5.152824e+001  1.000000e+001
      vertex  1.321034e+002  5.152824e+001  1.000000e+001
    endloop
  endfacet
  facet normal  0.000000e+000  0.000000e+000  1.000000e+000
    outer loop
      vertex  1.321034e+002  5.152824e+001  1.000000e+001
      vertex  1.659966e+002  5.152824e+001  1.000000e+001
      vertex  1.672966e+002  5.247275e+001  1.000000e+001
    endloop
  endfacet
  facet normal  0.000000e+000  0.000000e+000  1.000000e+000
    outer loop
      vertex  1.321034e+002  5.152824e+001  1.000000e+001
      vertex  1.672966e+002  5.247275e+001  1.000000e+001
      vertex  1.308035e+002  5.247275e+001  1.000000e+001
    endloop
  endfacet
  facet normal  0.000000e+000  0.000000e+000  1.000000e+000
    outer loop
      vertex  1.672966e+002  5.247275e+001  1.000000e+001
      vertex  1.672966e+002  1.018833e+002  1.000000e+001
      vertex  1.308035e+002  1.018833e+002  1.000000e+001
    endloop
  endfacet
  facet normal  0.000000e+000  0.000000e+000  1.000000e+000
    outer loop
      vertex  1.308035e+002  1.018833e+002  1.000000e+001
      vertex  1.672966e+002  1.018833e+002  1.000000e+001
      vertex  1.659966e+002  1.028278e+002  1.000000e+001
    endloop
  endfacet
  facet normal  0.000000e+000  0.000000e+000  1.000000e+000
    outer loop
      vertex  1.308035e+002  1.018833e+002  1.000000e+001
      vertex  1.659966e+002  1.028278e+002  1.000000e+001
      vertex  1.321034e+002  1.028278e+002  1.000000e+001
    endloop
  endfacet
  facet normal  0.000000e+000  0.000000e+000  1.000000e+000
    outer loop
      vertex  1.321034e+002  1.028278e+002  1.000000e+001
      vertex  1.659966e+002  1.028278e+002  1.000000e+001
      vertex  1.655000e+002  1.043560e+002  1.000000e+001
    endloop
  endfacet
  facet normal  0.000000e+000  0.000000e+000  1.000000e+000
    outer loop
      vertex  1.321034e+002  1.028278e+002  1.000000e+001
      vertex  1.655000e+002  1.043560e+002  1.000000e+001
      vertex  1.326000e+002  1.043560e+002  1.000000e+001
    endloop
  endfacet
  facet normal  0.000000e+000  0.000000e+000  1.000000e+000
    outer loop
      vertex  1.326000e+002  1.043560e+002  1.000000e+001
      vertex  1.655000e+002  1.043560e+002  1.000000e+001
      vertex  1.659966e+002  1.058842e+002  1.000000e+001
    endloop
  endfacet
  facet normal  0.000000e+000  0.000000e+000  1.000000e+000
    outer loop
      vertex  1.326000e+002  1.043560e+002  1.000000e+001
      vertex  1.659966e+002  1.058842e+002  1.000000e+001
      vertex  1.321034e+002  1.058842e+002  1.000000e+001
    endloop
  endfacet
  facet normal  0.000000e+000  0.000000e+000  1.000000e+000
    outer loop
      vertex  1.321034e+002  1.058842e+002  1.000000e+001
      vertex  1.659966e+002  1.058842e+002  1.000000e+001
      vertex  1.672966e+002  1.068288e+002  1.000000e+001
    endloop
  endfacet
  facet normal  0.000000e+000  0.000000e+000  1.000000e+000
    outer loop
      vertex  1.321034e+002  1.058842e+002  1.000000e+001
      vertex  1.672966e+002  1.068288e+002  1.000000e+001
      vertex  1.308035e+002  1.068288e+002  1.000000e+001
    endloop
  endfacet
  facet normal  3.826823e-001  9.238801e-001  0.000000e+000
    outer loop
      vertex  1.900000e+001  2.000000e+001  1.100000e+001
      vertex  1.900000e+001  2.000000e+001  3.900000e+001
      vertex  1.970711e+001  1.970711e+001  1.100000e+001
    endloop
  endfacet
  facet normal  3.826823e-001  9.238801e-001  -0.000000e+000
    outer loop
      vertex  1.970711e+001  1.970711e+001  1.100000e+001
      vertex  1.900000e+001  2.000000e+001  3.900000e+001
      vertex  1.970711e+001  1.970711e+001  3.900000e+001
    endloop
  endfacet
  facet normal  9.238801e-001  3.826823e-001  0.000000e+000
    outer loop
      vertex  1.970711e+001  1.970711e+001  1.100000e+001
      vertex  1.970711e+001  1.970711e+001  3.900000e+001
      vertex  2.000000e+001  1.900000e+001  1.100000e+001
    endloop
  endfacet
  facet normal  9.238801e-001  3.826823e-001  -0.000000e+000
    outer loop
      vertex  2.000000e+001  1.900000e+001  1.100000e+001
      vertex  1.970711e+001  1.970711e+001  3.900000e+001
      vertex  2.000000e+001  1.900000e+001  3.900000e+001
    endloop
  endfacet
  facet normal -3.826827e-001  9.238798e-001  0.000000e+000
    outer loop
      vertex  1.100000e+001  2.000000e+001  3.900000e+001
      vertex  1.100000e+001  2.000000e+001  1.100000e+001
      vertex  1.029289e+001  1.970711e+001  3.900000e+001
    endloop
  endfacet
  facet normal -3.826827e-001  9.238798e-001  0.000000e+000
    outer loop
      vertex  1.029289e+001  1.970711e+001  3.900000e+001
      vertex  1.100000e+001  2.000000e+001  1.100000e+001
      vertex  1.029289e+001  1.970711e+001  1.100000e+001
    endloop
  endfacet
  facet normal -9.238796e-001  3.826833e-001  0.000000e+000
    outer loop
      vertex  1.029289e+001  1.970711e+001  3.900000e+001
      vertex  1.029289e+001  1.970711e+001  1.100000e+001
      vertex  1.000000e+001  1.900000e+001  3.900000e+001
    endloop
  endfacet
  facet normal -9.238796e-001  3.826833e-001  0.000000e+000
    outer loop
      vertex  1.000000e+001  1.900000e+001  3.900000e+001
      vertex  1.029289e+001  1.970711e+001  1.100000e+001
      vertex  1.000000e+001  1.900000e+001  1.100000e+001
    endloop
  endfacet
  facet normal  0.000000e+000  1.000000e+000  0.000000e+000
    outer loop
      vertex  1.100000e+001  2.000000e+001  3.900000e+001
      vertex  1.900000e+001  2.000000e+001  3.900000e+001
      vertex  1.100000e+001  2.000000e+001  1.100000e+001
    endloop
  endfacet
  facet normal  0.000000e+000  1.000000e+000  0.000000e+000
    outer loop
      vertex  1.100000e+001  2.000000e+001  1.100000e+001
      vertex  1.900000e+001  2.000000e+001  3.900000e+001
      vertex  1.900000e+001  2.000000e+001  1.100000e+001
    endloop
  endfacet
  facet normal -3.806876e-001  1.020050e-001  9.190603e-001
    outer loop
      vertex  9.707107e+000  1.900000e+001  1.029289e+001
      vertex  9.880322e+000  1.964645e+001  1.029289e+001
      vertex  9.000000e+000  1.900000e+001  1.000000e+001
    endloop
  endfacet
  facet normal -4.246490e-001  1.758956e-001  8.881069e-001
    outer loop
      vertex  9.880322e+000  1.964645e+001  1.029289e+001
      vertex  9.585787e+000  2.041421e+001  1.000000e+001
      vertex  9.000000e+000  1.900000e+001  1.000000e+001
    endloop
  endfacet
  facet normal -1.758956e-001  4.246490e-001  8.881069e-001
    outer loop
      vertex  9.585787e+000  2.041421e+001  1.000000e+001
      vertex  1.035355e+001  2.011968e+001  1.029289e+001
      vertex  1.100000e+001  2.100000e+001  1.000000e+001
    endloop
  endfacet
  facet normal -1.020044e-001  3.806872e-001  9.190606e-001
    outer loop
      vertex  1.035355e+001  2.011968e+001  1.029289e+001
      vertex  1.100000e+001  2.029289e+001  1.029289e+001
      vertex  1.100000e+001  2.100000e+001  1.000000e+001
    endloop
  endfacet
  facet normal -2.402983e-001  8.968093e-001  3.714697e-001
    outer loop
      vertex  1.100000e+001  2.029289e+001  1.029289e+001
      vertex  1.035355e+001  2.011968e+001  1.029289e+001
      vertex  1.100000e+001  2.000000e+001  1.100000e+001
    endloop
  endfacet
  facet normal -3.414279e-001  8.242819e-001  4.516484e-001
    outer loop
      vertex  1.035355e+001  2.011968e+001  1.029289e+001
      vertex  1.029289e+001  1.970711e+001  1.100000e+001
      vertex  1.100000e+001  2.000000e+001  1.100000e+001
    endloop
  endfacet
  facet normal -8.242816e-001  3.414284e-001  4.516489e-001
    outer loop
      vertex  1.029289e+001  1.970711e+001  1.100000e+001
      vertex  9.880322e+000  1.964645e+001  1.029289e+001
      vertex  1.000000e+001  1.900000e+001  1.100000e+001
    endloop
  endfacet
  facet normal -8.968087e-001  2.402994e-001  3.714707e-001
    outer loop
      vertex  9.880322e+000  1.964645e+001  1.029289e+001
      vertex  9.707107e+000  1.900000e+001  1.029289e+001
      vertex  1.000000e+001  1.900000e+001  1.100000e+001
    endloop
  endfacet
  facet normal -2.568788e-001  2.568788e-001  9.316795e-001
    outer loop
      vertex  9.880322e+000  1.964645e+001  1.029289e+001
      vertex  1.035355e+001  2.011968e+001  1.029289e+001
      vertex  9.585787e+000  2.041421e+001  1.000000e+001
    endloop
  endfacet
  facet normal -6.670103e-001  6.670103e-001  3.319556e-001
    outer loop
      vertex  9.880322e+000  1.964645e+001  1.029289e+001
      vertex  1.029289e+001  1.970711e+001  1.100000e+001
      vertex  1.035355e+001  2.011968e+001  1.029289e+001
    endloop
  endfacet
  facet normal -3.826837e-001  0.000000e+000  9.238794e-001
    outer loop
      vertex  9.000000e+000  1.100000e+001  1.000000e+001
      vertex  9.707107e+000  1.100000e+001  1.029289e+001
      vertex  9.000000e+000  1.900000e+001  1.000000e+001
    endloop
  endfacet
  facet normal -3.826837e-001  0.000000e+000  9.238794e-001
    outer loop
      vertex  9.000000e+000  1.900000e+001  1.000000e+001
      vertex  9.707107e+000  1.100000e+001  1.029289e+001
      vertex  9.707107e+000  1.900000e+001  1.029289e+001
    endloop
  endfacet
  facet normal -9.238794e-001  0.000000e+000  3.826837e-001
    outer loop
      vertex  9.707107e+000  1.100000e+001  1.029289e+001
      vertex  1.000000e+001  1.100000e+001  1.100000e+001
      vertex  9.707107e+000  1.900000e+001  1.029289e+001
    endloop
  endfacet
  facet normal -9.238794e-001  0.000000e+000  3.826837e-001
    outer loop
      vertex  9.707107e+000  1.900000e+001  1.029289e+001
      vertex  1.000000e+001  1.100000e+001  1.100000e+001
      vertex  1.000000e+001  1.900000e+001  1.100000e+001
    endloop
  endfacet
  facet normal -1.020050e-001 -3.806876e-001  9.190603e-001
    outer loop
      vertex  1.100000e+001  9.707107e+000  1.029289e+001
      vertex  1.035355e+001  9.880322e+000  1.029289e+001
      vertex  1.100000e+001  9.000000e+000  1.000000e+001
    endloop
  endfacet
  facet normal -1.758956e-001 -4.246490e-001  8.881069e-001
    outer loop
      vertex  1.035355e+001  9.880322e+000  1.029289e+001
      vertex  9.585787e+000  9.585787e+000  1.000000e+001
      vertex  1.100000e+001  9.000000e+000  1.000000e+001
    endloop
  endfacet
  facet normal -4.246490e-001 -1.758956e-001  8.881069e-001
    outer loop
      vertex  9.585787e+000  9.585787e+000  1.000000e+001
      vertex  9.880322e+000  1.035355e+001  1.029289e+001
      vertex  9.000000e+000  1.100000e+001  1.000000e+001
    endloop
  endfacet
  facet normal -3.806876e-001 -1.020050e-001  9.190603e-001
    outer loop
      vertex  9.880322e+000  1.035355e+001  1.029289e+001
      vertex  9.707107e+000  1.100000e+001  1.029289e+001
      vertex  9.000000e+000  1.100000e+001  1.000000e+001
    endloop
  endfacet
  facet normal -8.968087e-001 -2.402994e-001  3.714707e-001
    outer loop
      vertex  9.707107e+000  1.100000e+001  1.029289e+001
      vertex  9.880322e+000  1.035355e+001  1.029289e+001
      vertex  1.000000e+001  1.100000e+001  1.100000e+001
    endloop
  endfacet
  facet normal -8.242812e-001 -3.414288e-001  4.516491e-001
    outer loop
      vertex  9.880322e+000  1.035355e+001  1.029289e+001
      vertex  1.029289e+001  1.029289e+001  1.100000e+001
      vertex  1.000000e+001  1.100000e+001  1.100000e+001
    endloop
  endfacet
  facet normal -3.414288e-001 -8.242812e-001  4.516491e-001
    outer loop
      vertex  1.029289e+001  1.029289e+001  1.100000e+001
      vertex  1.035355e+001  9.880322e+000  1.029289e+001
      vertex  1.100000e+001  1.000000e+001  1.100000e+001
    endloop
  endfacet
  facet normal -2.402994e-001 -8.968087e-001  3.714707e-001
    outer loop
      vertex  1.035355e+001  9.880322e+000  1.029289e+001
      vertex  1.100000e+001  9.707107e+000  1.029289e+001
      vertex  1.100000e+001  1.000000e+001  1.100000e+001
    endloop
  endfacet
  facet normal -2.568788e-001 -2.568788e-001  9.316795e-001
    outer loop
      vertex  1.035355e+001  9.880322e+000  1.029289e+001
      vertex  9.880322e+000  1.035355e+001  1.029289e+001
      vertex  9.585787e+000  9.585787e+000  1.000000e+001
    endloop
  endfacet
  facet normal -6.670101e-001 -6.670101e-001  3.319564e-001
    outer loop
      vertex  1.035355e+001  9.880322e+000  1.029289e+001
      vertex  1.029289e+001  1.029289e+001  1.100000e+001
      vertex  9.880322e+000  1.035355e+001  1.029289e+001
    endloop
  endfacet
  facet normal  0.000000e+000 -9.238794e-001  3.826837e-001
    outer loop
      vertex  1.100000e+001  1.000000e+001  1.100000e+001
      vertex  1.100000e+001  9.707107e+000  1.029289e+001
      vertex  1.900000e+001  1.000000e+001  1.100000e+001
    endloop
  endfacet
  facet normal  0.000000e+000 -9.238794e-001  3.826837e-001
    outer loop
      vertex  1.900000e+001  1.000000e+001  1.100000e+001
      vertex  1.100000e+001  9.707107e+000  1.029289e+001
      vertex  1.900000e+001  9.707107e+000  1.029289e+001
    endloop
  endfacet
  facet normal  0.000000e+000 -3.826837e-001  9.238794e-001
    outer loop
      vertex  1.100000e+001  9.707107e+000  1.029289e+001
      vertex  1.100000e+001  9.000000e+000  1.000000e+001
      vertex  1.900000e+001  9.707107e+000  1.029289e+001
    endloop
  endfacet
  facet normal  0.000000e+000 -3.826837e-001  9.238794e-001
    outer loop
      vertex  1.900000e+001  9.707107e+000  1.029289e+001
      vertex  1.100000e+001  9.000000e+000  1.000000e+001
      vertex  1.900000e+001  9.000000e+000  1.000000e+001
    endloop
  endfacet
  facet normal  3.806872e-001 -1.020044e-001  9.190606e-001
    outer loop
      vertex  2.029289e+001  1.100000e+001  1.029289e+001
      vertex  2.011968e+001  1.035355e+001  1.029289e+001
      vertex  2.100000e+001  1.100000e+001  1.000000e+001
    endloop
  endfacet
  facet normal  4.246490e-001 -1.758956e-001  8.881069e-001
    outer loop
      vertex  2.011968e+001  1.035355e+001  1.029289e+001
      vertex  2.041421e+001  9.585787e+000  1.000000e+001
      vertex  2.100000e+001  1.100000e+001  1.000000e+001
    endloop
  endfacet
  facet normal  1.758956e-001 -4.246490e-001  8.881069e-001
    outer loop
      vertex  2.041421e+001  9.585787e+000  1.000000e+001
      vertex  1.964645e+001  9.880322e+000  1.029289e+001
      vertex  1.900000e+001  9.000000e+000  1.000000e+001
    endloop
  endfacet
  facet normal  1.020050e-001 -3.806876e-001  9.190603e-001
    outer loop
      vertex  1.964645e+001  9.880322e+000  1.029289e+001
      vertex  1.900000e+001  9.707107e+000  1.029289e+001
      vertex  1.900000e+001  9.000000e+000  1.000000e+001
    endloop
  endfacet
  facet normal  2.402994e-001 -8.968087e-001  3.714707e-001
    outer loop
      vertex  1.900000e+001  9.707107e+000  1.029289e+001
      vertex  1.964645e+001  9.880322e+000  1.029289e+001
      vertex  1.900000e+001  1.000000e+001  1.100000e+001
    endloop
  endfacet
  facet normal  3.414284e-001 -8.242816e-001  4.516489e-001
    outer loop
      vertex  1.964645e+001  9.880322e+000  1.029289e+001
      vertex  1.970711e+001  1.029289e+001  1.100000e+001
      vertex  1.900000e+001  1.000000e+001  1.100000e+001
    endloop
  endfacet
  facet normal  8.242819e-001 -3.414279e-001  4.516484e-001
    outer loop
      vertex  1.970711e+001  1.029289e+001  1.100000e+001
      vertex  2.011968e+001  1.035355e+001  1.029289e+001
      vertex  2.000000e+001  1.100000e+001  1.100000e+001
    endloop
  endfacet
  facet normal  8.968093e-001 -2.402983e-001  3.714697e-001
    outer loop
      vertex  2.011968e+001  1.035355e+001  1.029289e+001
      vertex  2.029289e+001  1.100000e+001  1.029289e+001
      vertex  2.000000e+001  1.100000e+001  1.100000e+001
    endloop
  endfacet
  facet normal  2.568788e-001 -2.568788e-001  9.316795e-001
    outer loop
      vertex  2.011968e+001  1.035355e+001  1.029289e+001
      vertex  1.964645e+001  9.880322e+000  1.029289e+001
      vertex  2.041421e+001  9.585787e+000  1.000000e+001
    endloop
  endfacet
  facet normal  6.670103e-001 -6.670103e-001  3.319556e-001
    outer loop
      vertex  2.011968e+001  1.035355e+001  1.029289e+001
      vertex  1.970711e+001  1.029289e+001  1.100000e+001
      vertex  1.964645e+001  9.880322e+000  1.029289e+001
    endloop
  endfacet
  facet normal  3.826833e-001  0.000000e+000  9.238796e-001
    outer loop
      vertex  2.100000e+001  1.900000e+001  1.000000e+001
      vertex  2.029289e+001  1.900000e+001  1.029289e+001
      vertex  2.100000e+001  1.100000e+001  1.000000e+001
    endloop
  endfacet
  facet normal  3.826833e-001  0.000000e+000  9.238796e-001
    outer loop
      vertex  2.100000e+001  1.100000e+001  1.000000e+001
      vertex  2.029289e+001  1.900000e+001  1.029289e+001
      vertex  2.029289e+001  1.100000e+001  1.029289e+001
    endloop
  endfacet
  facet normal  9.238798e-001  0.000000e+000  3.826827e-001
    outer loop
      vertex  2.029289e+001  1.900000e+001  1.029289e+001
      vertex  2.000000e+001  1.900000e+001  1.100000e+001
      vertex  2.029289e+001  1.100000e+001  1.029289e+001
    endloop
  endfacet
  facet normal  9.238798e-001  0.000000e+000  3.826827e-001
    outer loop
      vertex  2.029289e+001  1.100000e+001  1.029289e+001
      vertex  2.000000e+001  1.900000e+001  1.100000e+001
      vertex  2.000000e+001  1.100000e+001  1.100000e+001
    endloop
  endfacet
  facet normal  1.020044e-001  3.806872e-001  9.190606e-001
    outer loop
      vertex  1.900000e+001  2.029289e+001  1.029289e+001
      vertex  1.964645e+001  2.011968e+001  1.029289e+001
      vertex  1.900000e+001  2.100000e+001  1.000000e+001
    endloop
  endfacet
  facet normal  1.758956e-001  4.246490e-001  8.881069e-001
    outer loop
      vertex  1.964645e+001  2.011968e+001  1.029289e+001
      vertex  2.041421e+001  2.041421e+001  1.000000e+001
      vertex  1.900000e+001  2.100000e+001  1.000000e+001
    endloop
  endfacet
  facet normal  4.246490e-001  1.758956e-001  8.881069e-001
    outer loop
      vertex  2.041421e+001  2.041421e+001  1.000000e+001
      vertex  2.011968e+001  1.964645e+001  1.029289e+001
      vertex  2.100000e+001  1.900000e+001  1.000000e+001
    endloop
  endfacet
  facet normal  3.806872e-001  1.020044e-001  9.190606e-001
    outer loop
      vertex  2.011968e+001  1.964645e+001  1.029289e+001
      vertex  2.029289e+001  1.900000e+001  1.029289e+001
      vertex  2.100000e+001  1.900000e+001  1.000000e+001
    endloop
  endfacet
  facet normal  8.968093e-001  2.402983e-001  3.714697e-001
    outer loop
      vertex  2.029289e+001  1.900000e+001  1.029289e+001
      vertex  2.011968e+001  1.964645e+001  1.029289e+001
      vertex  2.000000e+001  1.900000e+001  1.100000e+001
    endloop
  endfacet
  facet normal  8.242822e-001  3.414276e-001  4.516482e-001
    outer loop
      vertex  2.011968e+001  1.964645e+001  1.029289e+001
      vertex  1.970711e+001  1.970711e+001  1.100000e+001
      vertex  2.000000e+001  1.900000e+001  1.100000e+001
    endloop
  endfacet
  facet normal  3.414276e-001  8.242822e-001  4.516482e-001
    outer loop
      vertex  1.970711e+001  1.970711e+001  1.100000e+001
      vertex  1.964645e+001  2.011968e+001  1.029289e+001
      vertex  1.900000e+001  2.000000e+001  1.100000e+001
    endloop
  endfacet
  facet normal  2.402983e-001  8.968093e-001  3.714697e-001
    outer loop
      vertex  1.964645e+001  2.011968e+001  1.029289e+001
      vertex  1.900000e+001  2.029289e+001  1.029289e+001
      vertex  1.900000e+001  2.000000e+001  1.100000e+001
    endloop
  endfacet
  facet normal  2.568788e-001  2.568788e-001  9.316795e-001
    outer loop
      vertex  1.964645e+001  2.011968e+001  1.029289e+001
      vertex  2.011968e+001  1.964645e+001  1.029289e+001
      vertex  2.041421e+001  2.041421e+001  1.000000e+001
    endloop
  endfacet
  facet normal  6.670105e-001  6.670105e-001  3.319548e-001
    outer loop
      vertex  1.964645e+001  2.011968e+001  1.029289e+001
      vertex  1.970711e+001  1.970711e+001  1.100000e+001
      vertex  2.011968e+001  1.964645e+001  1.029289e+001
    endloop
  endfacet
  facet normal  0.000000e+000  3.826833e-001  9.238796e-001
    outer loop
      vertex  1.100000e+001  2.100000e+001  1.000000e+001
      vertex  1.100000e+001  2.029289e+001  1.029289e+001
      vertex  1.900000e+001  2.100000e+001  1.000000e+001
    endloop
  endfacet
  facet normal  0.000000e+000  3.826833e-001  9.238796e-001
    outer loop
      vertex  1.900000e+001  2.100000e+001  1.000000e+001
      vertex  1.100000e+001  2.029289e+001  1.029289e+001
      vertex  1.900000e+001  2.029289e+001  1.029289e+001
    endloop
  endfacet
  facet normal  0.000000e+000  9.238798e-001  3.826827e-001
    outer loop
      vertex  1.100000e+001  2.029289e+001  1.029289e+001
      vertex  1.100000e+001  2.000000e+001  1.100000e+001
      vertex  1.900000e+001  2.029289e+001  1.029289e+001
    endloop
  endfacet
  facet normal  0.000000e+000  9.238798e-001  3.826827e-001
    outer loop
      vertex  1.900000e+001  2.029289e+001  1.029289e+001
      vertex  1.100000e+001  2.000000e+001  1.100000e+001
      vertex  1.900000e+001  2.000000e+001  1.100000e+001
    endloop
  endfacet
  facet normal -3.826827e-001  0.000000e+000  9.238798e-001
    outer loop
      vertex  1.100000e+001  1.100000e+001  4.000000e+001
      vertex  1.100000e+001  1.900000e+001  4.000000e+001
      vertex  1.029289e+001  1.100000e+001  3.970711e+001
    endloop
  endfacet
  facet normal -3.826827e-001  0.000000e+000  9.238798e-001
    outer loop
      vertex  1.029289e+001  1.100000e+001  3.970711e+001
      vertex  1.100000e+001  1.900000e+001  4.000000e+001
      vertex  1.029289e+001  1.900000e+001  3.970711e+001
    endloop
  endfacet
  facet normal -9.238796e-001  0.000000e+000  3.826833e-001
    outer loop
      vertex  1.029289e+001  1.100000e+001  3.970711e+001
      vertex  1.029289e+001  1.900000e+001  3.970711e+001
      vertex  1.000000e+001  1.100000e+001  3.900000e+001
    endloop
  endfacet
  facet normal -9.238796e-001  0.000000e+000  3.826833e-001
    outer loop
      vertex  1.000000e+001  1.100000e+001  3.900000e+001
      vertex  1.029289e+001  1.900000e+001  3.970711e+001
      vertex  1.000000e+001  1.900000e+001  3.900000e+001
    endloop
  endfacet
  facet normal  0.000000e+000  0.000000e+000  1.000000e+000
    outer loop
      vertex  1.100000e+001  1.100000e+001  4.000000e+001
      vertex  1.900000e+001  1.100000e+001  4.000000e+001
      vertex  1.100000e+001  1.900000e+001  4.000000e+001
    endloop
  endfacet
  facet normal  -0.000000e+000  0.000000e+000  1.000000e+000
    outer loop
      vertex  1.100000e+001  1.900000e+001  4.000000e+001
      vertex  1.900000e+001  1.100000e+001  4.000000e+001
      vertex  1.900000e+001  1.900000e+001  4.000000e+001
    endloop
  endfacet
  facet normal  9.238800e-001  0.000000e+000  3.826822e-001
    outer loop
      vertex  2.000000e+001  1.100000e+001  3.900000e+001
      vertex  2.000000e+001  1.900000e+001  3.900000e+001
      vertex  1.970711e+001  1.100000e+001  3.970711e+001
    endloop
  endfacet
  facet normal  9.238800e-001  -0.000000e+000  3.826822e-001
    outer loop
      vertex  1.970711e+001  1.100000e+001  3.970711e+001
      vertex  2.000000e+001  1.900000e+001  3.900000e+001
      vertex  1.970711e+001  1.900000e+001  3.970711e+001
    endloop
  endfacet
  facet normal  3.826822e-001  0.000000e+000  9.238800e-001
    outer loop
      vertex  1.970711e+001  1.100000e+001  3.970711e+001
      vertex  1.970711e+001  1.900000e+001  3.970711e+001
      vertex  1.900000e+001  1.100000e+001  4.000000e+001
    endloop
  endfacet
  facet normal  3.826822e-001  -0.000000e+000  9.238800e-001
    outer loop
      vertex  1.900000e+001  1.100000e+001  4.000000e+001
      vertex  1.970711e+001  1.900000e+001  3.970711e+001
      vertex  1.900000e+001  1.900000e+001  4.000000e+001
    endloop
  endfacet
  facet normal  1.565585e-001 -9.124870e-001  3.779643e-001
    outer loop
      vertex  1.900000e+001  1.000000e+001  3.900000e+001
      vertex  1.950000e+001  1.029289e+001  3.950000e+001
      vertex  1.900000e+001  1.029289e+001  3.970711e+001
    endloop
  endfacet
  facet normal  3.779643e-001 -9.124870e-001  1.565585e-001
    outer loop
      vertex  1.900000e+001  1.000000e+001  3.900000e+001
      vertex  1.970711e+001  1.029289e+001  3.900000e+001
      vertex  1.950000e+001  1.029289e+001  3.950000e+001
    endloop
  endfacet
  facet normal  8.628560e-001 -3.574058e-001  3.574080e-001
    outer loop
      vertex  1.970711e+001  1.029289e+001  3.900000e+001
      vertex  2.000000e+001  1.100000e+001  3.900000e+001
      vertex  1.950000e+001  1.029289e+001  3.950000e+001
    endloop
  endfacet
  facet normal  8.628563e-001 -3.574078e-001  3.574055e-001
    outer loop
      vertex  1.950000e+001  1.029289e+001  3.950000e+001
      vertex  2.000000e+001  1.100000e+001  3.900000e+001
      vertex  1.970711e+001  1.100000e+001  3.970711e+001
    endloop
  endfacet
  facet normal  3.574077e-001 -3.574081e-001  8.628553e-001
    outer loop
      vertex  1.950000e+001  1.029289e+001  3.950000e+001
      vertex  1.970711e+001  1.100000e+001  3.970711e+001
      vertex  1.900000e+001  1.029289e+001  3.970711e+001
    endloop
  endfacet
  facet normal  3.574057e-001 -3.574062e-001  8.628569e-001
    outer loop
      vertex  1.900000e+001  1.029289e+001  3.970711e+001
      vertex  1.970711e+001  1.100000e+001  3.970711e+001
      vertex  1.900000e+001  1.100000e+001  4.000000e+001
    endloop
  endfacet
  facet normal  0.000000e+000 -9.238796e-001  3.826833e-001
    outer loop
      vertex  1.100000e+001  1.000000e+001  3.900000e+001
      vertex  1.900000e+001  1.000000e+001  3.900000e+001
      vertex  1.100000e+001  1.029289e+001  3.970711e+001
    endloop
  endfacet
  facet normal  0.000000e+000 -9.238796e-001  3.826833e-001
    outer loop
      vertex  1.100000e+001  1.029289e+001  3.970711e+001
      vertex  1.900000e+001  1.000000e+001  3.900000e+001
      vertex  1.900000e+001  1.029289e+001  3.970711e+001
    endloop
  endfacet
  facet normal  0.000000e+000 -3.826827e-001  9.238798e-001
    outer loop
      vertex  1.100000e+001  1.029289e+001  3.970711e+001
      vertex  1.900000e+001  1.029289e+001  3.970711e+001
      vertex  1.100000e+001  1.100000e+001  4.000000e+001
    endloop
  endfacet
  facet normal  0.000000e+000 -3.826827e-001  9.238798e-001
    outer loop
      vertex  1.100000e+001  1.100000e+001  4.000000e+001
      vertex  1.900000e+001  1.029289e+001  3.970711e+001
      vertex  1.900000e+001  1.100000e+001  4.000000e+001
    endloop
  endfacet
  facet normal -3.779648e-001 -9.124869e-001  1.565580e-001
    outer loop
      vertex  1.100000e+001  1.000000e+001  3.900000e+001
      vertex  1.050000e+001  1.029289e+001  3.950000e+001
      vertex  1.029289e+001  1.029289e+001  3.900000e+001
    endloop
  endfacet
  facet normal -1.565585e-001 -9.124870e-001  3.779643e-001
    outer loop
      vertex  1.100000e+001  1.000000e+001  3.900000e+001
      vertex  1.100000e+001  1.029289e+001  3.970711e+001
      vertex  1.050000e+001  1.029289e+001  3.950000e+001
    endloop
  endfacet
  facet normal -3.574080e-001 -3.574058e-001  8.628560e-001
    outer loop
      vertex  1.100000e+001  1.029289e+001  3.970711e+001
      vertex  1.100000e+001  1.100000e+001  4.000000e+001
      vertex  1.050000e+001  1.029289e+001  3.950000e+001
    endloop
  endfacet
  facet normal -3.574059e-001 -3.574074e-001  8.628562e-001
    outer loop
      vertex  1.050000e+001  1.029289e+001  3.950000e+001
      vertex  1.100000e+001  1.100000e+001  4.000000e+001
      vertex  1.029289e+001  1.100000e+001  3.970711e+001
    endloop
  endfacet
  facet normal -8.628563e-001 -3.574069e-001  3.574064e-001
    outer loop
      vertex  1.050000e+001  1.029289e+001  3.950000e+001
      vertex  1.029289e+001  1.100000e+001  3.970711e+001
      vertex  1.029289e+001  1.029289e+001  3.900000e+001
    endloop
  endfacet
  facet normal -8.628561e-001 -3.574070e-001  3.574066e-001
    outer loop
      vertex  1.029289e+001  1.029289e+001  3.900000e+001
      vertex  1.029289e+001  1.100000e+001  3.970711e+001
      vertex  1.000000e+001  1.100000e+001  3.900000e+001
    endloop
  endfacet
  facet normal -1.565581e-001  9.124874e-001  3.779633e-001
    outer loop
      vertex  1.100000e+001  2.000000e+001  3.900000e+001
      vertex  1.050000e+001  1.970711e+001  3.950000e+001
      vertex  1.100000e+001  1.970711e+001  3.970711e+001
    endloop
  endfacet
  facet normal -3.779638e-001  9.124874e-001  1.565576e-001
    outer loop
      vertex  1.100000e+001  2.000000e+001  3.900000e+001
      vertex  1.029289e+001  1.970711e+001  3.900000e+001
      vertex  1.050000e+001  1.970711e+001  3.950000e+001
    endloop
  endfacet
  facet normal -8.628563e-001  3.574066e-001  3.574065e-001
    outer loop
      vertex  1.029289e+001  1.970711e+001  3.900000e+001
      vertex  1.000000e+001  1.900000e+001  3.900000e+001
      vertex  1.050000e+001  1.970711e+001  3.950000e+001
    endloop
  endfacet
  facet normal -8.628563e-001  3.574065e-001  3.574066e-001
    outer loop
      vertex  1.050000e+001  1.970711e+001  3.950000e+001
      vertex  1.000000e+001  1.900000e+001  3.900000e+001
      vertex  1.029289e+001  1.900000e+001  3.970711e+001
    endloop
  endfacet
  facet normal -3.574077e-001  3.574073e-001  8.628555e-001
    outer loop
      vertex  1.050000e+001  1.970711e+001  3.950000e+001
      vertex  1.029289e+001  1.900000e+001  3.970711e+001
      vertex  1.100000e+001  1.970711e+001  3.970711e+001
    endloop
  endfacet
  facet normal -3.574062e-001  3.574057e-001  8.628569e-001
    outer loop
      vertex  1.100000e+001  1.970711e+001  3.970711e+001
      vertex  1.029289e+001  1.900000e+001  3.970711e+001
      vertex  1.100000e+001  1.900000e+001  4.000000e+001
    endloop
  endfacet
  facet normal  0.000000e+000  3.826822e-001  9.238800e-001
    outer loop
      vertex  1.100000e+001  1.900000e+001  4.000000e+001
      vertex  1.900000e+001  1.900000e+001  4.000000e+001
      vertex  1.100000e+001  1.970711e+001  3.970711e+001
    endloop
  endfacet
  facet normal  -0.000000e+000  3.826822e-001  9.238800e-001
    outer loop
      vertex  1.100000e+001  1.970711e+001  3.970711e+001
      vertex  1.900000e+001  1.900000e+001  4.000000e+001
      vertex  1.900000e+001  1.970711e+001  3.970711e+001
    endloop
  endfacet
  facet normal  0.000000e+000  9.238800e-001  3.826822e-001
    outer loop
      vertex  1.100000e+001  1.970711e+001  3.970711e+001
      vertex  1.900000e+001  1.970711e+001  3.970711e+001
      vertex  1.100000e+001  2.000000e+001  3.900000e+001
    endloop
  endfacet
  facet normal  -0.000000e+000  9.238800e-001  3.826822e-001
    outer loop
      vertex  1.100000e+001  2.000000e+001  3.900000e+001
      vertex  1.900000e+001  1.970711e+001  3.970711e+001
      vertex  1.900000e+001  2.000000e+001  3.900000e+001
    endloop
  endfacet
  facet normal  3.779633e-001  9.124874e-001  1.565581e-001
    outer loop
      vertex  1.900000e+001  2.000000e+001  3.900000e+001
      vertex  1.950000e+001  1.970711e+001  3.950000e+001
      vertex  1.970711e+001  1.970711e+001  3.900000e+001
    endloop
  endfacet
  facet normal  1.565581e-001  9.124874e-001  3.779633e-001
    outer loop
      vertex  1.900000e+001  2.000000e+001  3.900000e+001
      vertex  1.900000e+001  1.970711e+001  3.970711e+001
      vertex  1.950000e+001  1.970711e+001  3.950000e+001
    endloop
  endfacet
  facet normal  3.574080e-001  3.574054e-001  8.628561e-001
    outer loop
      vertex  1.900000e+001  1.970711e+001  3.970711e+001
      vertex  1.900000e+001  1.900000e+001  4.000000e+001
      vertex  1.950000e+001  1.970711e+001  3.950000e+001
    endloop
  endfacet
  facet normal  3.574056e-001  3.574074e-001  8.628565e-001
    outer loop
      vertex  1.950000e+001  1.970711e+001  3.950000e+001
      vertex  1.900000e+001  1.900000e+001  4.000000e+001
      vertex  1.970711e+001  1.900000e+001  3.970711e+001
    endloop
  endfacet
  facet normal  8.628554e-001  3.574077e-001  3.574077e-001
    outer loop
      vertex  1.950000e+001  1.970711e+001  3.950000e+001
      vertex  1.970711e+001  1.900000e+001  3.970711e+001
      vertex  1.970711e+001  1.970711e+001  3.900000e+001
    endloop
  endfacet
  facet normal  8.628570e-001  3.574058e-001  3.574058e-001
    outer loop
      vertex  1.970711e+001  1.970711e+001  3.900000e+001
      vertex  1.970711e+001  1.900000e+001  3.970711e+001
      vertex  2.000000e+001  1.900000e+001  3.900000e+001
    endloop
  endfacet
  facet normal  3.826823e-001  9.238801e-001  0.000000e+000
    outer loop
      vertex  1.900000e+001  1.400000e+002  1.100000e+001
      vertex  1.900000e+001  1.400000e+002  3.900000e+001
      vertex  1.970711e+001  1.397071e+002  1.100000e+001
    endloop
  endfacet
  facet normal  3.826823e-001  9.238801e-001  -0.000000e+000
    outer loop
      vertex  1.970711e+001  1.397071e+002  1.100000e+001
      vertex  1.900000e+001  1.400000e+002  3.900000e+001
      vertex  1.970711e+001  1.397071e+002  3.900000e+001
    endloop
  endfacet
  facet normal  9.238801e-001  3.826823e-001  0.000000e+000
    outer loop
      vertex  1.970711e+001  1.397071e+002  1.100000e+001
      vertex  1.970711e+001  1.397071e+002  3.900000e+001
      vertex  2.000000e+001  1.390000e+002  1.100000e+001
    endloop
  endfacet
  facet normal  9.238801e-001  3.826823e-001  -0.000000e+000
    outer loop
      vertex  2.000000e+001  1.390000e+002  1.100000e+001
      vertex  1.970711e+001  1.397071e+002  3.900000e+001
      vertex  2.000000e+001  1.390000e+002  3.900000e+001
    endloop
  endfacet
  facet normal -3.826827e-001  9.238798e-001  0.000000e+000
    outer loop
      vertex  1.100000e+001  1.400000e+002  3.900000e+001
      vertex  1.100000e+001  1.400000e+002  1.100000e+001
      vertex  1.029289e+001  1.397071e+002  3.900000e+001
    endloop
  endfacet
  facet normal -3.826827e-001  9.238798e-001  0.000000e+000
    outer loop
      vertex  1.029289e+001  1.397071e+002  3.900000e+001
      vertex  1.100000e+001  1.400000e+002  1.100000e+001
      vertex  1.029289e+001  1.397071e+002  1.100000e+001
    endloop
  endfacet
  facet normal -9.238796e-001  3.826833e-001  0.000000e+000
    outer loop
      vertex  1.029289e+001  1.397071e+002  3.900000e+001
      vertex  1.029289e+001  1.397071e+002  1.100000e+001
      vertex  1.000000e+001  1.390000e+002  3.900000e+001
    endloop
  endfacet
  facet normal -9.238796e-001  3.826833e-001  0.000000e+000
    outer loop
      vertex  1.000000e+001  1.390000e+002  3.900000e+001
      vertex  1.029289e+001  1.397071e+002  1.100000e+001
      vertex  1.000000e+001  1.390000e+002  1.100000e+001
    endloop
  endfacet
  facet normal -1.000000e+000  0.000000e+000  0.000000e+000
    outer loop
      vertex  1.000000e+001  1.390000e+002  3.900000e+001
      vertex  1.000000e+001  1.390000e+002  1.100000e+001
      vertex  1.000000e+001  1.310000e+002  3.900000e+001
    endloop
  endfacet
  facet normal -1.000000e+000  0.000000e+000  0.000000e+000
    outer loop
      vertex  1.000000e+001  1.310000e+002  3.900000e+001
      vertex  1.000000e+001  1.390000e+002  1.100000e+001
      vertex  1.000000e+001  1.310000e+002  1.100000e+001
    endloop
  endfacet
  facet normal  1.000000e+000  0.000000e+000  0.000000e+000
    outer loop
      vertex  2.000000e+001  1.310000e+002  3.900000e+001
      vertex  2.000000e+001  1.310000e+002  1.100000e+001
      vertex  2.000000e+001  1.390000e+002  3.900000e+001
    endloop
  endfacet
  facet normal  1.000000e+000  0.000000e+000  0.000000e+000
    outer loop
      vertex  2.000000e+001  1.390000e+002  3.900000e+001
      vertex  2.000000e+001  1.310000e+002  1.100000e+001
      vertex  2.000000e+001  1.390000e+002  1.100000e+001
    endloop
  endfacet
  facet normal  0.000000e+000  1.000000e+000  0.000000e+000
    outer loop
      vertex  1.100000e+001  1.400000e+002  3.900000e+001
      vertex  1.900000e+001  1.400000e+002  3.900000e+001
      vertex  1.100000e+001  1.400000e+002  1.100000e+001
    endloop
  endfacet
  facet normal  0.000000e+000  1.000000e+000  0.000000e+000
    outer loop
      vertex  1.100000e+001  1.400000e+002  1.100000e+001
      vertex  1.900000e+001  1.400000e+002  3.900000e+001
      vertex  1.900000e+001  1.400000e+002  1.100000e+001
    endloop
  endfacet
  facet normal -3.826827e-001 -9.238798e-001  -0.000000e+000
    outer loop
      vertex  1.100000e+001  1.300000e+002  1.100000e+001
      vertex  1.100000e+001  1.300000e+002  3.900000e+001
      vertex  1.029289e+001  1.302929e+002  1.100000e+001
    endloop
  endfacet
  facet normal -3.826827e-001 -9.238798e-001  0.000000e+000
    outer loop
      vertex  1.029289e+001  1.302929e+002  1.100000e+001
      vertex  1.100000e+001  1.300000e+002  3.900000e+001
      vertex  1.029289e+001  1.302929e+002  3.900000e+001
    endloop
  endfacet
  facet normal -9.238796e-001 -3.826833e-001  -0.000000e+000
    outer loop
      vertex  1.029289e+001  1.302929e+002  1.100000e+001
      vertex  1.029289e+001  1.302929e+002  3.900000e+001
      vertex  1.000000e+001  1.310000e+002  1.100000e+001
    endloop
  endfacet
  facet normal -9.238796e-001 -3.826833e-001  0.000000e+000
    outer loop
      vertex  1.000000e+001  1.310000e+002  1.100000e+001
      vertex  1.029289e+001  1.302929e+002  3.900000e+001
      vertex  1.000000e+001  1.310000e+002  3.900000e+001
    endloop
  endfacet
  facet normal  3.826823e-001 -9.238801e-001  0.000000e+000
    outer loop
      vertex  1.900000e+001  1.300000e+002  3.900000e+001
      vertex  1.900000e+001  1.300000e+002  1.100000e+001
      vertex  1.970711e+001  1.302929e+002  3.900000e+001
    endloop
  endfacet
  facet normal  3.826823e-001 -9.238801e-001  0.000000e+000
    outer loop
      vertex  1.970711e+001  1.302929e+002  3.900000e+001
      vertex  1.900000e+001  1.300000e+002  1.100000e+001
      vertex  1.970711e+001  1.302929e+002  1.100000e+001
    endloop
  endfacet
  facet normal  9.238801e-001 -3.826823e-001  0.000000e+000
    outer loop
      vertex  1.970711e+001  1.302929e+002  3.900000e+001
      vertex  1.970711e+001  1.302929e+002  1.100000e+001
      vertex  2.000000e+001  1.310000e+002  3.900000e+001
    endloop
  endfacet
  facet normal  9.238801e-001 -3.826823e-001  0.000000e+000
    outer loop
      vertex  2.000000e+001  1.310000e+002  3.900000e+001
      vertex  1.970711e+001  1.302929e+002  1.100000e+001
      vertex  2.000000e+001  1.310000e+002  1.100000e+001
    endloop
  endfacet
  facet normal  0.000000e+000 -1.000000e+000  0.000000e+000
    outer loop
      vertex  1.900000e+001  1.300000e+002  3.900000e+001
      vertex  1.100000e+001  1.300000e+002  3.900000e+001
      vertex  1.900000e+001  1.300000e+002  1.100000e+001
    endloop
  endfacet
  facet normal  0.000000e+000 -1.000000e+000  0.000000e+000
    outer loop
      vertex  1.900000e+001  1.300000e+002  1.100000e+001
      vertex  1.100000e+001  1.300000e+002  3.900000e+001
      vertex  1.100000e+001  1.300000e+002  1.100000e+001
    endloop
  endfacet
  facet normal  3.806872e-001 -1.020032e-001  9.190606e-001
    outer loop
      vertex  2.029289e+001  1.310000e+002  1.029289e+001
      vertex  2.011968e+001  1.303535e+002  1.029289e+001
      vertex  2.100000e+001  1.310000e+002  1.000000e+001
    endloop
  endfacet
  facet normal  4.246506e-001 -1.758960e-001  8.881061e-001
    outer loop
      vertex  2.011968e+001  1.303535e+002  1.029289e+001
      vertex  2.041421e+001  1.295858e+002  1.000000e+001
      vertex  2.100000e+001  1.310000e+002  1.000000e+001
    endloop
  endfacet
  facet normal  1.758939e-001 -4.246465e-001  8.881084e-001
    outer loop
      vertex  2.041421e+001  1.295858e+002  1.000000e+001
      vertex  1.964645e+001  1.298803e+002  1.029289e+001
      vertex  1.900000e+001  1.290000e+002  1.000000e+001
    endloop
  endfacet
  facet normal  1.020066e-001 -3.806871e-001  9.190603e-001
    outer loop
      vertex  1.964645e+001  1.298803e+002  1.029289e+001
      vertex  1.900000e+001  1.297071e+002  1.029289e+001
      vertex  1.900000e+001  1.290000e+002  1.000000e+001
    endloop
  endfacet
  facet normal  2.403032e-001 -8.968082e-001  3.714692e-001
    outer loop
      vertex  1.900000e+001  1.297071e+002  1.029289e+001
      vertex  1.964645e+001  1.298803e+002  1.029289e+001
      vertex  1.900000e+001  1.300000e+002  1.100000e+001
    endloop
  endfacet
  facet normal  3.414283e-001 -8.242838e-001  4.516446e-001
    outer loop
      vertex  1.964645e+001  1.298803e+002  1.029289e+001
      vertex  1.970711e+001  1.302929e+002  1.100000e+001
      vertex  1.900000e+001  1.300000e+002  1.100000e+001
    endloop
  endfacet
  facet normal  8.242808e-001 -3.414270e-001  4.516511e-001
    outer loop
      vertex  1.970711e+001  1.302929e+002  1.100000e+001
      vertex  2.011968e+001  1.303535e+002  1.029289e+001
      vertex  2.000000e+001  1.310000e+002  1.100000e+001
    endloop
  endfacet
  facet normal  8.968099e-001 -2.402956e-001  3.714700e-001
    outer loop
      vertex  2.011968e+001  1.303535e+002  1.029289e+001
      vertex  2.029289e+001  1.310000e+002  1.029289e+001
      vertex  2.000000e+001  1.310000e+002  1.100000e+001
    endloop
  endfacet
  facet normal  2.568757e-001 -2.568819e-001  9.316794e-001
    outer loop
      vertex  2.011968e+001  1.303535e+002  1.029289e+001
      vertex  1.964645e+001  1.298803e+002  1.029289e+001
      vertex  2.041421e+001  1.295858e+002  1.000000e+001
    endloop
  endfacet
  facet normal  6.670021e-001 -6.670182e-001  3.319564e-001
    outer loop
      vertex  2.011968e+001  1.303535e+002  1.029289e+001
      vertex  1.970711e+001  1.302929e+002  1.100000e+001
      vertex  1.964645e+001  1.298803e+002  1.029289e+001
    endloop
  endfacet
  facet normal  3.826833e-001  0.000000e+000  9.238796e-001
    outer loop
      vertex  2.100000e+001  1.390000e+002  1.000000e+001
      vertex  2.029289e+001  1.390000e+002  1.029289e+001
      vertex  2.100000e+001  1.310000e+002  1.000000e+001
    endloop
  endfacet
  facet normal  3.826833e-001  0.000000e+000  9.238796e-001
    outer loop
      vertex  2.100000e+001  1.310000e+002  1.000000e+001
      vertex  2.029289e+001  1.390000e+002  1.029289e+001
      vertex  2.029289e+001  1.310000e+002  1.029289e+001
    endloop
  endfacet
  facet normal  9.238798e-001  0.000000e+000  3.826827e-001
    outer loop
      vertex  2.029289e+001  1.390000e+002  1.029289e+001
      vertex  2.000000e+001  1.390000e+002  1.100000e+001
      vertex  2.029289e+001  1.310000e+002  1.029289e+001
    endloop
  endfacet
  facet normal  9.238798e-001  0.000000e+000  3.826827e-001
    outer loop
      vertex  2.029289e+001  1.310000e+002  1.029289e+001
      vertex  2.000000e+001  1.390000e+002  1.100000e+001
      vertex  2.000000e+001  1.310000e+002  1.100000e+001
    endloop
  endfacet
  facet normal  1.020066e-001  3.806871e-001  9.190603e-001
    outer loop
      vertex  1.900000e+001  1.402929e+002  1.029289e+001
      vertex  1.964645e+001  1.401197e+002  1.029289e+001
      vertex  1.900000e+001  1.410000e+002  1.000000e+001
    endloop
  endfacet
  facet normal  1.758939e-001  4.246465e-001  8.881084e-001
    outer loop
      vertex  1.964645e+001  1.401197e+002  1.029289e+001
      vertex  2.041421e+001  1.404142e+002  1.000000e+001
      vertex  1.900000e+001  1.410000e+002  1.000000e+001
    endloop
  endfacet
  facet normal  4.246506e-001  1.758960e-001  8.881061e-001
    outer loop
      vertex  2.041421e+001  1.404142e+002  1.000000e+001
      vertex  2.011968e+001  1.396465e+002  1.029289e+001
      vertex  2.100000e+001  1.390000e+002  1.000000e+001
    endloop
  endfacet
  facet normal  3.806872e-001  1.020032e-001  9.190606e-001
    outer loop
      vertex  2.011968e+001  1.396465e+002  1.029289e+001
      vertex  2.029289e+001  1.390000e+002  1.029289e+001
      vertex  2.100000e+001  1.390000e+002  1.000000e+001
    endloop
  endfacet
  facet normal  8.968099e-001  2.402956e-001  3.714700e-001
    outer loop
      vertex  2.029289e+001  1.390000e+002  1.029289e+001
      vertex  2.011968e+001  1.396465e+002  1.029289e+001
      vertex  2.000000e+001  1.390000e+002  1.100000e+001
    endloop
  endfacet
  facet normal  8.242808e-001  3.414270e-001  4.516511e-001
    outer loop
      vertex  2.011968e+001  1.396465e+002  1.029289e+001
      vertex  1.970711e+001  1.397071e+002  1.100000e+001
      vertex  2.000000e+001  1.390000e+002  1.100000e+001
    endloop
  endfacet
  facet normal  3.414283e-001  8.242838e-001  4.516446e-001
    outer loop
      vertex  1.970711e+001  1.397071e+002  1.100000e+001
      vertex  1.964645e+001  1.401197e+002  1.029289e+001
      vertex  1.900000e+001  1.400000e+002  1.100000e+001
    endloop
  endfacet
  facet normal  2.403032e-001  8.968082e-001  3.714692e-001
    outer loop
      vertex  1.964645e+001  1.401197e+002  1.029289e+001
      vertex  1.900000e+001  1.402929e+002  1.029289e+001
      vertex  1.900000e+001  1.400000e+002  1.100000e+001
    endloop
  endfacet
  facet normal  2.568757e-001  2.568819e-001  9.316794e-001
    outer loop
      vertex  1.964645e+001  1.401197e+002  1.029289e+001
      vertex  2.011968e+001  1.396465e+002  1.029289e+001
      vertex  2.041421e+001  1.404142e+002  1.000000e+001
    endloop
  endfacet
  facet normal  6.670021e-001  6.670182e-001  3.319564e-001
    outer loop
      vertex  1.964645e+001  1.401197e+002  1.029289e+001
      vertex  1.970711e+001  1.397071e+002  1.100000e+001
      vertex  2.011968e+001  1.396465e+002  1.029289e+001
    endloop
  endfacet
  facet normal  0.000000e+000  9.238798e-001  3.826827e-001
    outer loop
      vertex  1.900000e+001  1.400000e+002  1.100000e+001
      vertex  1.900000e+001  1.402929e+002  1.029289e+001
      vertex  1.100000e+001  1.400000e+002  1.100000e+001
    endloop
  endfacet
  facet normal  0.000000e+000  9.238798e-001  3.826827e-001
    outer loop
      vertex  1.100000e+001  1.400000e+002  1.100000e+001
      vertex  1.900000e+001  1.402929e+002  1.029289e+001
      vertex  1.100000e+001  1.402929e+002  1.029289e+001
    endloop
  endfacet
  facet normal  0.000000e+000  3.826833e-001  9.238796e-001
    outer loop
      vertex  1.900000e+001  1.402929e+002  1.029289e+001
      vertex  1.900000e+001  1.410000e+002  1.000000e+001
      vertex  1.100000e+001  1.402929e+002  1.029289e+001
    endloop
  endfacet
  facet normal  0.000000e+000  3.826833e-001  9.238796e-001
    outer loop
      vertex  1.100000e+001  1.402929e+002  1.029289e+001
      vertex  1.900000e+001  1.410000e+002  1.000000e+001
      vertex  1.100000e+001  1.410000e+002  1.000000e+001
    endloop
  endfacet
  facet normal -3.806877e-001  1.020039e-001  9.190605e-001
    outer loop
      vertex  9.707107e+000  1.390000e+002  1.029289e+001
      vertex  9.880322e+000  1.396465e+002  1.029289e+001
      vertex  9.000000e+000  1.390000e+002  1.000000e+001
    endloop
  endfacet
  facet normal -4.246506e-001  1.758960e-001  8.881061e-001
    outer loop
      vertex  9.880322e+000  1.396465e+002  1.029289e+001
      vertex  9.585787e+000  1.404142e+002  1.000000e+001
      vertex  9.000000e+000  1.390000e+002  1.000000e+001
    endloop
  endfacet
  facet normal -1.758939e-001  4.246465e-001  8.881084e-001
    outer loop
      vertex  9.585787e+000  1.404142e+002  1.000000e+001
      vertex  1.035355e+001  1.401197e+002  1.029289e+001
      vertex  1.100000e+001  1.410000e+002  1.000000e+001
    endloop
  endfacet
  facet normal -1.020066e-001  3.806871e-001  9.190603e-001
    outer loop
      vertex  1.035355e+001  1.401197e+002  1.029289e+001
      vertex  1.100000e+001  1.402929e+002  1.029289e+001
      vertex  1.100000e+001  1.410000e+002  1.000000e+001
    endloop
  endfacet
  facet normal -2.403032e-001  8.968082e-001  3.714692e-001
    outer loop
      vertex  1.100000e+001  1.402929e+002  1.029289e+001
      vertex  1.035355e+001  1.401197e+002  1.029289e+001
      vertex  1.100000e+001  1.400000e+002  1.100000e+001
    endloop
  endfacet
  facet normal -3.414286e-001  8.242836e-001  4.516450e-001
    outer loop
      vertex  1.035355e+001  1.401197e+002  1.029289e+001
      vertex  1.029289e+001  1.397071e+002  1.100000e+001
      vertex  1.100000e+001  1.400000e+002  1.100000e+001
    endloop
  endfacet
  facet normal -8.242802e-001  3.414279e-001  4.516518e-001
    outer loop
      vertex  1.029289e+001  1.397071e+002  1.100000e+001
      vertex  9.880322e+000  1.396465e+002  1.029289e+001
      vertex  1.000000e+001  1.390000e+002  1.100000e+001
    endloop
  endfacet
  facet normal -8.968093e-001  2.402967e-001  3.714709e-001
    outer loop
      vertex  9.880322e+000  1.396465e+002  1.029289e+001
      vertex  9.707107e+000  1.390000e+002  1.029289e+001
      vertex  1.000000e+001  1.390000e+002  1.100000e+001
    endloop
  endfacet
  facet normal -2.568757e-001  2.568819e-001  9.316794e-001
    outer loop
      vertex  9.880322e+000  1.396465e+002  1.029289e+001
      vertex  1.035355e+001  1.401197e+002  1.029289e+001
      vertex  9.585787e+000  1.404142e+002  1.000000e+001
    endloop
  endfacet
  facet normal -6.670018e-001  6.670180e-001  3.319572e-001
    outer loop
      vertex  9.880322e+000  1.396465e+002  1.029289e+001
      vertex  1.029289e+001  1.397071e+002  1.100000e+001
      vertex  1.035355e+001  1.401197e+002  1.029289e+001
    endloop
  endfacet
  facet normal -3.826837e-001  0.000000e+000  9.238794e-001
    outer loop
      vertex  9.000000e+000  1.310000e+002  1.000000e+001
      vertex  9.707107e+000  1.310000e+002  1.029289e+001
      vertex  9.000000e+000  1.390000e+002  1.000000e+001
    endloop
  endfacet
  facet normal -3.826837e-001  0.000000e+000  9.238794e-001
    outer loop
      vertex  9.000000e+000  1.390000e+002  1.000000e+001
      vertex  9.707107e+000  1.310000e+002  1.029289e+001
      vertex  9.707107e+000  1.390000e+002  1.029289e+001
    endloop
  endfacet
  facet normal -9.238794e-001  0.000000e+000  3.826837e-001
    outer loop
      vertex  9.707107e+000  1.310000e+002  1.029289e+001
      vertex  1.000000e+001  1.310000e+002  1.100000e+001
      vertex  9.707107e+000  1.390000e+002  1.029289e+001
    endloop
  endfacet
  facet normal -9.238794e-001  0.000000e+000  3.826837e-001
    outer loop
      vertex  9.707107e+000  1.390000e+002  1.029289e+001
      vertex  1.000000e+001  1.310000e+002  1.100000e+001
      vertex  1.000000e+001  1.390000e+002  1.100000e+001
    endloop
  endfacet
  facet normal -1.020066e-001 -3.806871e-001  9.190603e-001
    outer loop
      vertex  1.100000e+001  1.297071e+002  1.029289e+001
      vertex  1.035355e+001  1.298803e+002  1.029289e+001
      vertex  1.100000e+001  1.290000e+002  1.000000e+001
    endloop
  endfacet
  facet normal -1.758939e-001 -4.246465e-001  8.881084e-001
    outer loop
      vertex  1.035355e+001  1.298803e+002  1.029289e+001
      vertex  9.585787e+000  1.295858e+002  1.000000e+001
      vertex  1.100000e+001  1.290000e+002  1.000000e+001
    endloop
  endfacet
  facet normal -4.246506e-001 -1.758960e-001  8.881061e-001
    outer loop
      vertex  9.585787e+000  1.295858e+002  1.000000e+001
      vertex  9.880322e+000  1.303535e+002  1.029289e+001
      vertex  9.000000e+000  1.310000e+002  1.000000e+001
    endloop
  endfacet
  facet normal -3.806877e-001 -1.020039e-001  9.190605e-001
    outer loop
      vertex  9.880322e+000  1.303535e+002  1.029289e+001
      vertex  9.707107e+000  1.310000e+002  1.029289e+001
      vertex  9.000000e+000  1.310000e+002  1.000000e+001
    endloop
  endfacet
  facet normal -8.968093e-001 -2.402967e-001  3.714709e-001
    outer loop
      vertex  9.707107e+000  1.310000e+002  1.029289e+001
      vertex  9.880322e+000  1.303535e+002  1.029289e+001
      vertex  1.000000e+001  1.310000e+002  1.100000e+001
    endloop
  endfacet
  facet normal -8.242802e-001 -3.414279e-001  4.516518e-001
    outer loop
      vertex  9.880322e+000  1.303535e+002  1.029289e+001
      vertex  1.029289e+001  1.302929e+002  1.100000e+001
      vertex  1.000000e+001  1.310000e+002  1.100000e+001
    endloop
  endfacet
  facet normal -3.414286e-001 -8.242836e-001  4.516450e-001
    outer loop
      vertex  1.029289e+001  1.302929e+002  1.100000e+001
      vertex  1.035355e+001  1.298803e+002  1.029289e+001
      vertex  1.100000e+001  1.300000e+002  1.100000e+001
    endloop
  endfacet
  facet normal -2.403032e-001 -8.968082e-001  3.714692e-001
    outer loop
      vertex  1.035355e+001  1.298803e+002  1.029289e+001
      vertex  1.100000e+001  1.297071e+002  1.029289e+001
      vertex  1.100000e+001  1.300000e+002  1.100000e+001
    endloop
  endfacet
  facet normal -2.568757e-001 -2.568819e-001  9.316794e-001
    outer loop
      vertex  1.035355e+001  1.298803e+002  1.029289e+001
      vertex  9.880322e+000  1.303535e+002  1.029289e+001
      vertex  9.585787e+000  1.295858e+002  1.000000e+001
    endloop
  endfacet
  facet normal -6.670018e-001 -6.670180e-001  3.319572e-001
    outer loop
      vertex  1.035355e+001  1.298803e+002  1.029289e+001
      vertex  1.029289e+001  1.302929e+002  1.100000e+001
      vertex  9.880322e+000  1.303535e+002  1.029289e+001
    endloop
  endfacet
  facet normal  0.000000e+000 -3.826833e-001  9.238796e-001
    outer loop
      vertex  1.900000e+001  1.290000e+002  1.000000e+001
      vertex  1.900000e+001  1.297071e+002  1.029289e+001
      vertex  1.100000e+001  1.290000e+002  1.000000e+001
    endloop
  endfacet
  facet normal  0.000000e+000 -3.826833e-001  9.238796e-001
    outer loop
      vertex  1.100000e+001  1.290000e+002  1.000000e+001
      vertex  1.900000e+001  1.297071e+002  1.029289e+001
      vertex  1.100000e+001  1.297071e+002  1.029289e+001
    endloop
  endfacet
  facet normal  0.000000e+000 -9.238798e-001  3.826827e-001
    outer loop
      vertex  1.900000e+001  1.297071e+002  1.029289e+001
      vertex  1.900000e+001  1.300000e+002  1.100000e+001
      vertex  1.100000e+001  1.297071e+002  1.029289e+001
    endloop
  endfacet
  facet normal  0.000000e+000 -9.238798e-001  3.826827e-001
    outer loop
      vertex  1.100000e+001  1.297071e+002  1.029289e+001
      vertex  1.900000e+001  1.300000e+002  1.100000e+001
      vertex  1.100000e+001  1.300000e+002  1.100000e+001
    endloop
  endfacet
  facet normal -3.826827e-001  0.000000e+000  9.238798e-001
    outer loop
      vertex  1.100000e+001  1.310000e+002  4.000000e+001
      vertex  1.100000e+001  1.390000e+002  4.000000e+001
      vertex  1.029289e+001  1.310000e+002  3.970711e+001
    endloop
  endfacet
  facet normal -3.826827e-001  0.000000e+000  9.238798e-001
    outer loop
      vertex  1.029289e+001  1.310000e+002  3.970711e+001
      vertex  1.100000e+001  1.390000e+002  4.000000e+001
      vertex  1.029289e+001  1.390000e+002  3.970711e+001
    endloop
  endfacet
  facet normal -9.238796e-001  0.000000e+000  3.826833e-001
    outer loop
      vertex  1.029289e+001  1.310000e+002  3.970711e+001
      vertex  1.029289e+001  1.390000e+002  3.970711e+001
      vertex  1.000000e+001  1.310000e+002  3.900000e+001
    endloop
  endfacet
  facet normal -9.238796e-001  0.000000e+000  3.826833e-001
    outer loop
      vertex  1.000000e+001  1.310000e+002  3.900000e+001
      vertex  1.029289e+001  1.390000e+002  3.970711e+001
      vertex  1.000000e+001  1.390000e+002  3.900000e+001
    endloop
  endfacet
  facet normal  0.000000e+000  0.000000e+000  1.000000e+000
    outer loop
      vertex  1.100000e+001  1.310000e+002  4.000000e+001
      vertex  1.900000e+001  1.310000e+002  4.000000e+001
      vertex  1.100000e+001  1.390000e+002  4.000000e+001
    endloop
  endfacet
  facet normal  -0.000000e+000  0.000000e+000  1.000000e+000
    outer loop
      vertex  1.100000e+001  1.390000e+002  4.000000e+001
      vertex  1.900000e+001  1.310000e+002  4.000000e+001
      vertex  1.900000e+001  1.390000e+002  4.000000e+001
    endloop
  endfacet
  facet normal  9.238800e-001  0.000000e+000  3.826822e-001
    outer loop
      vertex  2.000000e+001  1.310000e+002  3.900000e+001
      vertex  2.000000e+001  1.390000e+002  3.900000e+001
      vertex  1.970711e+001  1.310000e+002  3.970711e+001
    endloop
  endfacet
  facet normal  9.238800e-001  -0.000000e+000  3.826822e-001
    outer loop
      vertex  1.970711e+001  1.310000e+002  3.970711e+001
      vertex  2.000000e+001  1.390000e+002  3.900000e+001
      vertex  1.970711e+001  1.390000e+002  3.970711e+001
    endloop
  endfacet
  facet normal  3.826822e-001  0.000000e+000  9.238800e-001
    outer loop
      vertex  1.970711e+001  1.310000e+002  3.970711e+001
      vertex  1.970711e+001  1.390000e+002  3.970711e+001
      vertex  1.900000e+001  1.310000e+002  4.000000e+001
    endloop
  endfacet
  facet normal  3.826822e-001  -0.000000e+000  9.238800e-001
    outer loop
      vertex  1.900000e+001  1.310000e+002  4.000000e+001
      vertex  1.970711e+001  1.390000e+002  3.970711e+001
      vertex  1.900000e+001  1.390000e+002  4.000000e+001
    endloop
  endfacet
  facet normal -1.565581e-001  9.124874e-001  3.779633e-001
    outer loop
      vertex  1.100000e+001  1.400000e+002  3.900000e+001
      vertex  1.050000e+001  1.397071e+002  3.950000e+001
      vertex  1.100000e+001  1.397071e+002  3.970711e+001
    endloop
  endfacet
  facet normal -3.779638e-001  9.124874e-001  1.565576e-001
    outer loop
      vertex  1.100000e+001  1.400000e+002  3.900000e+001
      vertex  1.029289e+001  1.397071e+002  3.900000e+001
      vertex  1.050000e+001  1.397071e+002  3.950000e+001
    endloop
  endfacet
  facet normal -8.628563e-001  3.574066e-001  3.574065e-001
    outer loop
      vertex  1.029289e+001  1.397071e+002  3.900000e+001
      vertex  1.000000e+001  1.390000e+002  3.900000e+001
      vertex  1.050000e+001  1.397071e+002  3.950000e+001
    endloop
  endfacet
  facet normal -8.628563e-001  3.574065e-001  3.574066e-001
    outer loop
      vertex  1.050000e+001  1.397071e+002  3.950000e+001
      vertex  1.000000e+001  1.390000e+002  3.900000e+001
      vertex  1.029289e+001  1.390000e+002  3.970711e+001
    endloop
  endfacet
  facet normal -3.574077e-001  3.574073e-001  8.628555e-001
    outer loop
      vertex  1.050000e+001  1.397071e+002  3.950000e+001
      vertex  1.029289e+001  1.390000e+002  3.970711e+001
      vertex  1.100000e+001  1.397071e+002  3.970711e+001
    endloop
  endfacet
  facet normal -3.574062e-001  3.574057e-001  8.628569e-001
    outer loop
      vertex  1.100000e+001  1.397071e+002  3.970711e+001
      vertex  1.029289e+001  1.390000e+002  3.970711e+001
      vertex  1.100000e+001  1.390000e+002  4.000000e+001
    endloop
  endfacet
  facet normal  0.000000e+000  3.826822e-001  9.238800e-001
    outer loop
      vertex  1.100000e+001  1.390000e+002  4.000000e+001
      vertex  1.900000e+001  1.390000e+002  4.000000e+001
      vertex  1.100000e+001  1.397071e+002  3.970711e+001
    endloop
  endfacet
  facet normal  -0.000000e+000  3.826822e-001  9.238800e-001
    outer loop
      vertex  1.100000e+001  1.397071e+002  3.970711e+001
      vertex  1.900000e+001  1.390000e+002  4.000000e+001
      vertex  1.900000e+001  1.397071e+002  3.970711e+001
    endloop
  endfacet
  facet normal  0.000000e+000  9.238800e-001  3.826822e-001
    outer loop
      vertex  1.100000e+001  1.397071e+002  3.970711e+001
      vertex  1.900000e+001  1.397071e+002  3.970711e+001
      vertex  1.100000e+001  1.400000e+002  3.900000e+001
    endloop
  endfacet
  facet normal  -0.000000e+000  9.238800e-001  3.826822e-001
    outer loop
      vertex  1.100000e+001  1.400000e+002  3.900000e+001
      vertex  1.900000e+001  1.397071e+002  3.970711e+001
      vertex  1.900000e+001  1.400000e+002  3.900000e+001
    endloop
  endfacet
  facet normal  3.779633e-001  9.124874e-001  1.565581e-001
    outer loop
      vertex  1.900000e+001  1.400000e+002  3.900000e+001
      vertex  1.950000e+001  1.397071e+002  3.950000e+001
      vertex  1.970711e+001  1.397071e+002  3.900000e+001
    endloop
  endfacet
  facet normal  1.565581e-001  9.124874e-001  3.779633e-001
    outer loop
      vertex  1.900000e+001  1.400000e+002  3.900000e+001
      vertex  1.900000e+001  1.397071e+002  3.970711e+001
      vertex  1.950000e+001  1.397071e+002  3.950000e+001
    endloop
  endfacet
  facet normal  3.574080e-001  3.574054e-001  8.628561e-001
    outer loop
      vertex  1.900000e+001  1.397071e+002  3.970711e+001
      vertex  1.900000e+001  1.390000e+002  4.000000e+001
      vertex  1.950000e+001  1.397071e+002  3.950000e+001
    endloop
  endfacet
  facet normal  3.574056e-001  3.574074e-001  8.628565e-001
    outer loop
      vertex  1.950000e+001  1.397071e+002  3.950000e+001
      vertex  1.900000e+001  1.390000e+002  4.000000e+001
      vertex  1.970711e+001  1.390000e+002  3.970711e+001
    endloop
  endfacet
  facet normal  8.628554e-001  3.574077e-001  3.574077e-001
    outer loop
      vertex  1.950000e+001  1.397071e+002  3.950000e+001
      vertex  1.970711e+001  1.390000e+002  3.970711e+001
      vertex  1.970711e+001  1.397071e+002  3.900000e+001
    endloop
  endfacet
  facet normal  8.628570e-001  3.574058e-001  3.574058e-001
    outer loop
      vertex  1.970711e+001  1.397071e+002  3.900000e+001
      vertex  1.970711e+001  1.390000e+002  3.970711e+001
      vertex  2.000000e+001  1.390000e+002  3.900000e+001
    endloop
  endfacet
  facet normal  1.565581e-001 -9.124874e-001  3.779633e-001
    outer loop
      vertex  1.900000e+001  1.300000e+002  3.900000e+001
      vertex  1.950000e+001  1.302929e+002  3.950000e+001
      vertex  1.900000e+001  1.302929e+002  3.970711e+001
    endloop
  endfacet
  facet normal  3.779633e-001 -9.124874e-001  1.565581e-001
    outer loop
      vertex  1.900000e+001  1.300000e+002  3.900000e+001
      vertex  1.970711e+001  1.302929e+002  3.900000e+001
      vertex  1.950000e+001  1.302929e+002  3.950000e+001
    endloop
  endfacet
  facet normal  8.628561e-001 -3.574054e-001  3.574080e-001
    outer loop
      vertex  1.970711e+001  1.302929e+002  3.900000e+001
      vertex  2.000000e+001  1.310000e+002  3.900000e+001
      vertex  1.950000e+001  1.302929e+002  3.950000e+001
    endloop
  endfacet
  facet normal  8.628565e-001 -3.574074e-001  3.574056e-001
    outer loop
      vertex  1.950000e+001  1.302929e+002  3.950000e+001
      vertex  2.000000e+001  1.310000e+002  3.900000e+001
      vertex  1.970711e+001  1.310000e+002  3.970711e+001
    endloop
  endfacet
  facet normal  3.574077e-001 -3.574077e-001  8.628554e-001
    outer loop
      vertex  1.950000e+001  1.302929e+002  3.950000e+001
      vertex  1.970711e+001  1.310000e+002  3.970711e+001
      vertex  1.900000e+001  1.302929e+002  3.970711e+001
    endloop
  endfacet
  facet normal  3.574058e-001 -3.574058e-001  8.628570e-001
    outer loop
      vertex  1.900000e+001  1.302929e+002  3.970711e+001
      vertex  1.970711e+001  1.310000e+002  3.970711e+001
      vertex  1.900000e+001  1.310000e+002  4.000000e+001
    endloop
  endfacet
  facet normal  0.000000e+000 -9.238800e-001  3.826822e-001
    outer loop
      vertex  1.100000e+001  1.300000e+002  3.900000e+001
      vertex  1.900000e+001  1.300000e+002  3.900000e+001
      vertex  1.100000e+001  1.302929e+002  3.970711e+001
    endloop
  endfacet
  facet normal  0.000000e+000 -9.238800e-001  3.826822e-001
    outer loop
      vertex  1.100000e+001  1.302929e+002  3.970711e+001
      vertex  1.900000e+001  1.300000e+002  3.900000e+001
      vertex  1.900000e+001  1.302929e+002  3.970711e+001
    endloop
  endfacet
  facet normal  0.000000e+000 -3.826822e-001  9.238800e-001
    outer loop
      vertex  1.100000e+001  1.302929e+002  3.970711e+001
      vertex  1.900000e+001  1.302929e+002  3.970711e+001
      vertex  1.100000e+001  1.310000e+002  4.000000e+001
    endloop
  endfacet
  facet normal  0.000000e+000 -3.826822e-001  9.238800e-001
    outer loop
      vertex  1.100000e+001  1.310000e+002  4.000000e+001
      vertex  1.900000e+001  1.302929e+002  3.970711e+001
      vertex  1.900000e+001  1.310000e+002  4.000000e+001
    endloop
  endfacet
  facet normal -3.779638e-001 -9.124874e-001  1.565576e-001
    outer loop
      vertex  1.100000e+001  1.300000e+002  3.900000e+001
      vertex  1.050000e+001  1.302929e+002  3.950000e+001
      vertex  1.029289e+001  1.302929e+002  3.900000e+001
    endloop
  endfacet
  facet normal -1.565581e-001 -9.124874e-001  3.779633e-001
    outer loop
      vertex  1.100000e+001  1.300000e+002  3.900000e+001
      vertex  1.100000e+001  1.302929e+002  3.970711e+001
      vertex  1.050000e+001  1.302929e+002  3.950000e+001
    endloop
  endfacet
  facet normal -3.574080e-001 -3.574054e-001  8.628561e-001
    outer loop
      vertex  1.100000e+001  1.302929e+002  3.970711e+001
      vertex  1.100000e+001  1.310000e+002  4.000000e+001
      vertex  1.050000e+001  1.302929e+002  3.950000e+001
    endloop
  endfacet
  facet normal -3.574060e-001 -3.574070e-001  8.628564e-001
    outer loop
      vertex  1.050000e+001  1.302929e+002  3.950000e+001
      vertex  1.100000e+001  1.310000e+002  4.000000e+001
      vertex  1.029289e+001  1.310000e+002  3.970711e+001
    endloop
  endfacet
  facet normal -8.628564e-001 -3.574065e-001  3.574065e-001
    outer loop
      vertex  1.050000e+001  1.302929e+002  3.950000e+001
      vertex  1.029289e+001  1.310000e+002  3.970711e+001
      vertex  1.029289e+001  1.302929e+002  3.900000e+001
    endloop
  endfacet
  facet normal -8.628563e-001 -3.574066e-001  3.574066e-001
    outer loop
      vertex  1.029289e+001  1.302929e+002  3.900000e+001
      vertex  1.029289e+001  1.310000e+002  3.970711e+001
      vertex  1.000000e+001  1.310000e+002  3.900000e+001
    endloop
  endfacet
  facet normal -3.826823e-001 -9.238801e-001  -0.000000e+000
    outer loop
      vertex  1.810000e+002  1.300000e+002  1.100000e+001
      vertex  1.810000e+002  1.300000e+002  3.900000e+001
      vertex  1.802929e+002  1.302929e+002  1.100000e+001
    endloop
  endfacet
  facet normal -3.826823e-001 -9.238801e-001  0.000000e+000
    outer loop
      vertex  1.802929e+002  1.302929e+002  1.100000e+001
      vertex  1.810000e+002  1.300000e+002  3.900000e+001
      vertex  1.802929e+002  1.302929e+002  3.900000e+001
    endloop
  endfacet
  facet normal -9.238801e-001 -3.826823e-001  -0.000000e+000
    outer loop
      vertex  1.802929e+002  1.302929e+002  1.100000e+001
      vertex  1.802929e+002  1.302929e+002  3.900000e+001
      vertex  1.800000e+002  1.310000e+002  1.100000e+001
    endloop
  endfacet
  facet normal -9.238801e-001 -3.826823e-001  0.000000e+000
    outer loop
      vertex  1.800000e+002  1.310000e+002  1.100000e+001
      vertex  1.802929e+002  1.302929e+002  3.900000e+001
      vertex  1.800000e+002  1.310000e+002  3.900000e+001
    endloop
  endfacet
  facet normal  3.826823e-001 -9.238801e-001  0.000000e+000
    outer loop
      vertex  1.890000e+002  1.300000e+002  3.900000e+001
      vertex  1.890000e+002  1.300000e+002  1.100000e+001
      vertex  1.897071e+002  1.302929e+002  3.900000e+001
    endloop
  endfacet
  facet normal  3.826823e-001 -9.238801e-001  0.000000e+000
    outer loop
      vertex  1.897071e+002  1.302929e+002  3.900000e+001
      vertex  1.890000e+002  1.300000e+002  1.100000e+001
      vertex  1.897071e+002  1.302929e+002  1.100000e+001
    endloop
  endfacet
  facet normal  9.238801e-001 -3.826823e-001  0.000000e+000
    outer loop
      vertex  1.897071e+002  1.302929e+002  3.900000e+001
      vertex  1.897071e+002  1.302929e+002  1.100000e+001
      vertex  1.900000e+002  1.310000e+002  3.900000e+001
    endloop
  endfacet
  facet normal  9.238801e-001 -3.826823e-001  0.000000e+000
    outer loop
      vertex  1.900000e+002  1.310000e+002  3.900000e+001
      vertex  1.897071e+002  1.302929e+002  1.100000e+001
      vertex  1.900000e+002  1.310000e+002  1.100000e+001
    endloop
  endfacet
  facet normal -1.000000e+000  0.000000e+000  0.000000e+000
    outer loop
      vertex  1.800000e+002  1.390000e+002  3.900000e+001
      vertex  1.800000e+002  1.390000e+002  1.100000e+001
      vertex  1.800000e+002  1.310000e+002  3.900000e+001
    endloop
  endfacet
  facet normal -1.000000e+000  0.000000e+000  0.000000e+000
    outer loop
      vertex  1.800000e+002  1.310000e+002  3.900000e+001
      vertex  1.800000e+002  1.390000e+002  1.100000e+001
      vertex  1.800000e+002  1.310000e+002  1.100000e+001
    endloop
  endfacet
  facet normal  1.000000e+000  0.000000e+000  0.000000e+000
    outer loop
      vertex  1.900000e+002  1.310000e+002  3.900000e+001
      vertex  1.900000e+002  1.310000e+002  1.100000e+001
      vertex  1.900000e+002  1.390000e+002  3.900000e+001
    endloop
  endfacet
  facet normal  1.000000e+000  0.000000e+000  0.000000e+000
    outer loop
      vertex  1.900000e+002  1.390000e+002  3.900000e+001
      vertex  1.900000e+002  1.310000e+002  1.100000e+001
      vertex  1.900000e+002  1.390000e+002  1.100000e+001
    endloop
  endfacet
  facet normal  0.000000e+000 -1.000000e+000  0.000000e+000
    outer loop
      vertex  1.890000e+002  1.300000e+002  3.900000e+001
      vertex  1.810000e+002  1.300000e+002  3.900000e+001
      vertex  1.890000e+002  1.300000e+002  1.100000e+001
    endloop
  endfacet
  facet normal  0.000000e+000 -1.000000e+000  0.000000e+000
    outer loop
      vertex  1.890000e+002  1.300000e+002  1.100000e+001
      vertex  1.810000e+002  1.300000e+002  3.900000e+001
      vertex  1.810000e+002  1.300000e+002  1.100000e+001
    endloop
  endfacet
  facet normal  3.826823e-001  9.238801e-001  0.000000e+000
    outer loop
      vertex  1.890000e+002  1.400000e+002  1.100000e+001
      vertex  1.890000e+002  1.400000e+002  3.900000e+001
      vertex  1.897071e+002  1.397071e+002  1.100000e+001
    endloop
  endfacet
  facet normal  3.826823e-001  9.238801e-001  -0.000000e+000
    outer loop
      vertex  1.897071e+002  1.397071e+002  1.100000e+001
      vertex  1.890000e+002  1.400000e+002  3.900000e+001
      vertex  1.897071e+002  1.397071e+002  3.900000e+001
    endloop
  endfacet
  facet normal  9.238801e-001  3.826823e-001  0.000000e+000
    outer loop
      vertex  1.897071e+002  1.397071e+002  1.100000e+001
      vertex  1.897071e+002  1.397071e+002  3.900000e+001
      vertex  1.900000e+002  1.390000e+002  1.100000e+001
    endloop
  endfacet
  facet normal  9.238801e-001  3.826823e-001  -0.000000e+000
    outer loop
      vertex  1.900000e+002  1.390000e+002  1.100000e+001
      vertex  1.897071e+002  1.397071e+002  3.900000e+001
      vertex  1.900000e+002  1.390000e+002  3.900000e+001
    endloop
  endfacet
  facet normal -3.826823e-001  9.238801e-001  0.000000e+000
    outer loop
      vertex  1.810000e+002  1.400000e+002  3.900000e+001
      vertex  1.810000e+002  1.400000e+002  1.100000e+001
      vertex  1.802929e+002  1.397071e+002  3.900000e+001
    endloop
  endfacet
  facet normal -3.826823e-001  9.238801e-001  0.000000e+000
    outer loop
      vertex  1.802929e+002  1.397071e+002  3.900000e+001
      vertex  1.810000e+002  1.400000e+002  1.100000e+001
      vertex  1.802929e+002  1.397071e+002  1.100000e+001
    endloop
  endfacet
  facet normal -9.238801e-001  3.826823e-001  0.000000e+000
    outer loop
      vertex  1.802929e+002  1.397071e+002  3.900000e+001
      vertex  1.802929e+002  1.397071e+002  1.100000e+001
      vertex  1.800000e+002  1.390000e+002  3.900000e+001
    endloop
  endfacet
  facet normal -9.238801e-001  3.826823e-001  0.000000e+000
    outer loop
      vertex  1.800000e+002  1.390000e+002  3.900000e+001
      vertex  1.802929e+002  1.397071e+002  1.100000e+001
      vertex  1.800000e+002  1.390000e+002  1.100000e+001
    endloop
  endfacet
  facet normal  0.000000e+000  1.000000e+000  0.000000e+000
    outer loop
      vertex  1.810000e+002  1.400000e+002  3.900000e+001
      vertex  1.890000e+002  1.400000e+002  3.900000e+001
      vertex  1.810000e+002  1.400000e+002  1.100000e+001
    endloop
  endfacet
  facet normal  0.000000e+000  1.000000e+000  0.000000e+000
    outer loop
      vertex  1.810000e+002  1.400000e+002  1.100000e+001
      vertex  1.890000e+002  1.400000e+002  3.900000e+001
      vertex  1.890000e+002  1.400000e+002  1.100000e+001
    endloop
  endfacet
  facet normal -1.020054e-001 -3.806871e-001  9.190604e-001
    outer loop
      vertex  1.810000e+002  1.297071e+002  1.029289e+001
      vertex  1.803535e+002  1.298803e+002  1.029289e+001
      vertex  1.810000e+002  1.290000e+002  1.000000e+001
    endloop
  endfacet
  facet normal -1.758943e-001 -4.246481e-001  8.881077e-001
    outer loop
      vertex  1.803535e+002  1.298803e+002  1.029289e+001
      vertex  1.795858e+002  1.295858e+002  1.000000e+001
      vertex  1.810000e+002  1.290000e+002  1.000000e+001
    endloop
  endfacet
  facet normal -4.246481e-001 -1.758943e-001  8.881077e-001
    outer loop
      vertex  1.795858e+002  1.295858e+002  1.000000e+001
      vertex  1.798803e+002  1.303535e+002  1.029289e+001
      vertex  1.790000e+002  1.310000e+002  1.000000e+001
    endloop
  endfacet
  facet normal -3.806871e-001 -1.020054e-001  9.190604e-001
    outer loop
      vertex  1.798803e+002  1.303535e+002  1.029289e+001
      vertex  1.797071e+002  1.310000e+002  1.029289e+001
      vertex  1.790000e+002  1.310000e+002  1.000000e+001
    endloop
  endfacet
  facet normal -8.968088e-001 -2.403006e-001  3.714695e-001
    outer loop
      vertex  1.797071e+002  1.310000e+002  1.029289e+001
      vertex  1.798803e+002  1.303535e+002  1.029289e+001
      vertex  1.800000e+002  1.310000e+002  1.100000e+001
    endloop
  endfacet
  facet normal -8.242825e-001 -3.414277e-001  4.516476e-001
    outer loop
      vertex  1.798803e+002  1.303535e+002  1.029289e+001
      vertex  1.802929e+002  1.302929e+002  1.100000e+001
      vertex  1.800000e+002  1.310000e+002  1.100000e+001
    endloop
  endfacet
  facet normal -3.414277e-001 -8.242825e-001  4.516476e-001
    outer loop
      vertex  1.802929e+002  1.302929e+002  1.100000e+001
      vertex  1.803535e+002  1.298803e+002  1.029289e+001
      vertex  1.810000e+002  1.300000e+002  1.100000e+001
    endloop
  endfacet
  facet normal -2.403006e-001 -8.968088e-001  3.714695e-001
    outer loop
      vertex  1.803535e+002  1.298803e+002  1.029289e+001
      vertex  1.810000e+002  1.297071e+002  1.029289e+001
      vertex  1.810000e+002  1.300000e+002  1.100000e+001
    endloop
  endfacet
  facet normal -2.568788e-001 -2.568788e-001  9.316794e-001
    outer loop
      vertex  1.803535e+002  1.298803e+002  1.029289e+001
      vertex  1.798803e+002  1.303535e+002  1.029289e+001
      vertex  1.795858e+002  1.295858e+002  1.000000e+001
    endloop
  endfacet
  facet normal -6.670097e-001 -6.670097e-001  3.319580e-001
    outer loop
      vertex  1.803535e+002  1.298803e+002  1.029289e+001
      vertex  1.802929e+002  1.302929e+002  1.100000e+001
      vertex  1.798803e+002  1.303535e+002  1.029289e+001
    endloop
  endfacet
  facet normal  0.000000e+000 -9.238798e-001  3.826827e-001
    outer loop
      vertex  1.810000e+002  1.300000e+002  1.100000e+001
      vertex  1.810000e+002  1.297071e+002  1.029289e+001
      vertex  1.890000e+002  1.300000e+002  1.100000e+001
    endloop
  endfacet
  facet normal  0.000000e+000 -9.238798e-001  3.826827e-001
    outer loop
      vertex  1.890000e+002  1.300000e+002  1.100000e+001
      vertex  1.810000e+002  1.297071e+002  1.029289e+001
      vertex  1.890000e+002  1.297071e+002  1.029289e+001
    endloop
  endfacet
  facet normal  0.000000e+000 -3.826833e-001  9.238796e-001
    outer loop
      vertex  1.810000e+002  1.297071e+002  1.029289e+001
      vertex  1.810000e+002  1.290000e+002  1.000000e+001
      vertex  1.890000e+002  1.297071e+002  1.029289e+001
    endloop
  endfacet
  facet normal  0.000000e+000 -3.826833e-001  9.238796e-001
    outer loop
      vertex  1.890000e+002  1.297071e+002  1.029289e+001
      vertex  1.810000e+002  1.290000e+002  1.000000e+001
      vertex  1.890000e+002  1.290000e+002  1.000000e+001
    endloop
  endfacet
  facet normal  3.806871e-001 -1.020054e-001  9.190604e-001
    outer loop
      vertex  1.902929e+002  1.310000e+002  1.029289e+001
      vertex  1.901197e+002  1.303535e+002  1.029289e+001
      vertex  1.910000e+002  1.310000e+002  1.000000e+001
    endloop
  endfacet
  facet normal  4.246481e-001 -1.758943e-001  8.881077e-001
    outer loop
      vertex  1.901197e+002  1.303535e+002  1.029289e+001
      vertex  1.904142e+002  1.295858e+002  1.000000e+001
      vertex  1.910000e+002  1.310000e+002  1.000000e+001
    endloop
  endfacet
  facet normal  1.758943e-001 -4.246481e-001  8.881077e-001
    outer loop
      vertex  1.904142e+002  1.295858e+002  1.000000e+001
      vertex  1.896465e+002  1.298803e+002  1.029289e+001
      vertex  1.890000e+002  1.290000e+002  1.000000e+001
    endloop
  endfacet
  facet normal  1.020054e-001 -3.806871e-001  9.190604e-001
    outer loop
      vertex  1.896465e+002  1.298803e+002  1.029289e+001
      vertex  1.890000e+002  1.297071e+002  1.029289e+001
      vertex  1.890000e+002  1.290000e+002  1.000000e+001
    endloop
  endfacet
  facet normal  2.403006e-001 -8.968088e-001  3.714695e-001
    outer loop
      vertex  1.890000e+002  1.297071e+002  1.029289e+001
      vertex  1.896465e+002  1.298803e+002  1.029289e+001
      vertex  1.890000e+002  1.300000e+002  1.100000e+001
    endloop
  endfacet
  facet normal  3.414277e-001 -8.242825e-001  4.516476e-001
    outer loop
      vertex  1.896465e+002  1.298803e+002  1.029289e+001
      vertex  1.897071e+002  1.302929e+002  1.100000e+001
      vertex  1.890000e+002  1.300000e+002  1.100000e+001
    endloop
  endfacet
  facet normal  8.242825e-001 -3.414277e-001  4.516476e-001
    outer loop
      vertex  1.897071e+002  1.302929e+002  1.100000e+001
      vertex  1.901197e+002  1.303535e+002  1.029289e+001
      vertex  1.900000e+002  1.310000e+002  1.100000e+001
    endloop
  endfacet
  facet normal  8.968088e-001 -2.403006e-001  3.714695e-001
    outer loop
      vertex  1.901197e+002  1.303535e+002  1.029289e+001
      vertex  1.902929e+002  1.310000e+002  1.029289e+001
      vertex  1.900000e+002  1.310000e+002  1.100000e+001
    endloop
  endfacet
  facet normal  2.568788e-001 -2.568788e-001  9.316794e-001
    outer loop
      vertex  1.901197e+002  1.303535e+002  1.029289e+001
      vertex  1.896465e+002  1.298803e+002  1.029289e+001
      vertex  1.904142e+002  1.295858e+002  1.000000e+001
    endloop
  endfacet
  facet normal  6.670097e-001 -6.670097e-001  3.319580e-001
    outer loop
      vertex  1.901197e+002  1.303535e+002  1.029289e+001
      vertex  1.897071e+002  1.302929e+002  1.100000e+001
      vertex  1.896465e+002  1.298803e+002  1.029289e+001
    endloop
  endfacet
  facet normal  3.826833e-001  0.000000e+000  9.238796e-001
    outer loop
      vertex  1.910000e+002  1.390000e+002  1.000000e+001
      vertex  1.902929e+002  1.390000e+002  1.029289e+001
      vertex  1.910000e+002  1.310000e+002  1.000000e+001
    endloop
  endfacet
  facet normal  3.826833e-001  0.000000e+000  9.238796e-001
    outer loop
      vertex  1.910000e+002  1.310000e+002  1.000000e+001
      vertex  1.902929e+002  1.390000e+002  1.029289e+001
      vertex  1.902929e+002  1.310000e+002  1.029289e+001
    endloop
  endfacet
  facet normal  9.238798e-001  0.000000e+000  3.826827e-001
    outer loop
      vertex  1.902929e+002  1.390000e+002  1.029289e+001
      vertex  1.900000e+002  1.390000e+002  1.100000e+001
      vertex  1.902929e+002  1.310000e+002  1.029289e+001
    endloop
  endfacet
  facet normal  9.238798e-001  0.000000e+000  3.826827e-001
    outer loop
      vertex  1.902929e+002  1.310000e+002  1.029289e+001
      vertex  1.900000e+002  1.390000e+002  1.100000e+001
      vertex  1.900000e+002  1.310000e+002  1.100000e+001
    endloop
  endfacet
  facet normal  1.020054e-001  3.806871e-001  9.190604e-001
    outer loop
      vertex  1.890000e+002  1.402929e+002  1.029289e+001
      vertex  1.896465e+002  1.401197e+002  1.029289e+001
      vertex  1.890000e+002  1.410000e+002  1.000000e+001
    endloop
  endfacet
  facet normal  1.758943e-001  4.246481e-001  8.881077e-001
    outer loop
      vertex  1.896465e+002  1.401197e+002  1.029289e+001
      vertex  1.904142e+002  1.404142e+002  1.000000e+001
      vertex  1.890000e+002  1.410000e+002  1.000000e+001
    endloop
  endfacet
  facet normal  4.246481e-001  1.758943e-001  8.881077e-001
    outer loop
      vertex  1.904142e+002  1.404142e+002  1.000000e+001
      vertex  1.901197e+002  1.396465e+002  1.029289e+001
      vertex  1.910000e+002  1.390000e+002  1.000000e+001
    endloop
  endfacet
  facet normal  3.806871e-001  1.020054e-001  9.190604e-001
    outer loop
      vertex  1.901197e+002  1.396465e+002  1.029289e+001
      vertex  1.902929e+002  1.390000e+002  1.029289e+001
      vertex  1.910000e+002  1.390000e+002  1.000000e+001
    endloop
  endfacet
  facet normal  8.968088e-001  2.403006e-001  3.714695e-001
    outer loop
      vertex  1.902929e+002  1.390000e+002  1.029289e+001
      vertex  1.901197e+002  1.396465e+002  1.029289e+001
      vertex  1.900000e+002  1.390000e+002  1.100000e+001
    endloop
  endfacet
  facet normal  8.242825e-001  3.414277e-001  4.516476e-001
    outer loop
      vertex  1.901197e+002  1.396465e+002  1.029289e+001
      vertex  1.897071e+002  1.397071e+002  1.100000e+001
      vertex  1.900000e+002  1.390000e+002  1.100000e+001
    endloop
  endfacet
  facet normal  3.414277e-001  8.242825e-001  4.516476e-001
    outer loop
      vertex  1.897071e+002  1.397071e+002  1.100000e+001
      vertex  1.896465e+002  1.401197e+002  1.029289e+001
      vertex  1.890000e+002  1.400000e+002  1.100000e+001
    endloop
  endfacet
  facet normal  2.403006e-001  8.968088e-001  3.714695e-001
    outer loop
      vertex  1.896465e+002  1.401197e+002  1.029289e+001
      vertex  1.890000e+002  1.402929e+002  1.029289e+001
      vertex  1.890000e+002  1.400000e+002  1.100000e+001
    endloop
  endfacet
  facet normal  2.568788e-001  2.568788e-001  9.316794e-001
    outer loop
      vertex  1.896465e+002  1.401197e+002  1.029289e+001
      vertex  1.901197e+002  1.396465e+002  1.029289e+001
      vertex  1.904142e+002  1.404142e+002  1.000000e+001
    endloop
  endfacet
  facet normal  6.670097e-001  6.670097e-001  3.319580e-001
    outer loop
      vertex  1.896465e+002  1.401197e+002  1.029289e+001
      vertex  1.897071e+002  1.397071e+002  1.100000e+001
      vertex  1.901197e+002  1.396465e+002  1.029289e+001
    endloop
  endfacet
  facet normal  0.000000e+000  9.238798e-001  3.826827e-001
    outer loop
      vertex  1.890000e+002  1.400000e+002  1.100000e+001
      vertex  1.890000e+002  1.402929e+002  1.029289e+001
      vertex  1.810000e+002  1.400000e+002  1.100000e+001
    endloop
  endfacet
  facet normal  0.000000e+000  9.238798e-001  3.826827e-001
    outer loop
      vertex  1.810000e+002  1.400000e+002  1.100000e+001
      vertex  1.890000e+002  1.402929e+002  1.029289e+001
      vertex  1.810000e+002  1.402929e+002  1.029289e+001
    endloop
  endfacet
  facet normal  0.000000e+000  3.826833e-001  9.238796e-001
    outer loop
      vertex  1.890000e+002  1.402929e+002  1.029289e+001
      vertex  1.890000e+002  1.410000e+002  1.000000e+001
      vertex  1.810000e+002  1.402929e+002  1.029289e+001
    endloop
  endfacet
  facet normal  0.000000e+000  3.826833e-001  9.238796e-001
    outer loop
      vertex  1.810000e+002  1.402929e+002  1.029289e+001
      vertex  1.890000e+002  1.410000e+002  1.000000e+001
      vertex  1.810000e+002  1.410000e+002  1.000000e+001
    endloop
  endfacet
  facet normal -3.806871e-001  1.020054e-001  9.190604e-001
    outer loop
      vertex  1.797071e+002  1.390000e+002  1.029289e+001
      vertex  1.798803e+002  1.396465e+002  1.029289e+001
      vertex  1.790000e+002  1.390000e+002  1.000000e+001
    endloop
  endfacet
  facet normal -4.246481e-001  1.758943e-001  8.881077e-001
    outer loop
      vertex  1.798803e+002  1.396465e+002  1.029289e+001
      vertex  1.795858e+002  1.404142e+002  1.000000e+001
      vertex  1.790000e+002  1.390000e+002  1.000000e+001
    endloop
  endfacet
  facet normal -1.758943e-001  4.246481e-001  8.881077e-001
    outer loop
      vertex  1.795858e+002  1.404142e+002  1.000000e+001
      vertex  1.803535e+002  1.401197e+002  1.029289e+001
      vertex  1.810000e+002  1.410000e+002  1.000000e+001
    endloop
  endfacet
  facet normal -1.020054e-001  3.806871e-001  9.190604e-001
    outer loop
      vertex  1.803535e+002  1.401197e+002  1.029289e+001
      vertex  1.810000e+002  1.402929e+002  1.029289e+001
      vertex  1.810000e+002  1.410000e+002  1.000000e+001
    endloop
  endfacet
  facet normal -2.403006e-001  8.968088e-001  3.714695e-001
    outer loop
      vertex  1.810000e+002  1.402929e+002  1.029289e+001
      vertex  1.803535e+002  1.401197e+002  1.029289e+001
      vertex  1.810000e+002  1.400000e+002  1.100000e+001
    endloop
  endfacet
  facet normal -3.414277e-001  8.242825e-001  4.516476e-001
    outer loop
      vertex  1.803535e+002  1.401197e+002  1.029289e+001
      vertex  1.802929e+002  1.397071e+002  1.100000e+001
      vertex  1.810000e+002  1.400000e+002  1.100000e+001
    endloop
  endfacet
  facet normal -8.242825e-001  3.414277e-001  4.516476e-001
    outer loop
      vertex  1.802929e+002  1.397071e+002  1.100000e+001
      vertex  1.798803e+002  1.396465e+002  1.029289e+001
      vertex  1.800000e+002  1.390000e+002  1.100000e+001
    endloop
  endfacet
  facet normal -8.968088e-001  2.403006e-001  3.714695e-001
    outer loop
      vertex  1.798803e+002  1.396465e+002  1.029289e+001
      vertex  1.797071e+002  1.390000e+002  1.029289e+001
      vertex  1.800000e+002  1.390000e+002  1.100000e+001
    endloop
  endfacet
  facet normal -2.568788e-001  2.568788e-001  9.316794e-001
    outer loop
      vertex  1.798803e+002  1.396465e+002  1.029289e+001
      vertex  1.803535e+002  1.401197e+002  1.029289e+001
      vertex  1.795858e+002  1.404142e+002  1.000000e+001
    endloop
  endfacet
  facet normal -6.670097e-001  6.670097e-001  3.319580e-001
    outer loop
      vertex  1.798803e+002  1.396465e+002  1.029289e+001
      vertex  1.802929e+002  1.397071e+002  1.100000e+001
      vertex  1.803535e+002  1.401197e+002  1.029289e+001
    endloop
  endfacet
  facet normal -9.238798e-001  0.000000e+000  3.826827e-001
    outer loop
      vertex  1.800000e+002  1.390000e+002  1.100000e+001
      vertex  1.797071e+002  1.390000e+002  1.029289e+001
      vertex  1.800000e+002  1.310000e+002  1.100000e+001
    endloop
  endfacet
  facet normal -9.238798e-001  0.000000e+000  3.826827e-001
    outer loop
      vertex  1.800000e+002  1.310000e+002  1.100000e+001
      vertex  1.797071e+002  1.390000e+002  1.029289e+001
      vertex  1.797071e+002  1.310000e+002  1.029289e+001
    endloop
  endfacet
  facet normal -3.826833e-001  0.000000e+000  9.238796e-001
    outer loop
      vertex  1.797071e+002  1.390000e+002  1.029289e+001
      vertex  1.790000e+002  1.390000e+002  1.000000e+001
      vertex  1.797071e+002  1.310000e+002  1.029289e+001
    endloop
  endfacet
  facet normal -3.826833e-001  0.000000e+000  9.238796e-001
    outer loop
      vertex  1.797071e+002  1.310000e+002  1.029289e+001
      vertex  1.790000e+002  1.390000e+002  1.000000e+001
      vertex  1.790000e+002  1.310000e+002  1.000000e+001
    endloop
  endfacet
  facet normal -3.826822e-001  0.000000e+000  9.238800e-001
    outer loop
      vertex  1.810000e+002  1.310000e+002  4.000000e+001
      vertex  1.810000e+002  1.390000e+002  4.000000e+001
      vertex  1.802929e+002  1.310000e+002  3.970711e+001
    endloop
  endfacet
  facet normal -3.826822e-001  0.000000e+000  9.238800e-001
    outer loop
      vertex  1.802929e+002  1.310000e+002  3.970711e+001
      vertex  1.810000e+002  1.390000e+002  4.000000e+001
      vertex  1.802929e+002  1.390000e+002  3.970711e+001
    endloop
  endfacet
  facet normal -9.238800e-001  0.000000e+000  3.826822e-001
    outer loop
      vertex  1.802929e+002  1.310000e+002  3.970711e+001
      vertex  1.802929e+002  1.390000e+002  3.970711e+001
      vertex  1.800000e+002  1.310000e+002  3.900000e+001
    endloop
  endfacet
  facet normal -9.238800e-001  0.000000e+000  3.826822e-001
    outer loop
      vertex  1.800000e+002  1.310000e+002  3.900000e+001
      vertex  1.802929e+002  1.390000e+002  3.970711e+001
      vertex  1.800000e+002  1.390000e+002  3.900000e+001
    endloop
  endfacet
  facet normal  0.000000e+000  0.000000e+000  1.000000e+000
    outer loop
      vertex  1.810000e+002  1.310000e+002  4.000000e+001
      vertex  1.890000e+002  1.310000e+002  4.000000e+001
      vertex  1.810000e+002  1.390000e+002  4.000000e+001
    endloop
  endfacet
  facet normal  -0.000000e+000  0.000000e+000  1.000000e+000
    outer loop
      vertex  1.810000e+002  1.390000e+002  4.000000e+001
      vertex  1.890000e+002  1.310000e+002  4.000000e+001
      vertex  1.890000e+002  1.390000e+002  4.000000e+001
    endloop
  endfacet
  facet normal  9.238800e-001  0.000000e+000  3.826822e-001
    outer loop
      vertex  1.900000e+002  1.310000e+002  3.900000e+001
      vertex  1.900000e+002  1.390000e+002  3.900000e+001
      vertex  1.897071e+002  1.310000e+002  3.970711e+001
    endloop
  endfacet
  facet normal  9.238800e-001  -0.000000e+000  3.826822e-001
    outer loop
      vertex  1.897071e+002  1.310000e+002  3.970711e+001
      vertex  1.900000e+002  1.390000e+002  3.900000e+001
      vertex  1.897071e+002  1.390000e+002  3.970711e+001
    endloop
  endfacet
  facet normal  3.826822e-001  0.000000e+000  9.238800e-001
    outer loop
      vertex  1.897071e+002  1.310000e+002  3.970711e+001
      vertex  1.897071e+002  1.390000e+002  3.970711e+001
      vertex  1.890000e+002  1.310000e+002  4.000000e+001
    endloop
  endfacet
  facet normal  3.826822e-001  -0.000000e+000  9.238800e-001
    outer loop
      vertex  1.890000e+002  1.310000e+002  4.000000e+001
      vertex  1.897071e+002  1.390000e+002  3.970711e+001
      vertex  1.890000e+002  1.390000e+002  4.000000e+001
    endloop
  endfacet
  facet normal  1.565581e-001 -9.124874e-001  3.779633e-001
    outer loop
      vertex  1.890000e+002  1.300000e+002  3.900000e+001
      vertex  1.895000e+002  1.302929e+002  3.950000e+001
      vertex  1.890000e+002  1.302929e+002  3.970711e+001
    endloop
  endfacet
  facet normal  3.779633e-001 -9.124874e-001  1.565581e-001
    outer loop
      vertex  1.890000e+002  1.300000e+002  3.900000e+001
      vertex  1.897071e+002  1.302929e+002  3.900000e+001
      vertex  1.895000e+002  1.302929e+002  3.950000e+001
    endloop
  endfacet
  facet normal  8.628561e-001 -3.574054e-001  3.574080e-001
    outer loop
      vertex  1.897071e+002  1.302929e+002  3.900000e+001
      vertex  1.900000e+002  1.310000e+002  3.900000e+001
      vertex  1.895000e+002  1.302929e+002  3.950000e+001
    endloop
  endfacet
  facet normal  8.628565e-001 -3.574074e-001  3.574056e-001
    outer loop
      vertex  1.895000e+002  1.302929e+002  3.950000e+001
      vertex  1.900000e+002  1.310000e+002  3.900000e+001
      vertex  1.897071e+002  1.310000e+002  3.970711e+001
    endloop
  endfacet
  facet normal  3.574077e-001 -3.574077e-001  8.628554e-001
    outer loop
      vertex  1.895000e+002  1.302929e+002  3.950000e+001
      vertex  1.897071e+002  1.310000e+002  3.970711e+001
      vertex  1.890000e+002  1.302929e+002  3.970711e+001
    endloop
  endfacet
  facet normal  3.574058e-001 -3.574058e-001  8.628570e-001
    outer loop
      vertex  1.890000e+002  1.302929e+002  3.970711e+001
      vertex  1.897071e+002  1.310000e+002  3.970711e+001
      vertex  1.890000e+002  1.310000e+002  4.000000e+001
    endloop
  endfacet
  facet normal  0.000000e+000 -9.238800e-001  3.826822e-001
    outer loop
      vertex  1.810000e+002  1.300000e+002  3.900000e+001
      vertex  1.890000e+002  1.300000e+002  3.900000e+001
      vertex  1.810000e+002  1.302929e+002  3.970711e+001
    endloop
  endfacet
  facet normal  0.000000e+000 -9.238800e-001  3.826822e-001
    outer loop
      vertex  1.810000e+002  1.302929e+002  3.970711e+001
      vertex  1.890000e+002  1.300000e+002  3.900000e+001
      vertex  1.890000e+002  1.302929e+002  3.970711e+001
    endloop
  endfacet
  facet normal  0.000000e+000 -3.826822e-001  9.238800e-001
    outer loop
      vertex  1.810000e+002  1.302929e+002  3.970711e+001
      vertex  1.890000e+002  1.302929e+002  3.970711e+001
      vertex  1.810000e+002  1.310000e+002  4.000000e+001
    endloop
  endfacet
  facet normal  0.000000e+000 -3.826822e-001  9.238800e-001
    outer loop
      vertex  1.810000e+002  1.310000e+002  4.000000e+001
      vertex  1.890000e+002  1.302929e+002  3.970711e+001
      vertex  1.890000e+002  1.310000e+002  4.000000e+001
    endloop
  endfacet
  facet normal -3.779633e-001 -9.124874e-001  1.565581e-001
    outer loop
      vertex  1.810000e+002  1.300000e+002  3.900000e+001
      vertex  1.805000e+002  1.302929e+002  3.950000e+001
      vertex  1.802929e+002  1.302929e+002  3.900000e+001
    endloop
  endfacet
  facet normal -1.565581e-001 -9.124874e-001  3.779633e-001
    outer loop
      vertex  1.810000e+002  1.300000e+002  3.900000e+001
      vertex  1.810000e+002  1.302929e+002  3.970711e+001
      vertex  1.805000e+002  1.302929e+002  3.950000e+001
    endloop
  endfacet
  facet normal -3.574080e-001 -3.574054e-001  8.628561e-001
    outer loop
      vertex  1.810000e+002  1.302929e+002  3.970711e+001
      vertex  1.810000e+002  1.310000e+002  4.000000e+001
      vertex  1.805000e+002  1.302929e+002  3.950000e+001
    endloop
  endfacet
  facet normal -3.574056e-001 -3.574074e-001  8.628565e-001
    outer loop
      vertex  1.805000e+002  1.302929e+002  3.950000e+001
      vertex  1.810000e+002  1.310000e+002  4.000000e+001
      vertex  1.802929e+002  1.310000e+002  3.970711e+001
    endloop
  endfacet
  facet normal -8.628554e-001 -3.574077e-001  3.574077e-001
    outer loop
      vertex  1.805000e+002  1.302929e+002  3.950000e+001
      vertex  1.802929e+002  1.310000e+002  3.970711e+001
      vertex  1.802929e+002  1.302929e+002  3.900000e+001
    endloop
  endfacet
  facet normal -8.628570e-001 -3.574058e-001  3.574058e-001
    outer loop
      vertex  1.802929e+002  1.302929e+002  3.900000e+001
      vertex  1.802929e+002  1.310000e+002  3.970711e+001
      vertex  1.800000e+002  1.310000e+002  3.900000e+001
    endloop
  endfacet
  facet normal -1.565581e-001  9.124874e-001  3.779633e-001
    outer loop
      vertex  1.810000e+002  1.400000e+002  3.900000e+001
      vertex  1.805000e+002  1.397071e+002  3.950000e+001
      vertex  1.810000e+002  1.397071e+002  3.970711e+001
    endloop
  endfacet
  facet normal -3.779633e-001  9.124874e-001  1.565581e-001
    outer loop
      vertex  1.810000e+002  1.400000e+002  3.900000e+001
      vertex  1.802929e+002  1.397071e+002  3.900000e+001
      vertex  1.805000e+002  1.397071e+002  3.950000e+001
    endloop
  endfacet
  facet normal -8.628561e-001  3.574054e-001  3.574080e-001
    outer loop
      vertex  1.802929e+002  1.397071e+002  3.900000e+001
      vertex  1.800000e+002  1.390000e+002  3.900000e+001
      vertex  1.805000e+002  1.397071e+002  3.950000e+001
    endloop
  endfacet
  facet normal -8.628565e-001  3.574074e-001  3.574056e-001
    outer loop
      vertex  1.805000e+002  1.397071e+002  3.950000e+001
      vertex  1.800000e+002  1.390000e+002  3.900000e+001
      vertex  1.802929e+002  1.390000e+002  3.970711e+001
    endloop
  endfacet
  facet normal -3.574077e-001  3.574077e-001  8.628554e-001
    outer loop
      vertex  1.805000e+002  1.397071e+002  3.950000e+001
      vertex  1.802929e+002  1.390000e+002  3.970711e+001
      vertex  1.810000e+002  1.397071e+002  3.970711e+001
    endloop
  endfacet
  facet normal -3.574058e-001  3.574058e-001  8.628570e-001
    outer loop
      vertex  1.810000e+002  1.397071e+002  3.970711e+001
      vertex  1.802929e+002  1.390000e+002  3.970711e+001
      vertex  1.810000e+002  1.390000e+002  4.000000e+001
    endloop
  endfacet
  facet normal  0.000000e+000  3.826822e-001  9.238800e-001
    outer loop
      vertex  1.810000e+002  1.390000e+002  4.000000e+001
      vertex  1.890000e+002  1.390000e+002  4.000000e+001
      vertex  1.810000e+002  1.397071e+002  3.970711e+001
    endloop
  endfacet
  facet normal  -0.000000e+000  3.826822e-001  9.238800e-001
    outer loop
      vertex  1.810000e+002  1.397071e+002  3.970711e+001
      vertex  1.890000e+002  1.390000e+002  4.000000e+001
      vertex  1.890000e+002  1.397071e+002  3.970711e+001
    endloop
  endfacet
  facet normal  0.000000e+000  9.238800e-001  3.826822e-001
    outer loop
      vertex  1.810000e+002  1.397071e+002  3.970711e+001
      vertex  1.890000e+002  1.397071e+002  3.970711e+001
      vertex  1.810000e+002  1.400000e+002  3.900000e+001
    endloop
  endfacet
  facet normal  -0.000000e+000  9.238800e-001  3.826822e-001
    outer loop
      vertex  1.810000e+002  1.400000e+002  3.900000e+001
      vertex  1.890000e+002  1.397071e+002  3.970711e+001
      vertex  1.890000e+002  1.400000e+002  3.900000e+001
    endloop
  endfacet
  facet normal  3.779633e-001  9.124874e-001  1.565581e-001
    outer loop
      vertex  1.890000e+002  1.400000e+002  3.900000e+001
      vertex  1.895000e+002  1.397071e+002  3.950000e+001
      vertex  1.897071e+002  1.397071e+002  3.900000e+001
    endloop
  endfacet
  facet normal  1.565581e-001  9.124874e-001  3.779633e-001
    outer loop
      vertex  1.890000e+002  1.400000e+002  3.900000e+001
      vertex  1.890000e+002  1.397071e+002  3.970711e+001
      vertex  1.895000e+002  1.397071e+002  3.950000e+001
    endloop
  endfacet
  facet normal  3.574080e-001  3.574054e-001  8.628561e-001
    outer loop
      vertex  1.890000e+002  1.397071e+002  3.970711e+001
      vertex  1.890000e+002  1.390000e+002  4.000000e+001
      vertex  1.895000e+002  1.397071e+002  3.950000e+001
    endloop
  endfacet
  facet normal  3.574056e-001  3.574074e-001  8.628565e-001
    outer loop
      vertex  1.895000e+002  1.397071e+002  3.950000e+001
      vertex  1.890000e+002  1.390000e+002  4.000000e+001
      vertex  1.897071e+002  1.390000e+002  3.970711e+001
    endloop
  endfacet
  facet normal  8.628554e-001  3.574077e-001  3.574077e-001
    outer loop
      vertex  1.895000e+002  1.397071e+002  3.950000e+001
      vertex  1.897071e+002  1.390000e+002  3.970711e+001
      vertex  1.897071e+002  1.397071e+002  3.900000e+001
    endloop
  endfacet
  facet normal  8.628570e-001  3.574058e-001  3.574058e-001
    outer loop
      vertex  1.897071e+002  1.397071e+002  3.900000e+001
      vertex  1.897071e+002  1.390000e+002  3.970711e+001
      vertex  1.900000e+002  1.390000e+002  3.900000e+001
    endloop
  endfacet
  facet normal -3.826833e-001 -9.238796e-001  -0.000000e+000
    outer loop
      vertex  1.810000e+002  1.000000e+001  1.100000e+001
      vertex  1.810000e+002  1.000000e+001  3.900000e+001
      vertex  1.802929e+002  1.029289e+001  1.100000e+001
    endloop
  endfacet
  facet normal -3.826833e-001 -9.238796e-001  0.000000e+000
    outer loop
      vertex  1.802929e+002  1.029289e+001  1.100000e+001
      vertex  1.810000e+002  1.000000e+001  3.900000e+001
      vertex  1.802929e+002  1.029289e+001  3.900000e+001
    endloop
  endfacet
  facet normal -9.238798e-001 -3.826827e-001  -0.000000e+000
    outer loop
      vertex  1.802929e+002  1.029289e+001  1.100000e+001
      vertex  1.802929e+002  1.029289e+001  3.900000e+001
      vertex  1.800000e+002  1.100000e+001  1.100000e+001
    endloop
  endfacet
  facet normal -9.238798e-001 -3.826827e-001  0.000000e+000
    outer loop
      vertex  1.800000e+002  1.100000e+001  1.100000e+001
      vertex  1.802929e+002  1.029289e+001  3.900000e+001
      vertex  1.800000e+002  1.100000e+001  3.900000e+001
    endloop
  endfacet
  facet normal  3.826833e-001 -9.238796e-001  0.000000e+000
    outer loop
      vertex  1.890000e+002  1.000000e+001  3.900000e+001
      vertex  1.890000e+002  1.000000e+001  1.100000e+001
      vertex  1.897071e+002  1.029289e+001  3.900000e+001
    endloop
  endfacet
  facet normal  3.826833e-001 -9.238796e-001  0.000000e+000
    outer loop
      vertex  1.897071e+002  1.029289e+001  3.900000e+001
      vertex  1.890000e+002  1.000000e+001  1.100000e+001
      vertex  1.897071e+002  1.029289e+001  1.100000e+001
    endloop
  endfacet
  facet normal  9.238798e-001 -3.826827e-001  0.000000e+000
    outer loop
      vertex  1.897071e+002  1.029289e+001  3.900000e+001
      vertex  1.897071e+002  1.029289e+001  1.100000e+001
      vertex  1.900000e+002  1.100000e+001  3.900000e+001
    endloop
  endfacet
  facet normal  9.238798e-001 -3.826827e-001  0.000000e+000
    outer loop
      vertex  1.900000e+002  1.100000e+001  3.900000e+001
      vertex  1.897071e+002  1.029289e+001  1.100000e+001
      vertex  1.900000e+002  1.100000e+001  1.100000e+001
    endloop
  endfacet
  facet normal -1.000000e+000  0.000000e+000  0.000000e+000
    outer loop
      vertex  1.800000e+002  1.900000e+001  3.900000e+001
      vertex  1.800000e+002  1.900000e+001  1.100000e+001
      vertex  1.800000e+002  1.100000e+001  3.900000e+001
    endloop
  endfacet
  facet normal -1.000000e+000  0.000000e+000  0.000000e+000
    outer loop
      vertex  1.800000e+002  1.100000e+001  3.900000e+001
      vertex  1.800000e+002  1.900000e+001  1.100000e+001
      vertex  1.800000e+002  1.100000e+001  1.100000e+001
    endloop
  endfacet
  facet normal  1.000000e+000  0.000000e+000  0.000000e+000
    outer loop
      vertex  1.900000e+002  1.100000e+001  3.900000e+001
      vertex  1.900000e+002  1.100000e+001  1.100000e+001
      vertex  1.900000e+002  1.900000e+001  3.900000e+001
    endloop
  endfacet
  facet normal  1.000000e+000  0.000000e+000  0.000000e+000
    outer loop
      vertex  1.900000e+002  1.900000e+001  3.900000e+001
      vertex  1.900000e+002  1.100000e+001  1.100000e+001
      vertex  1.900000e+002  1.900000e+001  1.100000e+001
    endloop
  endfacet
  facet normal  0.000000e+000 -1.000000e+000  0.000000e+000
    outer loop
      vertex  1.890000e+002  1.000000e+001  3.900000e+001
      vertex  1.810000e+002  1.000000e+001  3.900000e+001
      vertex  1.890000e+002  1.000000e+001  1.100000e+001
    endloop
  endfacet
  facet normal  0.000000e+000 -1.000000e+000  0.000000e+000
    outer loop
      vertex  1.890000e+002  1.000000e+001  1.100000e+001
      vertex  1.810000e+002  1.000000e+001  3.900000e+001
      vertex  1.810000e+002  1.000000e+001  1.100000e+001
    endloop
  endfacet
  facet normal  3.826823e-001  9.238801e-001  0.000000e+000
    outer loop
      vertex  1.890000e+002  2.000000e+001  1.100000e+001
      vertex  1.890000e+002  2.000000e+001  3.900000e+001
      vertex  1.897071e+002  1.970711e+001  1.100000e+001
    endloop
  endfacet
  facet normal  3.826823e-001  9.238801e-001  -0.000000e+000
    outer loop
      vertex  1.897071e+002  1.970711e+001  1.100000e+001
      vertex  1.890000e+002  2.000000e+001  3.900000e+001
      vertex  1.897071e+002  1.970711e+001  3.900000e+001
    endloop
  endfacet
  facet normal  9.238801e-001  3.826823e-001  0.000000e+000
    outer loop
      vertex  1.897071e+002  1.970711e+001  1.100000e+001
      vertex  1.897071e+002  1.970711e+001  3.900000e+001
      vertex  1.900000e+002  1.900000e+001  1.100000e+001
    endloop
  endfacet
  facet normal  9.238801e-001  3.826823e-001  -0.000000e+000
    outer loop
      vertex  1.900000e+002  1.900000e+001  1.100000e+001
      vertex  1.897071e+002  1.970711e+001  3.900000e+001
      vertex  1.900000e+002  1.900000e+001  3.900000e+001
    endloop
  endfacet
  facet normal -3.826823e-001  9.238801e-001  0.000000e+000
    outer loop
      vertex  1.810000e+002  2.000000e+001  3.900000e+001
      vertex  1.810000e+002  2.000000e+001  1.100000e+001
      vertex  1.802929e+002  1.970711e+001  3.900000e+001
    endloop
  endfacet
  facet normal -3.826823e-001  9.238801e-001  0.000000e+000
    outer loop
      vertex  1.802929e+002  1.970711e+001  3.900000e+001
      vertex  1.810000e+002  2.000000e+001  1.100000e+001
      vertex  1.802929e+002  1.970711e+001  1.100000e+001
    endloop
  endfacet
  facet normal -9.238801e-001  3.826823e-001  0.000000e+000
    outer loop
      vertex  1.802929e+002  1.970711e+001  3.900000e+001
      vertex  1.802929e+002  1.970711e+001  1.100000e+001
      vertex  1.800000e+002  1.900000e+001  3.900000e+001
    endloop
  endfacet
  facet normal -9.238801e-001  3.826823e-001  0.000000e+000
    outer loop
      vertex  1.800000e+002  1.900000e+001  3.900000e+001
      vertex  1.802929e+002  1.970711e+001  1.100000e+001
      vertex  1.800000e+002  1.900000e+001  1.100000e+001
    endloop
  endfacet
  facet normal  0.000000e+000  1.000000e+000  0.000000e+000
    outer loop
      vertex  1.810000e+002  2.000000e+001  3.900000e+001
      vertex  1.890000e+002  2.000000e+001  3.900000e+001
      vertex  1.810000e+002  2.000000e+001  1.100000e+001
    endloop
  endfacet
  facet normal  0.000000e+000  1.000000e+000  0.000000e+000
    outer loop
      vertex  1.810000e+002  2.000000e+001  1.100000e+001
      vertex  1.890000e+002  2.000000e+001  3.900000e+001
      vertex  1.890000e+002  2.000000e+001  1.100000e+001
    endloop
  endfacet
  facet normal -3.806871e-001  1.020066e-001  9.190603e-001
    outer loop
      vertex  1.797071e+002  1.900000e+001  1.029289e+001
      vertex  1.798803e+002  1.964645e+001  1.029289e+001
      vertex  1.790000e+002  1.900000e+001  1.000000e+001
    endloop
  endfacet
  facet normal -4.246465e-001  1.758939e-001  8.881084e-001
    outer loop
      vertex  1.798803e+002  1.964645e+001  1.029289e+001
      vertex  1.795858e+002  2.041421e+001  1.000000e+001
      vertex  1.790000e+002  1.900000e+001  1.000000e+001
    endloop
  endfacet
  facet normal -1.758960e-001  4.246506e-001  8.881061e-001
    outer loop
      vertex  1.795858e+002  2.041421e+001  1.000000e+001
      vertex  1.803535e+002  2.011968e+001  1.029289e+001
      vertex  1.810000e+002  2.100000e+001  1.000000e+001
    endloop
  endfacet
  facet normal -1.020032e-001  3.806872e-001  9.190606e-001
    outer loop
      vertex  1.803535e+002  2.011968e+001  1.029289e+001
      vertex  1.810000e+002  2.029289e+001  1.029289e+001
      vertex  1.810000e+002  2.100000e+001  1.000000e+001
    endloop
  endfacet
  facet normal -2.402956e-001  8.968099e-001  3.714700e-001
    outer loop
      vertex  1.810000e+002  2.029289e+001  1.029289e+001
      vertex  1.803535e+002  2.011968e+001  1.029289e+001
      vertex  1.810000e+002  2.000000e+001  1.100000e+001
    endloop
  endfacet
  facet normal -3.414270e-001  8.242808e-001  4.516511e-001
    outer loop
      vertex  1.803535e+002  2.011968e+001  1.029289e+001
      vertex  1.802929e+002  1.970711e+001  1.100000e+001
      vertex  1.810000e+002  2.000000e+001  1.100000e+001
    endloop
  endfacet
  facet normal -8.242838e-001  3.414283e-001  4.516446e-001
    outer loop
      vertex  1.802929e+002  1.970711e+001  1.100000e+001
      vertex  1.798803e+002  1.964645e+001  1.029289e+001
      vertex  1.800000e+002  1.900000e+001  1.100000e+001
    endloop
  endfacet
  facet normal -8.968082e-001  2.403032e-001  3.714692e-001
    outer loop
      vertex  1.798803e+002  1.964645e+001  1.029289e+001
      vertex  1.797071e+002  1.900000e+001  1.029289e+001
      vertex  1.800000e+002  1.900000e+001  1.100000e+001
    endloop
  endfacet
  facet normal -2.568819e-001  2.568757e-001  9.316794e-001
    outer loop
      vertex  1.798803e+002  1.964645e+001  1.029289e+001
      vertex  1.803535e+002  2.011968e+001  1.029289e+001
      vertex  1.795858e+002  2.041421e+001  1.000000e+001
    endloop
  endfacet
  facet normal -6.670182e-001  6.670021e-001  3.319564e-001
    outer loop
      vertex  1.798803e+002  1.964645e+001  1.029289e+001
      vertex  1.802929e+002  1.970711e+001  1.100000e+001
      vertex  1.803535e+002  2.011968e+001  1.029289e+001
    endloop
  endfacet
  facet normal -3.826833e-001  0.000000e+000  9.238796e-001
    outer loop
      vertex  1.790000e+002  1.100000e+001  1.000000e+001
      vertex  1.797071e+002  1.100000e+001  1.029289e+001
      vertex  1.790000e+002  1.900000e+001  1.000000e+001
    endloop
  endfacet
  facet normal -3.826833e-001  0.000000e+000  9.238796e-001
    outer loop
      vertex  1.790000e+002  1.900000e+001  1.000000e+001
      vertex  1.797071e+002  1.100000e+001  1.029289e+001
      vertex  1.797071e+002  1.900000e+001  1.029289e+001
    endloop
  endfacet
  facet normal -9.238798e-001  0.000000e+000  3.826827e-001
    outer loop
      vertex  1.797071e+002  1.100000e+001  1.029289e+001
      vertex  1.800000e+002  1.100000e+001  1.100000e+001
      vertex  1.797071e+002  1.900000e+001  1.029289e+001
    endloop
  endfacet
  facet normal -9.238798e-001  0.000000e+000  3.826827e-001
    outer loop
      vertex  1.797071e+002  1.900000e+001  1.029289e+001
      vertex  1.800000e+002  1.100000e+001  1.100000e+001
      vertex  1.800000e+002  1.900000e+001  1.100000e+001
    endloop
  endfacet
  facet normal -1.020039e-001 -3.806877e-001  9.190605e-001
    outer loop
      vertex  1.810000e+002  9.707107e+000  1.029289e+001
      vertex  1.803535e+002  9.880322e+000  1.029289e+001
      vertex  1.810000e+002  9.000000e+000  1.000000e+001
    endloop
  endfacet
  facet normal -1.758960e-001 -4.246506e-001  8.881061e-001
    outer loop
      vertex  1.803535e+002  9.880322e+000  1.029289e+001
      vertex  1.795858e+002  9.585787e+000  1.000000e+001
      vertex  1.810000e+002  9.000000e+000  1.000000e+001
    endloop
  endfacet
  facet normal -4.246465e-001 -1.758939e-001  8.881084e-001
    outer loop
      vertex  1.795858e+002  9.585787e+000  1.000000e+001
      vertex  1.798803e+002  1.035355e+001  1.029289e+001
      vertex  1.790000e+002  1.100000e+001  1.000000e+001
    endloop
  endfacet
  facet normal -3.806871e-001 -1.020066e-001  9.190603e-001
    outer loop
      vertex  1.798803e+002  1.035355e+001  1.029289e+001
      vertex  1.797071e+002  1.100000e+001  1.029289e+001
      vertex  1.790000e+002  1.100000e+001  1.000000e+001
    endloop
  endfacet
  facet normal -8.968082e-001 -2.403032e-001  3.714692e-001
    outer loop
      vertex  1.797071e+002  1.100000e+001  1.029289e+001
      vertex  1.798803e+002  1.035355e+001  1.029289e+001
      vertex  1.800000e+002  1.100000e+001  1.100000e+001
    endloop
  endfacet
  facet normal -8.242836e-001 -3.414286e-001  4.516450e-001
    outer loop
      vertex  1.798803e+002  1.035355e+001  1.029289e+001
      vertex  1.802929e+002  1.029289e+001  1.100000e+001
      vertex  1.800000e+002  1.100000e+001  1.100000e+001
    endloop
  endfacet
  facet normal -3.414279e-001 -8.242802e-001  4.516518e-001
    outer loop
      vertex  1.802929e+002  1.029289e+001  1.100000e+001
      vertex  1.803535e+002  9.880322e+000  1.029289e+001
      vertex  1.810000e+002  1.000000e+001  1.100000e+001
    endloop
  endfacet
  facet normal -2.402967e-001 -8.968093e-001  3.714709e-001
    outer loop
      vertex  1.803535e+002  9.880322e+000  1.029289e+001
      vertex  1.810000e+002  9.707107e+000  1.029289e+001
      vertex  1.810000e+002  1.000000e+001  1.100000e+001
    endloop
  endfacet
  facet normal -2.568819e-001 -2.568757e-001  9.316794e-001
    outer loop
      vertex  1.803535e+002  9.880322e+000  1.029289e+001
      vertex  1.798803e+002  1.035355e+001  1.029289e+001
      vertex  1.795858e+002  9.585787e+000  1.000000e+001
    endloop
  endfacet
  facet normal -6.670180e-001 -6.670018e-001  3.319572e-001
    outer loop
      vertex  1.803535e+002  9.880322e+000  1.029289e+001
      vertex  1.802929e+002  1.029289e+001  1.100000e+001
      vertex  1.798803e+002  1.035355e+001  1.029289e+001
    endloop
  endfacet
  facet normal  0.000000e+000 -9.238794e-001  3.826837e-001
    outer loop
      vertex  1.810000e+002  1.000000e+001  1.100000e+001
      vertex  1.810000e+002  9.707107e+000  1.029289e+001
      vertex  1.890000e+002  1.000000e+001  1.100000e+001
    endloop
  endfacet
  facet normal  0.000000e+000 -9.238794e-001  3.826837e-001
    outer loop
      vertex  1.890000e+002  1.000000e+001  1.100000e+001
      vertex  1.810000e+002  9.707107e+000  1.029289e+001
      vertex  1.890000e+002  9.707107e+000  1.029289e+001
    endloop
  endfacet
  facet normal  0.000000e+000 -3.826837e-001  9.238794e-001
    outer loop
      vertex  1.810000e+002  9.707107e+000  1.029289e+001
      vertex  1.810000e+002  9.000000e+000  1.000000e+001
      vertex  1.890000e+002  9.707107e+000  1.029289e+001
    endloop
  endfacet
  facet normal  0.000000e+000 -3.826837e-001  9.238794e-001
    outer loop
      vertex  1.890000e+002  9.707107e+000  1.029289e+001
      vertex  1.810000e+002  9.000000e+000  1.000000e+001
      vertex  1.890000e+002  9.000000e+000  1.000000e+001
    endloop
  endfacet
  facet normal  3.806871e-001 -1.020066e-001  9.190603e-001
    outer loop
      vertex  1.902929e+002  1.100000e+001  1.029289e+001
      vertex  1.901197e+002  1.035355e+001  1.029289e+001
      vertex  1.910000e+002  1.100000e+001  1.000000e+001
    endloop
  endfacet
  facet normal  4.246465e-001 -1.758939e-001  8.881084e-001
    outer loop
      vertex  1.901197e+002  1.035355e+001  1.029289e+001
      vertex  1.904142e+002  9.585787e+000  1.000000e+001
      vertex  1.910000e+002  1.100000e+001  1.000000e+001
    endloop
  endfacet
  facet normal  1.758960e-001 -4.246506e-001  8.881061e-001
    outer loop
      vertex  1.904142e+002  9.585787e+000  1.000000e+001
      vertex  1.896465e+002  9.880322e+000  1.029289e+001
      vertex  1.890000e+002  9.000000e+000  1.000000e+001
    endloop
  endfacet
  facet normal  1.020039e-001 -3.806877e-001  9.190605e-001
    outer loop
      vertex  1.896465e+002  9.880322e+000  1.029289e+001
      vertex  1.890000e+002  9.707107e+000  1.029289e+001
      vertex  1.890000e+002  9.000000e+000  1.000000e+001
    endloop
  endfacet
  facet normal  2.402967e-001 -8.968093e-001  3.714709e-001
    outer loop
      vertex  1.890000e+002  9.707107e+000  1.029289e+001
      vertex  1.896465e+002  9.880322e+000  1.029289e+001
      vertex  1.890000e+002  1.000000e+001  1.100000e+001
    endloop
  endfacet
  facet normal  3.414279e-001 -8.242802e-001  4.516518e-001
    outer loop
      vertex  1.896465e+002  9.880322e+000  1.029289e+001
      vertex  1.897071e+002  1.029289e+001  1.100000e+001
      vertex  1.890000e+002  1.000000e+001  1.100000e+001
    endloop
  endfacet
  facet normal  8.242836e-001 -3.414286e-001  4.516450e-001
    outer loop
      vertex  1.897071e+002  1.029289e+001  1.100000e+001
      vertex  1.901197e+002  1.035355e+001  1.029289e+001
      vertex  1.900000e+002  1.100000e+001  1.100000e+001
    endloop
  endfacet
  facet normal  8.968082e-001 -2.403032e-001  3.714692e-001
    outer loop
      vertex  1.901197e+002  1.035355e+001  1.029289e+001
      vertex  1.902929e+002  1.100000e+001  1.029289e+001
      vertex  1.900000e+002  1.100000e+001  1.100000e+001
    endloop
  endfacet
  facet normal  2.568819e-001 -2.568757e-001  9.316794e-001
    outer loop
      vertex  1.901197e+002  1.035355e+001  1.029289e+001
      vertex  1.896465e+002  9.880322e+000  1.029289e+001
      vertex  1.904142e+002  9.585787e+000  1.000000e+001
    endloop
  endfacet
  facet normal  6.670180e-001 -6.670018e-001  3.319572e-001
    outer loop
      vertex  1.901197e+002  1.035355e+001  1.029289e+001
      vertex  1.897071e+002  1.029289e+001  1.100000e+001
      vertex  1.896465e+002  9.880322e+000  1.029289e+001
    endloop
  endfacet
  facet normal  3.826833e-001  0.000000e+000  9.238796e-001
    outer loop
      vertex  1.910000e+002  1.900000e+001  1.000000e+001
      vertex  1.902929e+002  1.900000e+001  1.029289e+001
      vertex  1.910000e+002  1.100000e+001  1.000000e+001
    endloop
  endfacet
  facet normal  3.826833e-001  0.000000e+000  9.238796e-001
    outer loop
      vertex  1.910000e+002  1.100000e+001  1.000000e+001
      vertex  1.902929e+002  1.900000e+001  1.029289e+001
      vertex  1.902929e+002  1.100000e+001  1.029289e+001
    endloop
  endfacet
  facet normal  9.238798e-001  0.000000e+000  3.826827e-001
    outer loop
      vertex  1.902929e+002  1.900000e+001  1.029289e+001
      vertex  1.900000e+002  1.900000e+001  1.100000e+001
      vertex  1.902929e+002  1.100000e+001  1.029289e+001
    endloop
  endfacet
  facet normal  9.238798e-001  0.000000e+000  3.826827e-001
    outer loop
      vertex  1.902929e+002  1.100000e+001  1.029289e+001
      vertex  1.900000e+002  1.900000e+001  1.100000e+001
      vertex  1.900000e+002  1.100000e+001  1.100000e+001
    endloop
  endfacet
  facet normal  1.020032e-001  3.806872e-001  9.190606e-001
    outer loop
      vertex  1.890000e+002  2.029289e+001  1.029289e+001
      vertex  1.896465e+002  2.011968e+001  1.029289e+001
      vertex  1.890000e+002  2.100000e+001  1.000000e+001
    endloop
  endfacet
  facet normal  1.758960e-001  4.246506e-001  8.881061e-001
    outer loop
      vertex  1.896465e+002  2.011968e+001  1.029289e+001
      vertex  1.904142e+002  2.041421e+001  1.000000e+001
      vertex  1.890000e+002  2.100000e+001  1.000000e+001
    endloop
  endfacet
  facet normal  4.246465e-001  1.758939e-001  8.881084e-001
    outer loop
      vertex  1.904142e+002  2.041421e+001  1.000000e+001
      vertex  1.901197e+002  1.964645e+001  1.029289e+001
      vertex  1.910000e+002  1.900000e+001  1.000000e+001
    endloop
  endfacet
  facet normal  3.806871e-001  1.020066e-001  9.190603e-001
    outer loop
      vertex  1.901197e+002  1.964645e+001  1.029289e+001
      vertex  1.902929e+002  1.900000e+001  1.029289e+001
      vertex  1.910000e+002  1.900000e+001  1.000000e+001
    endloop
  endfacet
  facet normal  8.968082e-001  2.403032e-001  3.714692e-001
    outer loop
      vertex  1.902929e+002  1.900000e+001  1.029289e+001
      vertex  1.901197e+002  1.964645e+001  1.029289e+001
      vertex  1.900000e+002  1.900000e+001  1.100000e+001
    endloop
  endfacet
  facet normal  8.242838e-001  3.414283e-001  4.516446e-001
    outer loop
      vertex  1.901197e+002  1.964645e+001  1.029289e+001
      vertex  1.897071e+002  1.970711e+001  1.100000e+001
      vertex  1.900000e+002  1.900000e+001  1.100000e+001
    endloop
  endfacet
  facet normal  3.414270e-001  8.242808e-001  4.516511e-001
    outer loop
      vertex  1.897071e+002  1.970711e+001  1.100000e+001
      vertex  1.896465e+002  2.011968e+001  1.029289e+001
      vertex  1.890000e+002  2.000000e+001  1.100000e+001
    endloop
  endfacet
  facet normal  2.402956e-001  8.968099e-001  3.714700e-001
    outer loop
      vertex  1.896465e+002  2.011968e+001  1.029289e+001
      vertex  1.890000e+002  2.029289e+001  1.029289e+001
      vertex  1.890000e+002  2.000000e+001  1.100000e+001
    endloop
  endfacet
  facet normal  2.568819e-001  2.568757e-001  9.316794e-001
    outer loop
      vertex  1.896465e+002  2.011968e+001  1.029289e+001
      vertex  1.901197e+002  1.964645e+001  1.029289e+001
      vertex  1.904142e+002  2.041421e+001  1.000000e+001
    endloop
  endfacet
  facet normal  6.670182e-001  6.670021e-001  3.319564e-001
    outer loop
      vertex  1.896465e+002  2.011968e+001  1.029289e+001
      vertex  1.897071e+002  1.970711e+001  1.100000e+001
      vertex  1.901197e+002  1.964645e+001  1.029289e+001
    endloop
  endfacet
  facet normal  0.000000e+000  3.826833e-001  9.238796e-001
    outer loop
      vertex  1.810000e+002  2.100000e+001  1.000000e+001
      vertex  1.810000e+002  2.029289e+001  1.029289e+001
      vertex  1.890000e+002  2.100000e+001  1.000000e+001
    endloop
  endfacet
  facet normal  0.000000e+000  3.826833e-001  9.238796e-001
    outer loop
      vertex  1.890000e+002  2.100000e+001  1.000000e+001
      vertex  1.810000e+002  2.029289e+001  1.029289e+001
      vertex  1.890000e+002  2.029289e+001  1.029289e+001
    endloop
  endfacet
  facet normal  0.000000e+000  9.238798e-001  3.826827e-001
    outer loop
      vertex  1.810000e+002  2.029289e+001  1.029289e+001
      vertex  1.810000e+002  2.000000e+001  1.100000e+001
      vertex  1.890000e+002  2.029289e+001  1.029289e+001
    endloop
  endfacet
  facet normal  0.000000e+000  9.238798e-001  3.826827e-001
    outer loop
      vertex  1.890000e+002  2.029289e+001  1.029289e+001
      vertex  1.810000e+002  2.000000e+001  1.100000e+001
      vertex  1.890000e+002  2.000000e+001  1.100000e+001
    endloop
  endfacet
  facet normal -3.826822e-001  0.000000e+000  9.238800e-001
    outer loop
      vertex  1.810000e+002  1.100000e+001  4.000000e+001
      vertex  1.810000e+002  1.900000e+001  4.000000e+001
      vertex  1.802929e+002  1.100000e+001  3.970711e+001
    endloop
  endfacet
  facet normal -3.826822e-001  0.000000e+000  9.238800e-001
    outer loop
      vertex  1.802929e+002  1.100000e+001  3.970711e+001
      vertex  1.810000e+002  1.900000e+001  4.000000e+001
      vertex  1.802929e+002  1.900000e+001  3.970711e+001
    endloop
  endfacet
  facet normal -9.238800e-001  0.000000e+000  3.826822e-001
    outer loop
      vertex  1.802929e+002  1.100000e+001  3.970711e+001
      vertex  1.802929e+002  1.900000e+001  3.970711e+001
      vertex  1.800000e+002  1.100000e+001  3.900000e+001
    endloop
  endfacet
  facet normal -9.238800e-001  0.000000e+000  3.826822e-001
    outer loop
      vertex  1.800000e+002  1.100000e+001  3.900000e+001
      vertex  1.802929e+002  1.900000e+001  3.970711e+001
      vertex  1.800000e+002  1.900000e+001  3.900000e+001
    endloop
  endfacet
  facet normal  0.000000e+000  0.000000e+000  1.000000e+000
    outer loop
      vertex  1.810000e+002  1.100000e+001  4.000000e+001
      vertex  1.890000e+002  1.100000e+001  4.000000e+001
      vertex  1.810000e+002  1.900000e+001  4.000000e+001
    endloop
  endfacet
  facet normal  -0.000000e+000  0.000000e+000  1.000000e+000
    outer loop
      vertex  1.810000e+002  1.900000e+001  4.000000e+001
      vertex  1.890000e+002  1.100000e+001  4.000000e+001
      vertex  1.890000e+002  1.900000e+001  4.000000e+001
    endloop
  endfacet
  facet normal  9.238800e-001  0.000000e+000  3.826822e-001
    outer loop
      vertex  1.900000e+002  1.100000e+001  3.900000e+001
      vertex  1.900000e+002  1.900000e+001  3.900000e+001
      vertex  1.897071e+002  1.100000e+001  3.970711e+001
    endloop
  endfacet
  facet normal  9.238800e-001  -0.000000e+000  3.826822e-001
    outer loop
      vertex  1.897071e+002  1.100000e+001  3.970711e+001
      vertex  1.900000e+002  1.900000e+001  3.900000e+001
      vertex  1.897071e+002  1.900000e+001  3.970711e+001
    endloop
  endfacet
  facet normal  3.826822e-001  0.000000e+000  9.238800e-001
    outer loop
      vertex  1.897071e+002  1.100000e+001  3.970711e+001
      vertex  1.897071e+002  1.900000e+001  3.970711e+001
      vertex  1.890000e+002  1.100000e+001  4.000000e+001
    endloop
  endfacet
  facet normal  3.826822e-001  -0.000000e+000  9.238800e-001
    outer loop
      vertex  1.890000e+002  1.100000e+001  4.000000e+001
      vertex  1.897071e+002  1.900000e+001  3.970711e+001
      vertex  1.890000e+002  1.900000e+001  4.000000e+001
    endloop
  endfacet
  facet normal  1.565585e-001 -9.124870e-001  3.779643e-001
    outer loop
      vertex  1.890000e+002  1.000000e+001  3.900000e+001
      vertex  1.895000e+002  1.029289e+001  3.950000e+001
      vertex  1.890000e+002  1.029289e+001  3.970711e+001
    endloop
  endfacet
  facet normal  3.779643e-001 -9.124870e-001  1.565585e-001
    outer loop
      vertex  1.890000e+002  1.000000e+001  3.900000e+001
      vertex  1.897071e+002  1.029289e+001  3.900000e+001
      vertex  1.895000e+002  1.029289e+001  3.950000e+001
    endloop
  endfacet
  facet normal  8.628560e-001 -3.574058e-001  3.574080e-001
    outer loop
      vertex  1.897071e+002  1.029289e+001  3.900000e+001
      vertex  1.900000e+002  1.100000e+001  3.900000e+001
      vertex  1.895000e+002  1.029289e+001  3.950000e+001
    endloop
  endfacet
  facet normal  8.628563e-001 -3.574078e-001  3.574055e-001
    outer loop
      vertex  1.895000e+002  1.029289e+001  3.950000e+001
      vertex  1.900000e+002  1.100000e+001  3.900000e+001
      vertex  1.897071e+002  1.100000e+001  3.970711e+001
    endloop
  endfacet
  facet normal  3.574077e-001 -3.574081e-001  8.628553e-001
    outer loop
      vertex  1.895000e+002  1.029289e+001  3.950000e+001
      vertex  1.897071e+002  1.100000e+001  3.970711e+001
      vertex  1.890000e+002  1.029289e+001  3.970711e+001
    endloop
  endfacet
  facet normal  3.574057e-001 -3.574062e-001  8.628569e-001
    outer loop
      vertex  1.890000e+002  1.029289e+001  3.970711e+001
      vertex  1.897071e+002  1.100000e+001  3.970711e+001
      vertex  1.890000e+002  1.100000e+001  4.000000e+001
    endloop
  endfacet
  facet normal  0.000000e+000 -9.238796e-001  3.826833e-001
    outer loop
      vertex  1.810000e+002  1.000000e+001  3.900000e+001
      vertex  1.890000e+002  1.000000e+001  3.900000e+001
      vertex  1.810000e+002  1.029289e+001  3.970711e+001
    endloop
  endfacet
  facet normal  0.000000e+000 -9.238796e-001  3.826833e-001
    outer loop
      vertex  1.810000e+002  1.029289e+001  3.970711e+001
      vertex  1.890000e+002  1.000000e+001  3.900000e+001
      vertex  1.890000e+002  1.029289e+001  3.970711e+001
    endloop
  endfacet
  facet normal  0.000000e+000 -3.826827e-001  9.238798e-001
    outer loop
      vertex  1.810000e+002  1.029289e+001  3.970711e+001
      vertex  1.890000e+002  1.029289e+001  3.970711e+001
      vertex  1.810000e+002  1.100000e+001  4.000000e+001
    endloop
  endfacet
  facet normal  0.000000e+000 -3.826827e-001  9.238798e-001
    outer loop
      vertex  1.810000e+002  1.100000e+001  4.000000e+001
      vertex  1.890000e+002  1.029289e+001  3.970711e+001
      vertex  1.890000e+002  1.100000e+001  4.000000e+001
    endloop
  endfacet
  facet normal -3.779643e-001 -9.124870e-001  1.565585e-001
    outer loop
      vertex  1.810000e+002  1.000000e+001  3.900000e+001
      vertex  1.805000e+002  1.029289e+001  3.950000e+001
      vertex  1.802929e+002  1.029289e+001  3.900000e+001
    endloop
  endfacet
  facet normal -1.565585e-001 -9.124870e-001  3.779643e-001
    outer loop
      vertex  1.810000e+002  1.000000e+001  3.900000e+001
      vertex  1.810000e+002  1.029289e+001  3.970711e+001
      vertex  1.805000e+002  1.029289e+001  3.950000e+001
    endloop
  endfacet
  facet normal -3.574080e-001 -3.574058e-001  8.628560e-001
    outer loop
      vertex  1.810000e+002  1.029289e+001  3.970711e+001
      vertex  1.810000e+002  1.100000e+001  4.000000e+001
      vertex  1.805000e+002  1.029289e+001  3.950000e+001
    endloop
  endfacet
  facet normal -3.574055e-001 -3.574078e-001  8.628563e-001
    outer loop
      vertex  1.805000e+002  1.029289e+001  3.950000e+001
      vertex  1.810000e+002  1.100000e+001  4.000000e+001
      vertex  1.802929e+002  1.100000e+001  3.970711e+001
    endloop
  endfacet
  facet normal -8.628553e-001 -3.574081e-001  3.574077e-001
    outer loop
      vertex  1.805000e+002  1.029289e+001  3.950000e+001
      vertex  1.802929e+002  1.100000e+001  3.970711e+001
      vertex  1.802929e+002  1.029289e+001  3.900000e+001
    endloop
  endfacet
  facet normal -8.628569e-001 -3.574062e-001  3.574057e-001
    outer loop
      vertex  1.802929e+002  1.029289e+001  3.900000e+001
      vertex  1.802929e+002  1.100000e+001  3.970711e+001
      vertex  1.800000e+002  1.100000e+001  3.900000e+001
    endloop
  endfacet
  facet normal -1.565581e-001  9.124874e-001  3.779633e-001
    outer loop
      vertex  1.810000e+002  2.000000e+001  3.900000e+001
      vertex  1.805000e+002  1.970711e+001  3.950000e+001
      vertex  1.810000e+002  1.970711e+001  3.970711e+001
    endloop
  endfacet
  facet normal -3.779633e-001  9.124874e-001  1.565581e-001
    outer loop
      vertex  1.810000e+002  2.000000e+001  3.900000e+001
      vertex  1.802929e+002  1.970711e+001  3.900000e+001
      vertex  1.805000e+002  1.970711e+001  3.950000e+001
    endloop
  endfacet
  facet normal -8.628561e-001  3.574054e-001  3.574080e-001
    outer loop
      vertex  1.802929e+002  1.970711e+001  3.900000e+001
      vertex  1.800000e+002  1.900000e+001  3.900000e+001
      vertex  1.805000e+002  1.970711e+001  3.950000e+001
    endloop
  endfacet
  facet normal -8.628565e-001  3.574074e-001  3.574056e-001
    outer loop
      vertex  1.805000e+002  1.970711e+001  3.950000e+001
      vertex  1.800000e+002  1.900000e+001  3.900000e+001
      vertex  1.802929e+002  1.900000e+001  3.970711e+001
    endloop
  endfacet
  facet normal -3.574077e-001  3.574077e-001  8.628554e-001
    outer loop
      vertex  1.805000e+002  1.970711e+001  3.950000e+001
      vertex  1.802929e+002  1.900000e+001  3.970711e+001
      vertex  1.810000e+002  1.970711e+001  3.970711e+001
    endloop
  endfacet
  facet normal -3.574058e-001  3.574058e-001  8.628570e-001
    outer loop
      vertex  1.810000e+002  1.970711e+001  3.970711e+001
      vertex  1.802929e+002  1.900000e+001  3.970711e+001
      vertex  1.810000e+002  1.900000e+001  4.000000e+001
    endloop
  endfacet
  facet normal  0.000000e+000  3.826822e-001  9.238800e-001
    outer loop
      vertex  1.810000e+002  1.900000e+001  4.000000e+001
      vertex  1.890000e+002  1.900000e+001  4.000000e+001
      vertex  1.810000e+002  1.970711e+001  3.970711e+001
    endloop
  endfacet
  facet normal  -0.000000e+000  3.826822e-001  9.238800e-001
    outer loop
      vertex  1.810000e+002  1.970711e+001  3.970711e+001
      vertex  1.890000e+002  1.900000e+001  4.000000e+001
      vertex  1.890000e+002  1.970711e+001  3.970711e+001
    endloop
  endfacet
  facet normal  0.000000e+000  9.238800e-001  3.826822e-001
    outer loop
      vertex  1.810000e+002  1.970711e+001  3.970711e+001
      vertex  1.890000e+002  1.970711e+001  3.970711e+001
      vertex  1.810000e+002  2.000000e+001  3.900000e+001
    endloop
  endfacet
  facet normal  -0.000000e+000  9.238800e-001  3.826822e-001
    outer loop
      vertex  1.810000e+002  2.000000e+001  3.900000e+001
      vertex  1.890000e+002  1.970711e+001  3.970711e+001
      vertex  1.890000e+002  2.000000e+001  3.900000e+001
    endloop
  endfacet
  facet normal  3.779633e-001  9.124874e-001  1.565581e-001
    outer loop
      vertex  1.890000e+002  2.000000e+001  3.900000e+001
      vertex  1.895000e+002  1.970711e+001  3.950000e+001
      vertex  1.897071e+002  1.970711e+001  3.900000e+001
    endloop
  endfacet
  facet normal  1.565581e-001  9.124874e-001  3.779633e-001
    outer loop
      vertex  1.890000e+002  2.000000e+001  3.900000e+001
      vertex  1.890000e+002  1.970711e+001  3.970711e+001
      vertex  1.895000e+002  1.970711e+001  3.950000e+001
    endloop
  endfacet
  facet normal  3.574080e-001  3.574054e-001  8.628561e-001
    outer loop
      vertex  1.890000e+002  1.970711e+001  3.970711e+001
      vertex  1.890000e+002  1.900000e+001  4.000000e+001
      vertex  1.895000e+002  1.970711e+001  3.950000e+001
    endloop
  endfacet
  facet normal  3.574056e-001  3.574074e-001  8.628565e-001
    outer loop
      vertex  1.895000e+002  1.970711e+001  3.950000e+001
      vertex  1.890000e+002  1.900000e+001  4.000000e+001
      vertex  1.897071e+002  1.900000e+001  3.970711e+001
    endloop
  endfacet
  facet normal  8.628554e-001  3.574077e-001  3.574077e-001
    outer loop
      vertex  1.895000e+002  1.970711e+001  3.950000e+001
      vertex  1.897071e+002  1.900000e+001  3.970711e+001
      vertex  1.897071e+002  1.970711e+001  3.900000e+001
    endloop
  endfacet
  facet normal  8.628570e-001  3.574058e-001  3.574058e-001
    outer loop
      vertex  1.897071e+002  1.970711e+001  3.900000e+001
      vertex  1.897071e+002  1.900000e+001  3.970711e+001
      vertex  1.900000e+002  1.900000e+001  3.900000e+001
    endloop
  endfacet
  facet normal  0.000000e+000  -0.000000e+000 -1.000000e+000
    outer loop
      vertex  7.900000e+001  6.765000e+001  0.000000e+000
      vertex  8.066170e+001  6.833830e+001  0.000000e+000
      vertex  1.291965e+002  5.247275e+001  0.000000e+000
    endloop
  endfacet
  facet normal  0.000000e+000  -0.000000e+000 -1.000000e+000
    outer loop
      vertex  7.900000e+001  1.256500e+002  0.000000e+000
      vertex  8.066170e+001  1.263383e+002  0.000000e+000
      vertex  1.291965e+002  1.068288e+002  0.000000e+000
    endloop
  endfacet
  facet normal  -0.000000e+000  0.000000e+000 -1.000000e+000
    outer loop
      vertex  7.900000e+001  6.765000e+001  0.000000e+000
      vertex  1.278966e+002  5.152824e+001  0.000000e+000
      vertex  1.274000e+002  5.000000e+001  0.000000e+000
    endloop
  endfacet
  facet normal  0.000000e+000  0.000000e+000 -1.000000e+000
    outer loop
      vertex  1.672966e+002  1.068288e+002  0.000000e+000
      vertex  8.066170e+001  1.296617e+002  0.000000e+000
      vertex  7.900000e+001  1.303500e+002  0.000000e+000
    endloop
  endfacet
  facet normal  -0.000000e+000  0.000000e+000 -1.000000e+000
    outer loop
      vertex  3.000000e+001  1.256500e+002  0.000000e+000
      vertex  3.000000e+001  7.235000e+001  0.000000e+000
      vertex  2.833830e+001  7.166170e+001  0.000000e+000
    endloop
  endfacet
  facet normal  0.000000e+000  0.000000e+000 -1.000000e+000
    outer loop
      vertex  1.291965e+002  5.247275e+001  0.000000e+000
      vertex  1.278966e+002  5.152824e+001  0.000000e+000
      vertex  7.900000e+001  6.765000e+001  0.000000e+000
    endloop
  endfacet
  facet normal  0.000000e+000  0.000000e+000 -1.000000e+000
    outer loop
      vertex  8.135000e+001  7.000000e+001  0.000000e+000
      vertex  8.066170e+001  7.166170e+001  0.000000e+000
      vertex  1.291965e+002  1.018833e+002  0.000000e+000
    endloop
  endfacet
  facet normal  0.000000e+000  -0.000000e+000 -1.000000e+000
    outer loop
      vertex  8.135000e+001  7.000000e+001  0.000000e+000
      vertex  1.291965e+002  1.018833e+002  0.000000e+000
      vertex  1.291965e+002  5.247275e+001  0.000000e+000
    endloop
  endfacet
  facet normal  0.000000e+000  0.000000e+000 -1.000000e+000
    outer loop
      vertex  8.135000e+001  7.000000e+001  0.000000e+000
      vertex  1.291965e+002  5.247275e+001  0.000000e+000
      vertex  8.066170e+001  6.833830e+001  0.000000e+000
    endloop
  endfacet
  facet normal  0.000000e+000  0.000000e+000 -1.000000e+000
    outer loop
      vertex -4.000000e+000 -4.000000e+000  0.000000e+000
      vertex -4.000000e+000  1.540000e+002  0.000000e+000
      vertex  2.765000e+001  1.280000e+002  0.000000e+000
    endloop
  endfacet
  facet normal  0.000000e+000  -0.000000e+000 -1.000000e+000
    outer loop
      vertex -4.000000e+000 -4.000000e+000  0.000000e+000
      vertex  2.765000e+001  1.280000e+002  0.000000e+000
      vertex  2.833830e+001  1.263383e+002  0.000000e+000
    endloop
  endfacet
  facet normal  0.000000e+000  -0.000000e+000 -1.000000e+000
    outer loop
      vertex -4.000000e+000 -4.000000e+000  0.000000e+000
      vertex  2.833830e+001  1.263383e+002  0.000000e+000
      vertex  3.000000e+001  1.256500e+002  0.000000e+000
    endloop
  endfacet
  facet normal  0.000000e+000  0.000000e+000 -1.000000e+000
    outer loop
      vertex -4.000000e+000 -4.000000e+000  0.000000e+000
      vertex  3.000000e+001  1.256500e+002  0.000000e+000
      vertex  2.833830e+001  7.166170e+001  0.000000e+000
    endloop
  endfacet
  facet normal  0.000000e+000  0.000000e+000 -1.000000e+000
    outer loop
      vertex -4.000000e+000 -4.000000e+000  0.000000e+000
      vertex  2.833830e+001  7.166170e+001  0.000000e+000
      vertex  2.765000e+001  7.000000e+001  0.000000e+000
    endloop
  endfacet
  facet normal  0.000000e+000  -0.000000e+000 -1.000000e+000
    outer loop
      vertex -4.000000e+000 -4.000000e+000  0.000000e+000
      vertex  2.765000e+001  7.000000e+001  0.000000e+000
      vertex  2.833830e+001  6.833830e+001  0.000000e+000
    endloop
  endfacet
  facet normal  0.000000e+000  -0.000000e+000 -1.000000e+000
    outer loop
      vertex -4.000000e+000 -4.000000e+000  0.000000e+000
      vertex  2.833830e+001  6.833830e+001  0.000000e+000
      vertex  3.000000e+001  6.765000e+001  0.000000e+000
    endloop
  endfacet
  facet normal  0.000000e+000  -0.000000e+000 -1.000000e+000
    outer loop
      vertex -4.000000e+000 -4.000000e+000  0.000000e+000
      vertex  3.000000e+001  6.765000e+001  0.000000e+000
      vertex  7.900000e+001  6.765000e+001  0.000000e+000
    endloop
  endfacet
  facet normal  0.000000e+000  -0.000000e+000 -1.000000e+000
    outer loop
      vertex -4.000000e+000 -4.000000e+000  0.000000e+000
      vertex  7.900000e+001  6.765000e+001  0.000000e+000
      vertex  1.274000e+002  5.000000e+001  0.000000e+000
    endloop
  endfacet
  facet normal  0.000000e+000  -0.000000e+000 -1.000000e+000
    outer loop
      vertex -4.000000e+000 -4.000000e+000  0.000000e+000
      vertex  1.274000e+002  5.000000e+001  0.000000e+000
      vertex  1.278966e+002  4.847176e+001  0.000000e+000
    endloop
  endfacet
  facet normal  0.000000e+000  -0.000000e+000 -1.000000e+000
    outer loop
      vertex -4.000000e+000 -4.000000e+000  0.000000e+000
      vertex  1.278966e+002  4.847176e+001  0.000000e+000
      vertex  1.291965e+002  4.752725e+001  0.000000e+000
    endloop
  endfacet
  facet normal  0.000000e+000  -0.000000e+000 -1.000000e+000
    outer loop
      vertex -4.000000e+000 -4.000000e+000  0.000000e+000
      vertex  1.291965e+002  4.752725e+001  0.000000e+000
      vertex  1.308035e+002  4.752725e+001  0.000000e+000
    endloop
  endfacet
  facet normal  0.000000e+000  -0.000000e+000 -9.999999e-001
    outer loop
      vertex -4.000000e+000 -4.000000e+000  0.000000e+000
      vertex  1.308035e+002  4.752725e+001  0.000000e+000
      vertex  1.672966e+002  4.752725e+001  0.000000e+000
    endloop
  endfacet
  facet normal  0.000000e+000  -0.000000e+000 -1.000000e+000
    outer loop
      vertex -4.000000e+000 -4.000000e+000  0.000000e+000
      vertex  1.672966e+002  4.752725e+001  0.000000e+000
      vertex  1.689034e+002  4.752725e+001  0.000000e+000
    endloop
  endfacet
  facet normal  0.000000e+000  -0.000000e+000 -1.000000e+000
    outer loop
      vertex -4.000000e+000 -4.000000e+000  0.000000e+000
      vertex  1.689034e+002  4.752725e+001  0.000000e+000
      vertex  2.040000e+002 -4.000000e+000  0.000000e+000
    endloop
  endfacet
  facet normal  -0.000000e+000  0.000000e+000 -1.000000e+000
    outer loop
      vertex -4.000000e+000  1.540000e+002  0.000000e+000
      vertex  2.040000e+002  1.540000e+002  0.000000e+000
      vertex  1.689034e+002  1.068288e+002  0.000000e+000
    endloop
  endfacet
  facet normal  0.000000e+000  0.000000e+000 -1.000000e+000
    outer loop
      vertex -4.000000e+000  1.540000e+002  0.000000e+000
      vertex  1.689034e+002  1.068288e+002  0.000000e+000
      vertex  1.672966e+002  1.068288e+002  0.000000e+000
    endloop
  endfacet
  facet normal  0.000000e+000  0.000000e+000 -1.000000e+000
    outer loop
      vertex -4.000000e+000  1.540000e+002  0.000000e+000
      vertex  1.672966e+002  1.068288e+002  0.000000e+000
      vertex  7.900000e+001  1.303500e+002  0.000000e+000
    endloop
  endfacet
  facet normal  0.000000e+000  0.000000e+000 -1.000000e+000
    outer loop
      vertex -4.000000e+000  1.540000e+002  0.000000e+000
      vertex  7.900000e+001  1.303500e+002  0.000000e+000
      vertex  3.000000e+001  1.303500e+002  0.000000e+000
    endloop
  endfacet
  facet normal  -0.000000e+000  0.000000e+000 -9.999999e-001
    outer loop
      vertex -4.000000e+000  1.540000e+002  0.000000e+000
      vertex  3.000000e+001  1.303500e+002  0.000000e+000
      vertex  2.833830e+001  1.296617e+002  0.000000e+000
    endloop
  endfacet
  facet normal  -0.000000e+000  0.000000e+000 -1.000000e+000
    outer loop
      vertex -4.000000e+000  1.540000e+002  0.000000e+000
      vertex  2.833830e+001  1.296617e+002  0.000000e+000
      vertex  2.765000e+001  1.280000e+002  0.000000e+000
    endloop
  endfacet
  facet normal  0.000000e+000  0.000000e+000 -1.000000e+000
    outer loop
      vertex  7.900000e+001  7.235000e+001  0.000000e+000
      vertex  7.733830e+001  7.166170e+001  0.000000e+000
      vertex  3.166170e+001  7.166170e+001  0.000000e+000
    endloop
  endfacet
  facet normal  0.000000e+000  0.000000e+000 -1.000000e+000
    outer loop
      vertex  7.900000e+001  7.235000e+001  0.000000e+000
      vertex  3.166170e+001  7.166170e+001  0.000000e+000
      vertex  3.000000e+001  7.235000e+001  0.000000e+000
    endloop
  endfacet
  facet normal  0.000000e+000  0.000000e+000 -1.000000e+000
    outer loop
      vertex  7.900000e+001  7.235000e+001  0.000000e+000
      vertex  3.000000e+001  7.235000e+001  0.000000e+000
      vertex  3.000000e+001  1.256500e+002  0.000000e+000
    endloop
  endfacet
  facet normal  0.000000e+000  0.000000e+000 -1.000000e+000
    outer loop
      vertex  7.900000e+001  7.235000e+001  0.000000e+000
      vertex  3.000000e+001  1.256500e+002  0.000000e+000
      vertex  7.900000e+001  1.256500e+002  0.000000e+000
    endloop
  endfacet
  facet normal  0.000000e+000  0.000000e+000 -9.999999e-001
    outer loop
      vertex  7.900000e+001  7.235000e+001  0.000000e+000
      vertex  7.900000e+001  1.256500e+002  0.000000e+000
      vertex  1.291965e+002  1.068288e+002  0.000000e+000
    endloop
  endfacet
  facet normal  0.000000e+000  0.000000e+000 -1.000000e+000
    outer loop
      vertex  7.900000e+001  7.235000e+001  0.000000e+000
      vertex  1.291965e+002  1.068288e+002  0.000000e+000
      vertex  1.278966e+002  1.058842e+002  0.000000e+000
    endloop
  endfacet
  facet normal  0.000000e+000  0.000000e+000 -1.000000e+000
    outer loop
      vertex  7.900000e+001  7.235000e+001  0.000000e+000
      vertex  1.278966e+002  1.058842e+002  0.000000e+000
      vertex  1.274000e+002  1.043560e+002  0.000000e+000
    endloop
  endfacet
  facet normal  0.000000e+000  -0.000000e+000 -1.000000e+000
    outer loop
      vertex  7.900000e+001  7.235000e+001  0.000000e+000
      vertex  1.274000e+002  1.043560e+002  0.000000e+000
      vertex  1.278966e+002  1.028278e+002  0.000000e+000
    endloop
  endfacet
  facet normal  0.000000e+000  -0.000000e+000 -1.000000e+000
    outer loop
      vertex  7.900000e+001  7.235000e+001  0.000000e+000
      vertex  1.278966e+002  1.028278e+002  0.000000e+000
      vertex  1.291965e+002  1.018833e+002  0.000000e+000
    endloop
  endfacet
  facet normal  0.000000e+000  0.000000e+000 -1.000000e+000
    outer loop
      vertex  7.900000e+001  7.235000e+001  0.000000e+000
      vertex  1.291965e+002  1.018833e+002  0.000000e+000
      vertex  8.066170e+001  7.166170e+001  0.000000e+000
    endloop
  endfacet
  facet normal  0.000000e+000  0.000000e+000 -1.000000e+000
    outer loop
      vertex  2.040000e+002 -4.000000e+000  0.000000e+000
      vertex  1.689034e+002  4.752725e+001  0.000000e+000
      vertex  1.702034e+002  4.847176e+001  0.000000e+000
    endloop
  endfacet
  facet normal  0.000000e+000  0.000000e+000 -1.000000e+000
    outer loop
      vertex  2.040000e+002 -4.000000e+000  0.000000e+000
      vertex  1.702034e+002  4.847176e+001  0.000000e+000
      vertex  1.707000e+002  5.000000e+001  0.000000e+000
    endloop
  endfacet
  facet normal  0.000000e+000  0.000000e+000 -1.000000e+000
    outer loop
      vertex  2.040000e+002 -4.000000e+000  0.000000e+000
      vertex  1.707000e+002  5.000000e+001  0.000000e+000
      vertex  1.702034e+002  5.152824e+001  0.000000e+000
    endloop
  endfacet
  facet normal  0.000000e+000  0.000000e+000 -1.000000e+000
    outer loop
      vertex  2.040000e+002 -4.000000e+000  0.000000e+000
      vertex  1.702034e+002  5.152824e+001  0.000000e+000
      vertex  1.689034e+002  1.018833e+002  0.000000e+000
    endloop
  endfacet
  facet normal  0.000000e+000  0.000000e+000 -1.000000e+000
    outer loop
      vertex  2.040000e+002 -4.000000e+000  0.000000e+000
      vertex  1.689034e+002  1.018833e+002  0.000000e+000
      vertex  1.702034e+002  1.028278e+002  0.000000e+000
    endloop
  endfacet
  facet normal  0.000000e+000  0.000000e+000 -1.000000e+000
    outer loop
      vertex  2.040000e+002 -4.000000e+000  0.000000e+000
      vertex  1.702034e+002  1.028278e+002  0.000000e+000
      vertex  1.707000e+002  1.043560e+002  0.000000e+000
    endloop
  endfacet
  facet normal  0.000000e+000  0.000000e+000 -1.000000e+000
    outer loop
      vertex  2.040000e+002  1.540000e+002  0.000000e+000
      vertex  2.040000e+002 -4.000000e+000  0.000000e+000
      vertex  1.707000e+002  1.043560e+002  0.000000e+000
    endloop
  endfacet
  facet normal  0.000000e+000  0.000000e+000 -1.000000e+000
    outer loop
      vertex  2.040000e+002  1.540000e+002  0.000000e+000
      vertex  1.707000e+002  1.043560e+002  0.000000e+000
      vertex  1.702034e+002  1.058842e+002  0.000000e+000
    endloop
  endfacet
  facet normal  0.000000e+000  0.000000e+000 -1.000000e+000
    outer loop
      vertex  2.040000e+002  1.540000e+002  0.000000e+000
      vertex  1.702034e+002  1.058842e+002  0.000000e+000
      vertex  1.689034e+002  1.068288e+002  0.000000e+000
    endloop
  endfacet
  facet normal  0.000000e+000  0.000000e+000 -1.000000e+000
    outer loop
      vertex  1.702034e+002  5.152824e+001  0.000000e+000
      vertex  1.689034e+002  5.247275e+001  0.000000e+000
      vertex  1.689034e+002  1.018833e+002  0.000000e+000
    endloop
  endfacet
  facet normal  0.000000e+000  -0.000000e+000 -1.000000e+000
    outer loop
      vertex  1.689034e+002  1.018833e+002  0.000000e+000
      vertex  1.689034e+002  5.247275e+001  0.000000e+000
      vertex  1.672966e+002  5.247275e+001  0.000000e+000
    endloop
  endfacet
  facet normal  0.000000e+000  0.000000e+000 -1.000000e+000
    outer loop
      vertex  1.689034e+002  1.018833e+002  0.000000e+000
      vertex  1.672966e+002  5.247275e+001  0.000000e+000
      vertex  1.672966e+002  1.018833e+002  0.000000e+000
    endloop
  endfacet
  facet normal  0.000000e+000  0.000000e+000 -1.000000e+000
    outer loop
      vertex  1.672966e+002  1.018833e+002  0.000000e+000
      vertex  1.308035e+002  5.247275e+001  0.000000e+000
      vertex  1.308035e+002  1.018833e+002  0.000000e+000
    endloop
  endfacet
  facet normal  0.000000e+000  -0.000000e+000 -1.000000e+000
    outer loop
      vertex  1.308035e+002  1.018833e+002  0.000000e+000
      vertex  1.308035e+002  5.247275e+001  0.000000e+000
      vertex  1.291965e+002  5.247275e+001  0.000000e+000
    endloop
  endfacet
  facet normal  0.000000e+000  0.000000e+000 -1.000000e+000
    outer loop
      vertex  1.308035e+002  1.018833e+002  0.000000e+000
      vertex  1.291965e+002  5.247275e+001  0.000000e+000
      vertex  1.291965e+002  1.018833e+002  0.000000e+000
    endloop
  endfacet
  facet normal  0.000000e+000  -0.000000e+000 -1.000000e+000
    outer loop
      vertex  8.066170e+001  1.263383e+002  0.000000e+000
      vertex  8.135000e+001  1.280000e+002  0.000000e+000
      vertex  1.291965e+002  1.068288e+002  0.000000e+000
    endloop
  endfacet
  facet normal  0.000000e+000  0.000000e+000 -1.000000e+000
    outer loop
      vertex  1.291965e+002  1.068288e+002  0.000000e+000
      vertex  8.135000e+001  1.280000e+002  0.000000e+000
      vertex  8.066170e+001  1.296617e+002  0.000000e+000
    endloop
  endfacet
  facet normal  0.000000e+000  0.000000e+000 -1.000000e+000
    outer loop
      vertex  1.291965e+002  1.068288e+002  0.000000e+000
      vertex  8.066170e+001  1.296617e+002  0.000000e+000
      vertex  1.308035e+002  1.068288e+002  0.000000e+000
    endloop
  endfacet
  facet normal  0.000000e+000  0.000000e+000 -1.000000e+000
    outer loop
      vertex  7.665000e+001  1.280000e+002  0.000000e+000
      vertex  3.166170e+001  1.296617e+002  0.000000e+000
      vertex  7.733830e+001  1.296617e+002  0.000000e+000
    endloop
  endfacet
  facet normal  0.000000e+000  0.000000e+000 -1.000000e+000
    outer loop
      vertex  7.733830e+001  1.296617e+002  0.000000e+000
      vertex  3.166170e+001  1.296617e+002  0.000000e+000
      vertex  3.000000e+001  1.303500e+002  0.000000e+000
    endloop
  endfacet
  facet normal  0.000000e+000  0.000000e+000 -1.000000e+000
    outer loop
      vertex  7.733830e+001  1.296617e+002  0.000000e+000
      vertex  3.000000e+001  1.303500e+002  0.000000e+000
      vertex  7.900000e+001  1.303500e+002  0.000000e+000
    endloop
  endfacet
  facet normal  0.000000e+000  0.000000e+000 -1.000000e+000
    outer loop
      vertex  3.166170e+001  1.296617e+002  0.000000e+000
      vertex  7.665000e+001  1.280000e+002  0.000000e+000
      vertex  3.235000e+001  1.280000e+002  0.000000e+000
    endloop
  endfacet
  facet normal  0.000000e+000  0.000000e+000 -1.000000e+000
    outer loop
      vertex  3.235000e+001  1.280000e+002  0.000000e+000
      vertex  7.665000e+001  1.280000e+002  0.000000e+000
      vertex  7.733830e+001  1.263383e+002  0.000000e+000
    endloop
  endfacet
  facet normal  0.000000e+000  0.000000e+000 -1.000000e+000
    outer loop
      vertex  3.235000e+001  1.280000e+002  0.000000e+000
      vertex  7.733830e+001  1.263383e+002  0.000000e+000
      vertex  3.166170e+001  1.263383e+002  0.000000e+000
    endloop
  endfacet
  facet normal  0.000000e+000  0.000000e+000 -1.000000e+000
    outer loop
      vertex  3.166170e+001  1.263383e+002  0.000000e+000
      vertex  7.733830e+001  1.263383e+002  0.000000e+000
      vertex  7.900000e+001  1.256500e+002  0.000000e+000
    endloop
  endfacet
  facet normal  0.000000e+000  0.000000e+000 -1.000000e+000
    outer loop
      vertex  3.166170e+001  1.263383e+002  0.000000e+000
      vertex  7.900000e+001  1.256500e+002  0.000000e+000
      vertex  3.000000e+001  1.256500e+002  0.000000e+000
    endloop
  endfacet
  facet normal  0.000000e+000  0.000000e+000 -1.000000e+000
    outer loop
      vertex  7.665000e+001  7.000000e+001  0.000000e+000
      vertex  3.166170e+001  7.166170e+001  0.000000e+000
      vertex  7.733830e+001  7.166170e+001  0.000000e+000
    endloop
  endfacet
  facet normal  0.000000e+000  0.000000e+000 -1.000000e+000
    outer loop
      vertex  3.166170e+001  7.166170e+001  0.000000e+000
      vertex  7.665000e+001  7.000000e+001  0.000000e+000
      vertex  3.235000e+001  7.000000e+001  0.000000e+000
    endloop
  endfacet
  facet normal  0.000000e+000  0.000000e+000 -1.000000e+000
    outer loop
      vertex  3.235000e+001  7.000000e+001  0.000000e+000
      vertex  7.665000e+001  7.000000e+001  0.000000e+000
      vertex  7.733830e+001  6.833830e+001  0.000000e+000
    endloop
  endfacet
  facet normal  0.000000e+000  0.000000e+000 -1.000000e+000
    outer loop
      vertex  3.235000e+001  7.000000e+001  0.000000e+000
      vertex  7.733830e+001  6.833830e+001  0.000000e+000
      vertex  3.166170e+001  6.833830e+001  0.000000e+000
    endloop
  endfacet
  facet normal  0.000000e+000  0.000000e+000 -1.000000e+000
    outer loop
      vertex  3.166170e+001  6.833830e+001  0.000000e+000
      vertex  7.733830e+001  6.833830e+001  0.000000e+000
      vertex  7.900000e+001  6.765000e+001  0.000000e+000
    endloop
  endfacet
  facet normal  0.000000e+000  0.000000e+000 -1.000000e+000
    outer loop
      vertex  3.166170e+001  6.833830e+001  0.000000e+000
      vertex  7.900000e+001  6.765000e+001  0.000000e+000
      vertex  3.000000e+001  6.765000e+001  0.000000e+000
    endloop
  endfacet
  facet normal  0.000000e+000  0.000000e+000 -1.000000e+000
    outer loop
      vertex  8.066170e+001  1.296617e+002  0.000000e+000
      vertex  1.672966e+002  1.068288e+002  0.000000e+000
      vertex  1.308035e+002  1.068288e+002  0.000000e+000
    endloop
  endfacet
  facet normal  0.000000e+000  0.000000e+000 -1.000000e+000
    outer loop
      vertex  1.308035e+002  1.068288e+002  0.000000e+000
      vertex  1.672966e+002  1.068288e+002  0.000000e+000
      vertex  1.659966e+002  1.058842e+002  0.000000e+000
    endloop
  endfacet
  facet normal  0.000000e+000  0.000000e+000 -1.000000e+000
    outer loop
      vertex  1.308035e+002  1.068288e+002  0.000000e+000
      vertex  1.659966e+002  1.058842e+002  0.000000e+000
      vertex  1.321034e+002  1.058842e+002  0.000000e+000
    endloop
  endfacet
  facet normal  0.000000e+000  0.000000e+000 -1.000000e+000
    outer loop
      vertex  1.321034e+002  1.058842e+002  0.000000e+000
      vertex  1.659966e+002  1.058842e+002  0.000000e+000
      vertex  1.655000e+002  1.043560e+002  0.000000e+000
    endloop
  endfacet
  facet normal  0.000000e+000  0.000000e+000 -1.000000e+000
    outer loop
      vertex  1.321034e+002  1.058842e+002  0.000000e+000
      vertex  1.655000e+002  1.043560e+002  0.000000e+000
      vertex  1.326000e+002  1.043560e+002  0.000000e+000
    endloop
  endfacet
  facet normal  0.000000e+000  0.000000e+000 -1.000000e+000
    outer loop
      vertex  1.326000e+002  1.043560e+002  0.000000e+000
      vertex  1.655000e+002  1.043560e+002  0.000000e+000
      vertex  1.659966e+002  1.028278e+002  0.000000e+000
    endloop
  endfacet
  facet normal  0.000000e+000  0.000000e+000 -1.000000e+000
    outer loop
      vertex  1.326000e+002  1.043560e+002  0.000000e+000
      vertex  1.659966e+002  1.028278e+002  0.000000e+000
      vertex  1.321034e+002  1.028278e+002  0.000000e+000
    endloop
  endfacet
  facet normal  0.000000e+000  0.000000e+000 -1.000000e+000
    outer loop
      vertex  1.321034e+002  1.028278e+002  0.000000e+000
      vertex  1.659966e+002  1.028278e+002  0.000000e+000
      vertex  1.672966e+002  1.018833e+002  0.000000e+000
    endloop
  endfacet
  facet normal  0.000000e+000  0.000000e+000 -1.000000e+000
    outer loop
      vertex  1.321034e+002  1.028278e+002  0.000000e+000
      vertex  1.672966e+002  1.018833e+002  0.000000e+000
      vertex  1.308035e+002  1.018833e+002  0.000000e+000
    endloop
  endfacet
  facet normal  0.000000e+000  0.000000e+000 -1.000000e+000
    outer loop
      vertex  1.672966e+002  1.018833e+002  0.000000e+000
      vertex  1.672966e+002  5.247275e+001  0.000000e+000
      vertex  1.308035e+002  5.247275e+001  0.000000e+000
    endloop
  endfacet
  facet normal  0.000000e+000  0.000000e+000 -1.000000e+000
    outer loop
      vertex  1.308035e+002  5.247275e+001  0.000000e+000
      vertex  1.672966e+002  5.247275e+001  0.000000e+000
      vertex  1.659966e+002  5.152824e+001  0.000000e+000
    endloop
  endfacet
  facet normal  0.000000e+000  0.000000e+000 -1.000000e+000
    outer loop
      vertex  1.308035e+002  5.247275e+001  0.000000e+000
      vertex  1.659966e+002  5.152824e+001  0.000000e+000
      vertex  1.321034e+002  5.152824e+001  0.000000e+000
    endloop
  endfacet
  facet normal  0.000000e+000  0.000000e+000 -1.000000e+000
    outer loop
      vertex  1.321034e+002  5.152824e+001  0.000000e+000
      vertex  1.659966e+002  5.152824e+001  0.000000e+000
      vertex  1.655000e+002  5.000000e+001  0.000000e+000
    endloop
  endfacet
  facet normal  0.000000e+000  0.000000e+000 -1.000000e+000
    outer loop
      vertex  1.321034e+002  5.152824e+001  0.000000e+000
      vertex  1.655000e+002  5.000000e+001  0.000000e+000
      vertex  1.326000e+002  5.000000e+001  0.000000e+000
    endloop
  endfacet
  facet normal  0.000000e+000  0.000000e+000 -1.000000e+000
    outer loop
      vertex  1.326000e+002  5.000000e+001  0.000000e+000
      vertex  1.655000e+002  5.000000e+001  0.000000e+000
      vertex  1.659966e+002  4.847176e+001  0.000000e+000
    endloop
  endfacet
  facet normal  0.000000e+000  0.000000e+000 -1.000000e+000
    outer loop
      vertex  1.326000e+002  5.000000e+001  0.000000e+000
      vertex  1.659966e+002  4.847176e+001  0.000000e+000
      vertex  1.321034e+002  4.847176e+001  0.000000e+000
    endloop
  endfacet
  facet normal  0.000000e+000  0.000000e+000 -1.000000e+000
    outer loop
      vertex  1.321034e+002  4.847176e+001  0.000000e+000
      vertex  1.659966e+002  4.847176e+001  0.000000e+000
      vertex  1.672966e+002  4.752725e+001  0.000000e+000
    endloop
  endfacet
  facet normal  0.000000e+000  0.000000e+000 -1.000000e+000
    outer loop
      vertex  1.321034e+002  4.847176e+001  0.000000e+000
      vertex  1.672966e+002  4.752725e+001  0.000000e+000
      vertex  1.308035e+002  4.752725e+001  0.000000e+000
    endloop
  endfacet
  facet normal -3.826783e-001  9.238816e-001  0.000000e+000
    outer loop
      vertex  7.900000e+001  6.865000e+001  1.000000e+000
      vertex  7.995460e+001  6.904540e+001  9.000000e+000
      vertex  7.995460e+001  6.904540e+001  1.000000e+000
    endloop
  endfacet
  facet normal -9.238816e-001  3.826783e-001  0.000000e+000
    outer loop
      vertex  7.995460e+001  6.904540e+001  1.000000e+000
      vertex  7.995460e+001  6.904540e+001  9.000000e+000
      vertex  8.035000e+001  7.000000e+001  9.000000e+000
    endloop
  endfacet
  facet normal -9.238816e-001  3.826783e-001  0.000000e+000
    outer loop
      vertex  7.995460e+001  6.904540e+001  1.000000e+000
      vertex  8.035000e+001  7.000000e+001  9.000000e+000
      vertex  8.035000e+001  7.000000e+001  1.000000e+000
    endloop
  endfacet
  facet normal -3.826783e-001  9.238816e-001  0.000000e+000
    outer loop
      vertex  7.995460e+001  6.904540e+001  9.000000e+000
      vertex  7.900000e+001  6.865000e+001  1.000000e+000
      vertex  7.900000e+001  6.865000e+001  9.000000e+000
    endloop
  endfacet
  facet normal  3.826783e-001  9.238816e-001  0.000000e+000
    outer loop
      vertex  7.900000e+001  6.865000e+001  9.000000e+000
      vertex  7.900000e+001  6.865000e+001  1.000000e+000
      vertex  7.804540e+001  6.904540e+001  1.000000e+000
    endloop
  endfacet
  facet normal  3.826783e-001  9.238816e-001  -0.000000e+000
    outer loop
      vertex  7.900000e+001  6.865000e+001  9.000000e+000
      vertex  7.804540e+001  6.904540e+001  1.000000e+000
      vertex  7.804540e+001  6.904540e+001  9.000000e+000
    endloop
  endfacet
  facet normal  9.238816e-001  3.826783e-001  0.000000e+000
    outer loop
      vertex  7.804540e+001  6.904540e+001  9.000000e+000
      vertex  7.804540e+001  6.904540e+001  1.000000e+000
      vertex  7.765000e+001  7.000000e+001  1.000000e+000
    endloop
  endfacet
  facet normal  9.238816e-001  3.826783e-001  -0.000000e+000
    outer loop
      vertex  7.804540e+001  6.904540e+001  9.000000e+000
      vertex  7.765000e+001  7.000000e+001  1.000000e+000
      vertex  7.765000e+001  7.000000e+001  9.000000e+000
    endloop
  endfacet
  facet normal  3.826783e-001 -9.238816e-001  0.000000e+000
    outer loop
      vertex  7.900000e+001  7.135000e+001  1.000000e+000
      vertex  7.804540e+001  7.095460e+001  9.000000e+000
      vertex  7.804540e+001  7.095460e+001  1.000000e+000
    endloop
  endfacet
  facet normal  9.238816e-001 -3.826783e-001  0.000000e+000
    outer loop
      vertex  7.804540e+001  7.095460e+001  1.000000e+000
      vertex  7.804540e+001  7.095460e+001  9.000000e+000
      vertex  7.765000e+001  7.000000e+001  9.000000e+000
    endloop
  endfacet
  facet normal  9.238816e-001 -3.826783e-001  0.000000e+000
    outer loop
      vertex  7.804540e+001  7.095460e+001  1.000000e+000
      vertex  7.765000e+001  7.000000e+001  9.000000e+000
      vertex  7.765000e+001  7.000000e+001  1.000000e+000
    endloop
  endfacet
  facet normal  3.826783e-001 -9.238816e-001  0.000000e+000
    outer loop
      vertex  7.804540e+001  7.095460e+001  9.000000e+000
      vertex  7.900000e+001  7.135000e+001  1.000000e+000
      vertex  7.900000e+001  7.135000e+001  9.000000e+000
    endloop
  endfacet
  facet normal -3.826783e-001 -9.238816e-001  -0.000000e+000
    outer loop
      vertex  7.900000e+001  7.135000e+001  9.000000e+000
      vertex  7.900000e+001  7.135000e+001  1.000000e+000
      vertex  7.995460e+001  7.095460e+001  1.000000e+000
    endloop
  endfacet
  facet normal -3.826783e-001 -9.238816e-001  0.000000e+000
    outer loop
      vertex  7.900000e+001  7.135000e+001  9.000000e+000
      vertex  7.995460e+001  7.095460e+001  1.000000e+000
      vertex  7.995460e+001  7.095460e+001  9.000000e+000
    endloop
  endfacet
  facet normal -9.238816e-001 -3.826783e-001  -0.000000e+000
    outer loop
      vertex  7.995460e+001  7.095460e+001  9.000000e+000
      vertex  7.995460e+001  7.095460e+001  1.000000e+000
      vertex  8.035000e+001  7.000000e+001  1.000000e+000
    endloop
  endfacet
  facet normal -9.238816e-001 -3.826783e-001  0.000000e+000
    outer loop
      vertex  7.995460e+001  7.095460e+001  9.000000e+000
      vertex  8.035000e+001  7.000000e+001  1.000000e+000
      vertex  8.035000e+001  7.000000e+001  9.000000e+000
    endloop
  endfacet
  facet normal  8.848723e-001  2.875073e-001 -3.665251e-001
    outer loop
      vertex  7.765000e+001  7.000000e+001  1.000000e+000
      vertex  7.767087e+001  6.903433e+001  2.928932e-001
      vertex  7.735711e+001  7.000000e+001  2.928932e-001
    endloop
  endfacet
  facet normal  8.278806e-001  3.429140e-001 -4.438736e-001
    outer loop
      vertex  7.765000e+001  7.000000e+001  1.000000e+000
      vertex  7.804540e+001  6.904540e+001  1.000000e+000
      vertex  7.767087e+001  6.903433e+001  2.928932e-001
    endloop
  endfacet
  facet normal -8.278806e-001  3.429140e-001 -4.438736e-001
    outer loop
      vertex  8.035000e+001  7.000000e+001  1.000000e+000
      vertex  8.032913e+001  6.903433e+001  2.928932e-001
      vertex  7.995460e+001  6.904540e+001  1.000000e+000
    endloop
  endfacet
  facet normal -8.848723e-001  2.875073e-001 -3.665251e-001
    outer loop
      vertex  8.035000e+001  7.000000e+001  1.000000e+000
      vertex  8.064289e+001  7.000000e+001  2.928932e-001
      vertex  8.032913e+001  6.903433e+001  2.928932e-001
    endloop
  endfacet
  facet normal -3.797588e-001  1.233889e-001 -9.168198e-001
    outer loop
      vertex  8.135000e+001  7.000000e+001  0.000000e+000
      vertex  8.032913e+001  6.903433e+001  2.928932e-001
      vertex  8.064289e+001  7.000000e+001  2.928932e-001
    endloop
  endfacet
  facet normal -4.201429e-001  1.740298e-001 -8.906141e-001
    outer loop
      vertex  8.135000e+001  7.000000e+001  0.000000e+000
      vertex  8.066170e+001  6.833830e+001  0.000000e+000
      vertex  8.032913e+001  6.903433e+001  2.928932e-001
    endloop
  endfacet
  facet normal  4.201429e-001  1.740298e-001 -8.906141e-001
    outer loop
      vertex  7.665000e+001  7.000000e+001  0.000000e+000
      vertex  7.767087e+001  6.903433e+001  2.928932e-001
      vertex  7.733830e+001  6.833830e+001  0.000000e+000
    endloop
  endfacet
  facet normal  3.797588e-001  1.233889e-001 -9.168198e-001
    outer loop
      vertex  7.665000e+001  7.000000e+001  0.000000e+000
      vertex  7.735711e+001  7.000000e+001  2.928932e-001
      vertex  7.767087e+001  6.903433e+001  2.928932e-001
    endloop
  endfacet
  facet normal  5.591676e-001  7.696293e-001 -3.082245e-001
    outer loop
      vertex  7.804540e+001  6.904540e+001  1.000000e+000
      vertex  7.849232e+001  6.843752e+001  2.928932e-001
      vertex  7.767087e+001  6.903433e+001  2.928932e-001
    endloop
  endfacet
  facet normal  0.000000e+000  9.576941e-001 -2.877880e-001
    outer loop
      vertex  7.900000e+001  6.865000e+001  1.000000e+000
      vertex  7.950768e+001  6.843752e+001  2.928932e-001
      vertex  7.849232e+001  6.843752e+001  2.928932e-001
    endloop
  endfacet
  facet normal  3.349717e-001  8.087059e-001 -4.835172e-001
    outer loop
      vertex  7.900000e+001  6.865000e+001  1.000000e+000
      vertex  7.849232e+001  6.843752e+001  2.928932e-001
      vertex  7.804540e+001  6.904540e+001  1.000000e+000
    endloop
  endfacet
  facet normal  1.842235e-001  4.447526e-001 -8.765026e-001
    outer loop
      vertex  7.849232e+001  6.843752e+001  2.928932e-001
      vertex  7.900000e+001  6.765000e+001  0.000000e+000
      vertex  7.733830e+001  6.833830e+001  0.000000e+000
    endloop
  endfacet
  facet normal  2.117156e-001  2.914020e-001 -9.328780e-001
    outer loop
      vertex  7.849232e+001  6.843752e+001  2.928932e-001
      vertex  7.733830e+001  6.833830e+001  0.000000e+000
      vertex  7.767087e+001  6.903433e+001  2.928932e-001
    endloop
  endfacet
  facet normal -5.591676e-001  7.696293e-001 -3.082245e-001
    outer loop
      vertex  7.995460e+001  6.904540e+001  1.000000e+000
      vertex  8.032913e+001  6.903433e+001  2.928932e-001
      vertex  7.950768e+001  6.843752e+001  2.928932e-001
    endloop
  endfacet
  facet normal -3.349717e-001  8.087059e-001 -4.835172e-001
    outer loop
      vertex  7.995460e+001  6.904540e+001  1.000000e+000
      vertex  7.950768e+001  6.843752e+001  2.928932e-001
      vertex  7.900000e+001  6.865000e+001  1.000000e+000
    endloop
  endfacet
  facet normal -1.842235e-001  4.447526e-001 -8.765026e-001
    outer loop
      vertex  7.950768e+001  6.843752e+001  2.928932e-001
      vertex  8.066170e+001  6.833830e+001  0.000000e+000
      vertex  7.900000e+001  6.765000e+001  0.000000e+000
    endloop
  endfacet
  facet normal  0.000000e+000  3.485924e-001 -9.372744e-001
    outer loop
      vertex  7.950768e+001  6.843752e+001  2.928932e-001
      vertex  7.900000e+001  6.765000e+001  0.000000e+000
      vertex  7.849232e+001  6.843752e+001  2.928932e-001
    endloop
  endfacet
  facet normal -2.117156e-001  2.914020e-001 -9.328780e-001
    outer loop
      vertex  8.032913e+001  6.903433e+001  2.928932e-001
      vertex  8.066170e+001  6.833830e+001  0.000000e+000
      vertex  7.950768e+001  6.843752e+001  2.928932e-001
    endloop
  endfacet
  facet normal -8.848723e-001 -2.875073e-001 -3.665251e-001
    outer loop
      vertex  8.035000e+001  7.000000e+001  1.000000e+000
      vertex  8.032913e+001  7.096567e+001  2.928932e-001
      vertex  8.064289e+001  7.000000e+001  2.928932e-001
    endloop
  endfacet
  facet normal -8.278806e-001 -3.429140e-001 -4.438736e-001
    outer loop
      vertex  8.035000e+001  7.000000e+001  1.000000e+000
      vertex  7.995460e+001  7.095460e+001  1.000000e+000
      vertex  8.032913e+001  7.096567e+001  2.928932e-001
    endloop
  endfacet
  facet normal  8.278806e-001 -3.429140e-001 -4.438736e-001
    outer loop
      vertex  7.765000e+001  7.000000e+001  1.000000e+000
      vertex  7.767087e+001  7.096567e+001  2.928932e-001
      vertex  7.804540e+001  7.095460e+001  1.000000e+000
    endloop
  endfacet
  facet normal  8.848723e-001 -2.875073e-001 -3.665251e-001
    outer loop
      vertex  7.765000e+001  7.000000e+001  1.000000e+000
      vertex  7.735711e+001  7.000000e+001  2.928932e-001
      vertex  7.767087e+001  7.096567e+001  2.928932e-001
    endloop
  endfacet
  facet normal  3.797588e-001 -1.233889e-001 -9.168198e-001
    outer loop
      vertex  7.665000e+001  7.000000e+001  0.000000e+000
      vertex  7.767087e+001  7.096567e+001  2.928932e-001
      vertex  7.735711e+001  7.000000e+001  2.928932e-001
    endloop
  endfacet
  facet normal  4.201429e-001 -1.740298e-001 -8.906141e-001
    outer loop
      vertex  7.665000e+001  7.000000e+001  0.000000e+000
      vertex  7.733830e+001  7.166170e+001  0.000000e+000
      vertex  7.767087e+001  7.096567e+001  2.928932e-001
    endloop
  endfacet
  facet normal -4.201429e-001 -1.740298e-001 -8.906141e-001
    outer loop
      vertex  8.135000e+001  7.000000e+001  0.000000e+000
      vertex  8.032913e+001  7.096567e+001  2.928932e-001
      vertex  8.066170e+001  7.166170e+001  0.000000e+000
    endloop
  endfacet
  facet normal -3.797588e-001 -1.233889e-001 -9.168198e-001
    outer loop
      vertex  8.135000e+001  7.000000e+001  0.000000e+000
      vertex  8.064289e+001  7.000000e+001  2.928932e-001
      vertex  8.032913e+001  7.096567e+001  2.928932e-001
    endloop
  endfacet
  facet normal -5.591676e-001 -7.696293e-001 -3.082245e-001
    outer loop
      vertex  7.995460e+001  7.095460e+001  1.000000e+000
      vertex  7.950768e+001  7.156248e+001  2.928932e-001
      vertex  8.032913e+001  7.096567e+001  2.928932e-001
    endloop
  endfacet
  facet normal  0.000000e+000 -9.576941e-001 -2.877880e-001
    outer loop
      vertex  7.900000e+001  7.135000e+001  1.000000e+000
      vertex  7.849232e+001  7.156248e+001  2.928932e-001
      vertex  7.950768e+001  7.156248e+001  2.928932e-001
    endloop
  endfacet
  facet normal -3.349717e-001 -8.087059e-001 -4.835172e-001
    outer loop
      vertex  7.900000e+001  7.135000e+001  1.000000e+000
      vertex  7.950768e+001  7.156248e+001  2.928932e-001
      vertex  7.995460e+001  7.095460e+001  1.000000e+000
    endloop
  endfacet
  facet normal -1.842235e-001 -4.447526e-001 -8.765026e-001
    outer loop
      vertex  7.950768e+001  7.156248e+001  2.928932e-001
      vertex  7.900000e+001  7.235000e+001  0.000000e+000
      vertex  8.066170e+001  7.166170e+001  0.000000e+000
    endloop
  endfacet
  facet normal -2.117156e-001 -2.914020e-001 -9.328780e-001
    outer loop
      vertex  7.950768e+001  7.156248e+001  2.928932e-001
      vertex  8.066170e+001  7.166170e+001  0.000000e+000
      vertex  8.032913e+001  7.096567e+001  2.928932e-001
    endloop
  endfacet
  facet normal  5.591676e-001 -7.696293e-001 -3.082245e-001
    outer loop
      vertex  7.804540e+001  7.095460e+001  1.000000e+000
      vertex  7.767087e+001  7.096567e+001  2.928932e-001
      vertex  7.849232e+001  7.156248e+001  2.928932e-001
    endloop
  endfacet
  facet normal  3.349717e-001 -8.087059e-001 -4.835172e-001
    outer loop
      vertex  7.804540e+001  7.095460e+001  1.000000e+000
      vertex  7.849232e+001  7.156248e+001  2.928932e-001
      vertex  7.900000e+001  7.135000e+001  1.000000e+000
    endloop
  endfacet
  facet normal  1.842235e-001 -4.447526e-001 -8.765026e-001
    outer loop
      vertex  7.849232e+001  7.156248e+001  2.928932e-001
      vertex  7.733830e+001  7.166170e+001  0.000000e+000
      vertex  7.900000e+001  7.235000e+001  0.000000e+000
    endloop
  endfacet
  facet normal  0.000000e+000 -3.485924e-001 -9.372744e-001
    outer loop
      vertex  7.849232e+001  7.156248e+001  2.928932e-001
      vertex  7.900000e+001  7.235000e+001  0.000000e+000
      vertex  7.950768e+001  7.156248e+001  2.928932e-001
    endloop
  endfacet
  facet normal  2.117156e-001 -2.914020e-001 -9.328780e-001
    outer loop
      vertex  7.767087e+001  7.096567e+001  2.928932e-001
      vertex  7.733830e+001  7.166170e+001  0.000000e+000
      vertex  7.849232e+001  7.156248e+001  2.928932e-001
    endloop
  endfacet
  facet normal -3.826783e-001  9.238816e-001  0.000000e+000
    outer loop
      vertex  7.900000e+001  1.266500e+002  1.000000e+000
      vertex  7.995460e+001  1.270454e+002  9.000000e+000
      vertex  7.995460e+001  1.270454e+002  1.000000e+000
    endloop
  endfacet
  facet normal -9.238816e-001  3.826783e-001  0.000000e+000
    outer loop
      vertex  7.995460e+001  1.270454e+002  1.000000e+000
      vertex  7.995460e+001  1.270454e+002  9.000000e+000
      vertex  8.035000e+001  1.280000e+002  9.000000e+000
    endloop
  endfacet
  facet normal -9.238816e-001  3.826783e-001  0.000000e+000
    outer loop
      vertex  7.995460e+001  1.270454e+002  1.000000e+000
      vertex  8.035000e+001  1.280000e+002  9.000000e+000
      vertex  8.035000e+001  1.280000e+002  1.000000e+000
    endloop
  endfacet
  facet normal -3.826783e-001  9.238816e-001  0.000000e+000
    outer loop
      vertex  7.995460e+001  1.270454e+002  9.000000e+000
      vertex  7.900000e+001  1.266500e+002  1.000000e+000
      vertex  7.900000e+001  1.266500e+002  9.000000e+000
    endloop
  endfacet
  facet normal  3.826783e-001  9.238816e-001  0.000000e+000
    outer loop
      vertex  7.900000e+001  1.266500e+002  9.000000e+000
      vertex  7.900000e+001  1.266500e+002  1.000000e+000
      vertex  7.804540e+001  1.270454e+002  1.000000e+000
    endloop
  endfacet
  facet normal  3.826783e-001  9.238816e-001  -0.000000e+000
    outer loop
      vertex  7.900000e+001  1.266500e+002  9.000000e+000
      vertex  7.804540e+001  1.270454e+002  1.000000e+000
      vertex  7.804540e+001  1.270454e+002  9.000000e+000
    endloop
  endfacet
  facet normal  9.238816e-001  3.826783e-001  0.000000e+000
    outer loop
      vertex  7.804540e+001  1.270454e+002  9.000000e+000
      vertex  7.804540e+001  1.270454e+002  1.000000e+000
      vertex  7.765000e+001  1.280000e+002  1.000000e+000
    endloop
  endfacet
  facet normal  9.238816e-001  3.826783e-001  -0.000000e+000
    outer loop
      vertex  7.804540e+001  1.270454e+002  9.000000e+000
      vertex  7.765000e+001  1.280000e+002  1.000000e+000
      vertex  7.765000e+001  1.280000e+002  9.000000e+000
    endloop
  endfacet
  facet normal  3.826909e-001 -9.238764e-001  0.000000e+000
    outer loop
      vertex  7.900000e+001  1.293500e+002  1.000000e+000
      vertex  7.804540e+001  1.289546e+002  9.000000e+000
      vertex  7.804540e+001  1.289546e+002  1.000000e+000
    endloop
  endfacet
  facet normal  9.238806e-001 -3.826809e-001  0.000000e+000
    outer loop
      vertex  7.804540e+001  1.289546e+002  1.000000e+000
      vertex  7.804540e+001  1.289546e+002  9.000000e+000
      vertex  7.765000e+001  1.280000e+002  9.000000e+000
    endloop
  endfacet
  facet normal  9.238806e-001 -3.826809e-001  0.000000e+000
    outer loop
      vertex  7.804540e+001  1.289546e+002  1.000000e+000
      vertex  7.765000e+001  1.280000e+002  9.000000e+000
      vertex  7.765000e+001  1.280000e+002  1.000000e+000
    endloop
  endfacet
  facet normal  3.826909e-001 -9.238764e-001  0.000000e+000
    outer loop
      vertex  7.804540e+001  1.289546e+002  9.000000e+000
      vertex  7.900000e+001  1.293500e+002  1.000000e+000
      vertex  7.900000e+001  1.293500e+002  9.000000e+000
    endloop
  endfacet
  facet normal -3.826909e-001 -9.238764e-001  -0.000000e+000
    outer loop
      vertex  7.900000e+001  1.293500e+002  9.000000e+000
      vertex  7.900000e+001  1.293500e+002  1.000000e+000
      vertex  7.995460e+001  1.289546e+002  1.000000e+000
    endloop
  endfacet
  facet normal -3.826909e-001 -9.238764e-001  0.000000e+000
    outer loop
      vertex  7.900000e+001  1.293500e+002  9.000000e+000
      vertex  7.995460e+001  1.289546e+002  1.000000e+000
      vertex  7.995460e+001  1.289546e+002  9.000000e+000
    endloop
  endfacet
  facet normal -9.238806e-001 -3.826809e-001  -0.000000e+000
    outer loop
      vertex  7.995460e+001  1.289546e+002  9.000000e+000
      vertex  7.995460e+001  1.289546e+002  1.000000e+000
      vertex  8.035000e+001  1.280000e+002  1.000000e+000
    endloop
  endfacet
  facet normal -9.238806e-001 -3.826809e-001  0.000000e+000
    outer loop
      vertex  7.995460e+001  1.289546e+002  9.000000e+000
      vertex  8.035000e+001  1.280000e+002  1.000000e+000
      vertex  8.035000e+001  1.280000e+002  9.000000e+000
    endloop
  endfacet
  facet normal  8.848723e-001  2.875073e-001 -3.665251e-001
    outer loop
      vertex  7.765000e+001  1.280000e+002  1.000000e+000
      vertex  7.767087e+001  1.270343e+002  2.928932e-001
      vertex  7.735711e+001  1.280000e+002  2.928932e-001
    endloop
  endfacet
  facet normal  8.278806e-001  3.429140e-001 -4.438736e-001
    outer loop
      vertex  7.765000e+001  1.280000e+002  1.000000e+000
      vertex  7.804540e+001  1.270454e+002  1.000000e+000
      vertex  7.767087e+001  1.270343e+002  2.928932e-001
    endloop
  endfacet
  facet normal -8.278806e-001  3.429140e-001 -4.438736e-001
    outer loop
      vertex  8.035000e+001  1.280000e+002  1.000000e+000
      vertex  8.032913e+001  1.270343e+002  2.928932e-001
      vertex  7.995460e+001  1.270454e+002  1.000000e+000
    endloop
  endfacet
  facet normal -8.848723e-001  2.875073e-001 -3.665251e-001
    outer loop
      vertex  8.035000e+001  1.280000e+002  1.000000e+000
      vertex  8.064289e+001  1.280000e+002  2.928932e-001
      vertex  8.032913e+001  1.270343e+002  2.928932e-001
    endloop
  endfacet
  facet normal -3.797588e-001  1.233889e-001 -9.168198e-001
    outer loop
      vertex  8.135000e+001  1.280000e+002  0.000000e+000
      vertex  8.032913e+001  1.270343e+002  2.928932e-001
      vertex  8.064289e+001  1.280000e+002  2.928932e-001
    endloop
  endfacet
  facet normal -4.201429e-001  1.740298e-001 -8.906141e-001
    outer loop
      vertex  8.135000e+001  1.280000e+002  0.000000e+000
      vertex  8.066170e+001  1.263383e+002  0.000000e+000
      vertex  8.032913e+001  1.270343e+002  2.928932e-001
    endloop
  endfacet
  facet normal  4.201429e-001  1.740298e-001 -8.906141e-001
    outer loop
      vertex  7.665000e+001  1.280000e+002  0.000000e+000
      vertex  7.767087e+001  1.270343e+002  2.928932e-001
      vertex  7.733830e+001  1.263383e+002  0.000000e+000
    endloop
  endfacet
  facet normal  3.797588e-001  1.233889e-001 -9.168198e-001
    outer loop
      vertex  7.665000e+001  1.280000e+002  0.000000e+000
      vertex  7.735711e+001  1.280000e+002  2.928932e-001
      vertex  7.767087e+001  1.270343e+002  2.928932e-001
    endloop
  endfacet
  facet normal  5.591676e-001  7.696293e-001 -3.082245e-001
    outer loop
      vertex  7.804540e+001  1.270454e+002  1.000000e+000
      vertex  7.849232e+001  1.264375e+002  2.928932e-001
      vertex  7.767087e+001  1.270343e+002  2.928932e-001
    endloop
  endfacet
  facet normal  0.000000e+000  9.576941e-001 -2.877880e-001
    outer loop
      vertex  7.900000e+001  1.266500e+002  1.000000e+000
      vertex  7.950768e+001  1.264375e+002  2.928932e-001
      vertex  7.849232e+001  1.264375e+002  2.928932e-001
    endloop
  endfacet
  facet normal  3.349717e-001  8.087059e-001 -4.835172e-001
    outer loop
      vertex  7.900000e+001  1.266500e+002  1.000000e+000
      vertex  7.849232e+001  1.264375e+002  2.928932e-001
      vertex  7.804540e+001  1.270454e+002  1.000000e+000
    endloop
  endfacet
  facet normal  1.842235e-001  4.447526e-001 -8.765026e-001
    outer loop
      vertex  7.849232e+001  1.264375e+002  2.928932e-001
      vertex  7.900000e+001  1.256500e+002  0.000000e+000
      vertex  7.733830e+001  1.263383e+002  0.000000e+000
    endloop
  endfacet
  facet normal  2.117156e-001  2.914020e-001 -9.328780e-001
    outer loop
      vertex  7.849232e+001  1.264375e+002  2.928932e-001
      vertex  7.733830e+001  1.263383e+002  0.000000e+000
      vertex  7.767087e+001  1.270343e+002  2.928932e-001
    endloop
  endfacet
  facet normal -5.591676e-001  7.696293e-001 -3.082245e-001
    outer loop
      vertex  7.995460e+001  1.270454e+002  1.000000e+000
      vertex  8.032913e+001  1.270343e+002  2.928932e-001
      vertex  7.950768e+001  1.264375e+002  2.928932e-001
    endloop
  endfacet
  facet normal -3.349717e-001  8.087059e-001 -4.835172e-001
    outer loop
      vertex  7.995460e+001  1.270454e+002  1.000000e+000
      vertex  7.950768e+001  1.264375e+002  2.928932e-001
      vertex  7.900000e+001  1.266500e+002  1.000000e+000
    endloop
  endfacet
  facet normal -1.842235e-001  4.447526e-001 -8.765026e-001
    outer loop
      vertex  7.950768e+001  1.264375e+002  2.928932e-001
      vertex  8.066170e+001  1.263383e+002  0.000000e+000
      vertex  7.900000e+001  1.256500e+002  0.000000e+000
    endloop
  endfacet
  facet normal  0.000000e+000  3.485924e-001 -9.372744e-001
    outer loop
      vertex  7.950768e+001  1.264375e+002  2.928932e-001
      vertex  7.900000e+001  1.256500e+002  0.000000e+000
      vertex  7.849232e+001  1.264375e+002  2.928932e-001
    endloop
  endfacet
  facet normal -2.117156e-001  2.914020e-001 -9.328780e-001
    outer loop
      vertex  8.032913e+001  1.270343e+002  2.928932e-001
      vertex  8.066170e+001  1.263383e+002  0.000000e+000
      vertex  7.950768e+001  1.264375e+002  2.928932e-001
    endloop
  endfacet
  facet normal -8.848723e-001 -2.875073e-001 -3.665251e-001
    outer loop
      vertex  8.035000e+001  1.280000e+002  1.000000e+000
      vertex  8.032913e+001  1.289657e+002  2.928932e-001
      vertex  8.064289e+001  1.280000e+002  2.928932e-001
    endloop
  endfacet
  facet normal -8.278784e-001 -3.429158e-001 -4.438762e-001
    outer loop
      vertex  8.035000e+001  1.280000e+002  1.000000e+000
      vertex  7.995460e+001  1.289546e+002  1.000000e+000
      vertex  8.032913e+001  1.289657e+002  2.928932e-001
    endloop
  endfacet
  facet normal  8.278784e-001 -3.429158e-001 -4.438762e-001
    outer loop
      vertex  7.765000e+001  1.280000e+002  1.000000e+000
      vertex  7.767087e+001  1.289657e+002  2.928932e-001
      vertex  7.804540e+001  1.289546e+002  1.000000e+000
    endloop
  endfacet
  facet normal  8.848723e-001 -2.875073e-001 -3.665251e-001
    outer loop
      vertex  7.765000e+001  1.280000e+002  1.000000e+000
      vertex  7.735711e+001  1.280000e+002  2.928932e-001
      vertex  7.767087e+001  1.289657e+002  2.928932e-001
    endloop
  endfacet
  facet normal  3.797588e-001 -1.233889e-001 -9.168198e-001
    outer loop
      vertex  7.665000e+001  1.280000e+002  0.000000e+000
      vertex  7.767087e+001  1.289657e+002  2.928932e-001
      vertex  7.735711e+001  1.280000e+002  2.928932e-001
    endloop
  endfacet
  facet normal  4.201429e-001 -1.740298e-001 -8.906141e-001
    outer loop
      vertex  7.665000e+001  1.280000e+002  0.000000e+000
      vertex  7.733830e+001  1.296617e+002  0.000000e+000
      vertex  7.767087e+001  1.289657e+002  2.928932e-001
    endloop
  endfacet
  facet normal -4.201429e-001 -1.740298e-001 -8.906141e-001
    outer loop
      vertex  8.135000e+001  1.280000e+002  0.000000e+000
      vertex  8.032913e+001  1.289657e+002  2.928932e-001
      vertex  8.066170e+001  1.296617e+002  0.000000e+000
    endloop
  endfacet
  facet normal -3.797588e-001 -1.233889e-001 -9.168198e-001
    outer loop
      vertex  8.135000e+001  1.280000e+002  0.000000e+000
      vertex  8.064289e+001  1.280000e+002  2.928932e-001
      vertex  8.032913e+001  1.289657e+002  2.928932e-001
    endloop
  endfacet
  facet normal -5.591662e-001 -7.696273e-001 -3.082320e-001
    outer loop
      vertex  7.995460e+001  1.289546e+002  1.000000e+000
      vertex  7.950768e+001  1.295625e+002  2.928932e-001
      vertex  8.032913e+001  1.289657e+002  2.928932e-001
    endloop
  endfacet
  facet normal  0.000000e+000 -9.576970e-001 -2.877786e-001
    outer loop
      vertex  7.900000e+001  1.293500e+002  1.000000e+000
      vertex  7.849232e+001  1.295625e+002  2.928932e-001
      vertex  7.950768e+001  1.295625e+002  2.928932e-001
    endloop
  endfacet
  facet normal -3.349831e-001 -8.087022e-001 -4.835155e-001
    outer loop
      vertex  7.900000e+001  1.293500e+002  1.000000e+000
      vertex  7.950768e+001  1.295625e+002  2.928932e-001
      vertex  7.995460e+001  1.289546e+002  1.000000e+000
    endloop
  endfacet
  facet normal -1.842242e-001 -4.447493e-001 -8.765041e-001
    outer loop
      vertex  7.950768e+001  1.295625e+002  2.928932e-001
      vertex  7.900000e+001  1.303500e+002  0.000000e+000
      vertex  8.066170e+001  1.296617e+002  0.000000e+000
    endloop
  endfacet
  facet normal -2.117156e-001 -2.914020e-001 -9.328780e-001
    outer loop
      vertex  7.950768e+001  1.295625e+002  2.928932e-001
      vertex  8.066170e+001  1.296617e+002  0.000000e+000
      vertex  8.032913e+001  1.289657e+002  2.928932e-001
    endloop
  endfacet
  facet normal  5.591662e-001 -7.696273e-001 -3.082320e-001
    outer loop
      vertex  7.804540e+001  1.289546e+002  1.000000e+000
      vertex  7.767087e+001  1.289657e+002  2.928932e-001
      vertex  7.849232e+001  1.295625e+002  2.928932e-001
    endloop
  endfacet
  facet normal  3.349831e-001 -8.087022e-001 -4.835155e-001
    outer loop
      vertex  7.804540e+001  1.289546e+002  1.000000e+000
      vertex  7.849232e+001  1.295625e+002  2.928932e-001
      vertex  7.900000e+001  1.293500e+002  1.000000e+000
    endloop
  endfacet
  facet normal  1.842242e-001 -4.447493e-001 -8.765041e-001
    outer loop
      vertex  7.849232e+001  1.295625e+002  2.928932e-001
      vertex  7.733830e+001  1.296617e+002  0.000000e+000
      vertex  7.900000e+001  1.303500e+002  0.000000e+000
    endloop
  endfacet
  facet normal  0.000000e+000 -3.485895e-001 -9.372755e-001
    outer loop
      vertex  7.849232e+001  1.295625e+002  2.928932e-001
      vertex  7.900000e+001  1.303500e+002  0.000000e+000
      vertex  7.950768e+001  1.295625e+002  2.928932e-001
    endloop
  endfacet
  facet normal  2.117156e-001 -2.914020e-001 -9.328780e-001
    outer loop
      vertex  7.767087e+001  1.289657e+002  2.928932e-001
      vertex  7.733830e+001  1.296617e+002  0.000000e+000
      vertex  7.849232e+001  1.295625e+002  2.928932e-001
    endloop
  endfacet
  facet normal -3.826796e-001  9.238811e-001  0.000000e+000
    outer loop
      vertex  3.000000e+001  1.266500e+002  1.000000e+000
      vertex  3.095459e+001  1.270454e+002  9.000000e+000
      vertex  3.095459e+001  1.270454e+002  1.000000e+000
    endloop
  endfacet
  facet normal -9.238797e-001  3.826830e-001  0.000000e+000
    outer loop
      vertex  3.095459e+001  1.270454e+002  1.000000e+000
      vertex  3.095459e+001  1.270454e+002  9.000000e+000
      vertex  3.135000e+001  1.280000e+002  9.000000e+000
    endloop
  endfacet
  facet normal -9.238797e-001  3.826830e-001  0.000000e+000
    outer loop
      vertex  3.095459e+001  1.270454e+002  1.000000e+000
      vertex  3.135000e+001  1.280000e+002  9.000000e+000
      vertex  3.135000e+001  1.280000e+002  1.000000e+000
    endloop
  endfacet
  facet normal -3.826796e-001  9.238811e-001  0.000000e+000
    outer loop
      vertex  3.095459e+001  1.270454e+002  9.000000e+000
      vertex  3.000000e+001  1.266500e+002  1.000000e+000
      vertex  3.000000e+001  1.266500e+002  9.000000e+000
    endloop
  endfacet
  facet normal  3.826796e-001  9.238811e-001  0.000000e+000
    outer loop
      vertex  3.000000e+001  1.266500e+002  9.000000e+000
      vertex  3.000000e+001  1.266500e+002  1.000000e+000
      vertex  2.904541e+001  1.270454e+002  1.000000e+000
    endloop
  endfacet
  facet normal  3.826796e-001  9.238811e-001  -0.000000e+000
    outer loop
      vertex  3.000000e+001  1.266500e+002  9.000000e+000
      vertex  2.904541e+001  1.270454e+002  1.000000e+000
      vertex  2.904541e+001  1.270454e+002  9.000000e+000
    endloop
  endfacet
  facet normal  9.238797e-001  3.826830e-001  0.000000e+000
    outer loop
      vertex  2.904541e+001  1.270454e+002  9.000000e+000
      vertex  2.904541e+001  1.270454e+002  1.000000e+000
      vertex  2.865000e+001  1.280000e+002  1.000000e+000
    endloop
  endfacet
  facet normal  9.238797e-001  3.826830e-001  -0.000000e+000
    outer loop
      vertex  2.904541e+001  1.270454e+002  9.000000e+000
      vertex  2.865000e+001  1.280000e+002  1.000000e+000
      vertex  2.865000e+001  1.280000e+002  9.000000e+000
    endloop
  endfacet
  facet normal  3.826922e-001 -9.238759e-001  0.000000e+000
    outer loop
      vertex  3.000000e+001  1.293500e+002  1.000000e+000
      vertex  2.904541e+001  1.289546e+002  9.000000e+000
      vertex  2.904541e+001  1.289546e+002  1.000000e+000
    endloop
  endfacet
  facet normal  9.238786e-001 -3.826856e-001  0.000000e+000
    outer loop
      vertex  2.904541e+001  1.289546e+002  1.000000e+000
      vertex  2.904541e+001  1.289546e+002  9.000000e+000
      vertex  2.865000e+001  1.280000e+002  9.000000e+000
    endloop
  endfacet
  facet normal  9.238786e-001 -3.826856e-001  0.000000e+000
    outer loop
      vertex  2.904541e+001  1.289546e+002  1.000000e+000
      vertex  2.865000e+001  1.280000e+002  9.000000e+000
      vertex  2.865000e+001  1.280000e+002  1.000000e+000
    endloop
  endfacet
  facet normal  3.826922e-001 -9.238759e-001  0.000000e+000
    outer loop
      vertex  2.904541e+001  1.289546e+002  9.000000e+000
      vertex  3.000000e+001  1.293500e+002  1.000000e+000
      vertex  3.000000e+001  1.293500e+002  9.000000e+000
    endloop
  endfacet
  facet normal -3.826922e-001 -9.238759e-001  -0.000000e+000
    outer loop
      vertex  3.000000e+001  1.293500e+002  9.000000e+000
      vertex  3.000000e+001  1.293500e+002  1.000000e+000
      vertex  3.095459e+001  1.289546e+002  1.000000e+000
    endloop
  endfacet
  facet normal -3.826922e-001 -9.238759e-001  0.000000e+000
    outer loop
      vertex  3.000000e+001  1.293500e+002  9.000000e+000
      vertex  3.095459e+001  1.289546e+002  1.000000e+000
      vertex  3.095459e+001  1.289546e+002  9.000000e+000
    endloop
  endfacet
  facet normal -9.238786e-001 -3.826856e-001  -0.000000e+000
    outer loop
      vertex  3.095459e+001  1.289546e+002  9.000000e+000
      vertex  3.095459e+001  1.289546e+002  1.000000e+000
      vertex  3.135000e+001  1.280000e+002  1.000000e+000
    endloop
  endfacet
  facet normal -9.238786e-001 -3.826856e-001  0.000000e+000
    outer loop
      vertex  3.095459e+001  1.289546e+002  9.000000e+000
      vertex  3.135000e+001  1.280000e+002  1.000000e+000
      vertex  3.135000e+001  1.280000e+002  9.000000e+000
    endloop
  endfacet
  facet normal  8.848709e-001  2.875121e-001 -3.665245e-001
    outer loop
      vertex  2.865000e+001  1.280000e+002  1.000000e+000
      vertex  2.867087e+001  1.270343e+002  2.928932e-001
      vertex  2.835711e+001  1.280000e+002  2.928932e-001
    endloop
  endfacet
  facet normal  8.278791e-001  3.429183e-001 -4.438730e-001
    outer loop
      vertex  2.865000e+001  1.280000e+002  1.000000e+000
      vertex  2.904541e+001  1.270454e+002  1.000000e+000
      vertex  2.867087e+001  1.270343e+002  2.928932e-001
    endloop
  endfacet
  facet normal -8.278791e-001  3.429183e-001 -4.438730e-001
    outer loop
      vertex  3.135000e+001  1.280000e+002  1.000000e+000
      vertex  3.132913e+001  1.270343e+002  2.928932e-001
      vertex  3.095459e+001  1.270454e+002  1.000000e+000
    endloop
  endfacet
  facet normal -8.848709e-001  2.875121e-001 -3.665245e-001
    outer loop
      vertex  3.135000e+001  1.280000e+002  1.000000e+000
      vertex  3.164289e+001  1.280000e+002  2.928932e-001
      vertex  3.132913e+001  1.270343e+002  2.928932e-001
    endloop
  endfacet
  facet normal -3.797595e-001  1.233914e-001 -9.168190e-001
    outer loop
      vertex  3.235000e+001  1.280000e+002  0.000000e+000
      vertex  3.132913e+001  1.270343e+002  2.928932e-001
      vertex  3.164289e+001  1.280000e+002  2.928932e-001
    endloop
  endfacet
  facet normal -4.201398e-001  1.740275e-001 -8.906161e-001
    outer loop
      vertex  3.235000e+001  1.280000e+002  0.000000e+000
      vertex  3.166170e+001  1.263383e+002  0.000000e+000
      vertex  3.132913e+001  1.270343e+002  2.928932e-001
    endloop
  endfacet
  facet normal  4.201393e-001  1.740278e-001 -8.906162e-001
    outer loop
      vertex  2.765000e+001  1.280000e+002  0.000000e+000
      vertex  2.867087e+001  1.270343e+002  2.928932e-001
      vertex  2.833830e+001  1.263383e+002  0.000000e+000
    endloop
  endfacet
  facet normal  3.797587e-001  1.233911e-001 -9.168195e-001
    outer loop
      vertex  2.765000e+001  1.280000e+002  0.000000e+000
      vertex  2.835711e+001  1.280000e+002  2.928932e-001
      vertex  2.867087e+001  1.270343e+002  2.928932e-001
    endloop
  endfacet
  facet normal  5.591692e-001  7.696278e-001 -3.082253e-001
    outer loop
      vertex  2.904541e+001  1.270454e+002  1.000000e+000
      vertex  2.949232e+001  1.264375e+002  2.928932e-001
      vertex  2.867087e+001  1.270343e+002  2.928932e-001
    endloop
  endfacet
  facet normal  0.000000e+000  9.576941e-001 -2.877880e-001
    outer loop
      vertex  3.000000e+001  1.266500e+002  1.000000e+000
      vertex  3.050768e+001  1.264375e+002  2.928932e-001
      vertex  2.949232e+001  1.264375e+002  2.928932e-001
    endloop
  endfacet
  facet normal  3.349727e-001  8.087051e-001 -4.835176e-001
    outer loop
      vertex  3.000000e+001  1.266500e+002  1.000000e+000
      vertex  2.949232e+001  1.264375e+002  2.928932e-001
      vertex  2.904541e+001  1.270454e+002  1.000000e+000
    endloop
  endfacet
  facet normal  1.842230e-001  4.447523e-001 -8.765029e-001
    outer loop
      vertex  2.949232e+001  1.264375e+002  2.928932e-001
      vertex  3.000000e+001  1.256500e+002  0.000000e+000
      vertex  2.833830e+001  1.263383e+002  0.000000e+000
    endloop
  endfacet
  facet normal  2.117152e-001  2.914001e-001 -9.328787e-001
    outer loop
      vertex  2.949232e+001  1.264375e+002  2.928932e-001
      vertex  2.833830e+001  1.263383e+002  0.000000e+000
      vertex  2.867087e+001  1.270343e+002  2.928932e-001
    endloop
  endfacet
  facet normal -5.591692e-001  7.696278e-001 -3.082253e-001
    outer loop
      vertex  3.095459e+001  1.270454e+002  1.000000e+000
      vertex  3.132913e+001  1.270343e+002  2.928932e-001
      vertex  3.050768e+001  1.264375e+002  2.928932e-001
    endloop
  endfacet
  facet normal -3.349727e-001  8.087051e-001 -4.835176e-001
    outer loop
      vertex  3.095459e+001  1.270454e+002  1.000000e+000
      vertex  3.050768e+001  1.264375e+002  2.928932e-001
      vertex  3.000000e+001  1.266500e+002  1.000000e+000
    endloop
  endfacet
  facet normal -1.842230e-001  4.447523e-001 -8.765029e-001
    outer loop
      vertex  3.050768e+001  1.264375e+002  2.928932e-001
      vertex  3.166170e+001  1.263383e+002  0.000000e+000
      vertex  3.000000e+001  1.256500e+002  0.000000e+000
    endloop
  endfacet
  facet normal  0.000000e+000  3.485924e-001 -9.372744e-001
    outer loop
      vertex  3.050768e+001  1.264375e+002  2.928932e-001
      vertex  3.000000e+001  1.256500e+002  0.000000e+000
      vertex  2.949232e+001  1.264375e+002  2.928932e-001
    endloop
  endfacet
  facet normal -2.117152e-001  2.914001e-001 -9.328787e-001
    outer loop
      vertex  3.132913e+001  1.270343e+002  2.928932e-001
      vertex  3.166170e+001  1.263383e+002  0.000000e+000
      vertex  3.050768e+001  1.264375e+002  2.928932e-001
    endloop
  endfacet
  facet normal -8.848709e-001 -2.875121e-001 -3.665245e-001
    outer loop
      vertex  3.135000e+001  1.280000e+002  1.000000e+000
      vertex  3.132913e+001  1.289657e+002  2.928932e-001
      vertex  3.164289e+001  1.280000e+002  2.928932e-001
    endloop
  endfacet
  facet normal -8.278769e-001 -3.429202e-001 -4.438756e-001
    outer loop
      vertex  3.135000e+001  1.280000e+002  1.000000e+000
      vertex  3.095459e+001  1.289546e+002  1.000000e+000
      vertex  3.132913e+001  1.289657e+002  2.928932e-001
    endloop
  endfacet
  facet normal  8.278769e-001 -3.429202e-001 -4.438756e-001
    outer loop
      vertex  2.865000e+001  1.280000e+002  1.000000e+000
      vertex  2.867087e+001  1.289657e+002  2.928932e-001
      vertex  2.904541e+001  1.289546e+002  1.000000e+000
    endloop
  endfacet
  facet normal  8.848709e-001 -2.875121e-001 -3.665245e-001
    outer loop
      vertex  2.865000e+001  1.280000e+002  1.000000e+000
      vertex  2.835711e+001  1.280000e+002  2.928932e-001
      vertex  2.867087e+001  1.289657e+002  2.928932e-001
    endloop
  endfacet
  facet normal  3.797587e-001 -1.233911e-001 -9.168195e-001
    outer loop
      vertex  2.765000e+001  1.280000e+002  0.000000e+000
      vertex  2.867087e+001  1.289657e+002  2.928932e-001
      vertex  2.835711e+001  1.280000e+002  2.928932e-001
    endloop
  endfacet
  facet normal  4.201393e-001 -1.740278e-001 -8.906162e-001
    outer loop
      vertex  2.765000e+001  1.280000e+002  0.000000e+000
      vertex  2.833830e+001  1.296617e+002  0.000000e+000
      vertex  2.867087e+001  1.289657e+002  2.928932e-001
    endloop
  endfacet
  facet normal -4.201398e-001 -1.740275e-001 -8.906161e-001
    outer loop
      vertex  3.235000e+001  1.280000e+002  0.000000e+000
      vertex  3.132913e+001  1.289657e+002  2.928932e-001
      vertex  3.166170e+001  1.296617e+002  0.000000e+000
    endloop
  endfacet
  facet normal -3.797595e-001 -1.233914e-001 -9.168190e-001
    outer loop
      vertex  3.235000e+001  1.280000e+002  0.000000e+000
      vertex  3.164289e+001  1.280000e+002  2.928932e-001
      vertex  3.132913e+001  1.289657e+002  2.928932e-001
    endloop
  endfacet
  facet normal -5.591677e-001 -7.696259e-001 -3.082328e-001
    outer loop
      vertex  3.095459e+001  1.289546e+002  1.000000e+000
      vertex  3.050768e+001  1.295625e+002  2.928932e-001
      vertex  3.132913e+001  1.289657e+002  2.928932e-001
    endloop
  endfacet
  facet normal  0.000000e+000 -9.576970e-001 -2.877786e-001
    outer loop
      vertex  3.000000e+001  1.293500e+002  1.000000e+000
      vertex  2.949232e+001  1.295625e+002  2.928932e-001
      vertex  3.050768e+001  1.295625e+002  2.928932e-001
    endloop
  endfacet
  facet normal -3.349841e-001 -8.087014e-001 -4.835159e-001
    outer loop
      vertex  3.000000e+001  1.293500e+002  1.000000e+000
      vertex  3.050768e+001  1.295625e+002  2.928932e-001
      vertex  3.095459e+001  1.289546e+002  1.000000e+000
    endloop
  endfacet
  facet normal -1.842236e-001 -4.447490e-001 -8.765044e-001
    outer loop
      vertex  3.050768e+001  1.295625e+002  2.928932e-001
      vertex  3.000000e+001  1.303500e+002  0.000000e+000
      vertex  3.166170e+001  1.296617e+002  0.000000e+000
    endloop
  endfacet
  facet normal -2.117152e-001 -2.914001e-001 -9.328787e-001
    outer loop
      vertex  3.050768e+001  1.295625e+002  2.928932e-001
      vertex  3.166170e+001  1.296617e+002  0.000000e+000
      vertex  3.132913e+001  1.289657e+002  2.928932e-001
    endloop
  endfacet
  facet normal  5.591677e-001 -7.696259e-001 -3.082328e-001
    outer loop
      vertex  2.904541e+001  1.289546e+002  1.000000e+000
      vertex  2.867087e+001  1.289657e+002  2.928932e-001
      vertex  2.949232e+001  1.295625e+002  2.928932e-001
    endloop
  endfacet
  facet normal  3.349841e-001 -8.087014e-001 -4.835159e-001
    outer loop
      vertex  2.904541e+001  1.289546e+002  1.000000e+000
      vertex  2.949232e+001  1.295625e+002  2.928932e-001
      vertex  3.000000e+001  1.293500e+002  1.000000e+000
    endloop
  endfacet
  facet normal  1.842236e-001 -4.447490e-001 -8.765044e-001
    outer loop
      vertex  2.949232e+001  1.295625e+002  2.928932e-001
      vertex  2.833830e+001  1.296617e+002  0.000000e+000
      vertex  3.000000e+001  1.303500e+002  0.000000e+000
    endloop
  endfacet
  facet normal  0.000000e+000 -3.485895e-001 -9.372755e-001
    outer loop
      vertex  2.949232e+001  1.295625e+002  2.928932e-001
      vertex  3.000000e+001  1.303500e+002  0.000000e+000
      vertex  3.050768e+001  1.295625e+002  2.928932e-001
    endloop
  endfacet
  facet normal  2.117152e-001 -2.914001e-001 -9.328787e-001
    outer loop
      vertex  2.867087e+001  1.289657e+002  2.928932e-001
      vertex  2.833830e+001  1.296617e+002  0.000000e+000
      vertex  2.949232e+001  1.295625e+002  2.928932e-001
    endloop
  endfacet
  facet normal -3.826796e-001  9.238811e-001  0.000000e+000
    outer loop
      vertex  3.000000e+001  6.865000e+001  1.000000e+000
      vertex  3.095459e+001  6.904540e+001  9.000000e+000
      vertex  3.095459e+001  6.904540e+001  1.000000e+000
    endloop
  endfacet
  facet normal -9.238797e-001  3.826830e-001  0.000000e+000
    outer loop
      vertex  3.095459e+001  6.904540e+001  1.000000e+000
      vertex  3.095459e+001  6.904540e+001  9.000000e+000
      vertex  3.135000e+001  7.000000e+001  9.000000e+000
    endloop
  endfacet
  facet normal -9.238797e-001  3.826830e-001  0.000000e+000
    outer loop
      vertex  3.095459e+001  6.904540e+001  1.000000e+000
      vertex  3.135000e+001  7.000000e+001  9.000000e+000
      vertex  3.135000e+001  7.000000e+001  1.000000e+000
    endloop
  endfacet
  facet normal -3.826796e-001  9.238811e-001  0.000000e+000
    outer loop
      vertex  3.095459e+001  6.904540e+001  9.000000e+000
      vertex  3.000000e+001  6.865000e+001  1.000000e+000
      vertex  3.000000e+001  6.865000e+001  9.000000e+000
    endloop
  endfacet
  facet normal  3.826796e-001  9.238811e-001  0.000000e+000
    outer loop
      vertex  3.000000e+001  6.865000e+001  9.000000e+000
      vertex  3.000000e+001  6.865000e+001  1.000000e+000
      vertex  2.904541e+001  6.904540e+001  1.000000e+000
    endloop
  endfacet
  facet normal  3.826796e-001  9.238811e-001  -0.000000e+000
    outer loop
      vertex  3.000000e+001  6.865000e+001  9.000000e+000
      vertex  2.904541e+001  6.904540e+001  1.000000e+000
      vertex  2.904541e+001  6.904540e+001  9.000000e+000
    endloop
  endfacet
  facet normal  9.238797e-001  3.826830e-001  0.000000e+000
    outer loop
      vertex  2.904541e+001  6.904540e+001  9.000000e+000
      vertex  2.904541e+001  6.904540e+001  1.000000e+000
      vertex  2.865000e+001  7.000000e+001  1.000000e+000
    endloop
  endfacet
  facet normal  9.238797e-001  3.826830e-001  -0.000000e+000
    outer loop
      vertex  2.904541e+001  6.904540e+001  9.000000e+000
      vertex  2.865000e+001  7.000000e+001  1.000000e+000
      vertex  2.865000e+001  7.000000e+001  9.000000e+000
    endloop
  endfacet
  facet normal  3.826796e-001 -9.238811e-001  0.000000e+000
    outer loop
      vertex  3.000000e+001  7.135000e+001  1.000000e+000
      vertex  2.904541e+001  7.095460e+001  9.000000e+000
      vertex  2.904541e+001  7.095460e+001  1.000000e+000
    endloop
  endfacet
  facet normal  9.238797e-001 -3.826830e-001  0.000000e+000
    outer loop
      vertex  2.904541e+001  7.095460e+001  1.000000e+000
      vertex  2.904541e+001  7.095460e+001  9.000000e+000
      vertex  2.865000e+001  7.000000e+001  9.000000e+000
    endloop
  endfacet
  facet normal  9.238797e-001 -3.826830e-001  0.000000e+000
    outer loop
      vertex  2.904541e+001  7.095460e+001  1.000000e+000
      vertex  2.865000e+001  7.000000e+001  9.000000e+000
      vertex  2.865000e+001  7.000000e+001  1.000000e+000
    endloop
  endfacet
  facet normal  3.826796e-001 -9.238811e-001  0.000000e+000
    outer loop
      vertex  2.904541e+001  7.095460e+001  9.000000e+000
      vertex  3.000000e+001  7.135000e+001  1.000000e+000
      vertex  3.000000e+001  7.135000e+001  9.000000e+000
    endloop
  endfacet
  facet normal -3.826796e-001 -9.238811e-001  -0.000000e+000
    outer loop
      vertex  3.000000e+001  7.135000e+001  9.000000e+000
      vertex  3.000000e+001  7.135000e+001  1.000000e+000
      vertex  3.095459e+001  7.095460e+001  1.000000e+000
    endloop
  endfacet
  facet normal -3.826796e-001 -9.238811e-001  0.000000e+000
    outer loop
      vertex  3.000000e+001  7.135000e+001  9.000000e+000
      vertex  3.095459e+001  7.095460e+001  1.000000e+000
      vertex  3.095459e+001  7.095460e+001  9.000000e+000
    endloop
  endfacet
  facet normal -9.238797e-001 -3.826830e-001  -0.000000e+000
    outer loop
      vertex  3.095459e+001  7.095460e+001  9.000000e+000
      vertex  3.095459e+001  7.095460e+001  1.000000e+000
      vertex  3.135000e+001  7.000000e+001  1.000000e+000
    endloop
  endfacet
  facet normal -9.238797e-001 -3.826830e-001  0.000000e+000
    outer loop
      vertex  3.095459e+001  7.095460e+001  9.000000e+000
      vertex  3.135000e+001  7.000000e+001  1.000000e+000
      vertex  3.135000e+001  7.000000e+001  9.000000e+000
    endloop
  endfacet
  facet normal  8.848709e-001  2.875121e-001 -3.665245e-001
    outer loop
      vertex  2.865000e+001  7.000000e+001  1.000000e+000
      vertex  2.867087e+001  6.903433e+001  2.928932e-001
      vertex  2.835711e+001  7.000000e+001  2.928932e-001
    endloop
  endfacet
  facet normal  8.278791e-001  3.429183e-001 -4.438730e-001
    outer loop
      vertex  2.865000e+001  7.000000e+001  1.000000e+000
      vertex  2.904541e+001  6.904540e+001  1.000000e+000
      vertex  2.867087e+001  6.903433e+001  2.928932e-001
    endloop
  endfacet
  facet normal -8.278791e-001  3.429183e-001 -4.438730e-001
    outer loop
      vertex  3.135000e+001  7.000000e+001  1.000000e+000
      vertex  3.132913e+001  6.903433e+001  2.928932e-001
      vertex  3.095459e+001  6.904540e+001  1.000000e+000
    endloop
  endfacet
  facet normal -8.848709e-001  2.875121e-001 -3.665245e-001
    outer loop
      vertex  3.135000e+001  7.000000e+001  1.000000e+000
      vertex  3.164289e+001  7.000000e+001  2.928932e-001
      vertex  3.132913e+001  6.903433e+001  2.928932e-001
    endloop
  endfacet
  facet normal -3.797595e-001  1.233914e-001 -9.168190e-001
    outer loop
      vertex  3.235000e+001  7.000000e+001  0.000000e+000
      vertex  3.132913e+001  6.903433e+001  2.928932e-001
      vertex  3.164289e+001  7.000000e+001  2.928932e-001
    endloop
  endfacet
  facet normal -4.201398e-001  1.740275e-001 -8.906161e-001
    outer loop
      vertex  3.235000e+001  7.000000e+001  0.000000e+000
      vertex  3.166170e+001  6.833830e+001  0.000000e+000
      vertex  3.132913e+001  6.903433e+001  2.928932e-001
    endloop
  endfacet
  facet normal  4.201393e-001  1.740278e-001 -8.906162e-001
    outer loop
      vertex  2.765000e+001  7.000000e+001  0.000000e+000
      vertex  2.867087e+001  6.903433e+001  2.928932e-001
      vertex  2.833830e+001  6.833830e+001  0.000000e+000
    endloop
  endfacet
  facet normal  3.797587e-001  1.233911e-001 -9.168195e-001
    outer loop
      vertex  2.765000e+001  7.000000e+001  0.000000e+000
      vertex  2.835711e+001  7.000000e+001  2.928932e-001
      vertex  2.867087e+001  6.903433e+001  2.928932e-001
    endloop
  endfacet
  facet normal  5.591692e-001  7.696278e-001 -3.082253e-001
    outer loop
      vertex  2.904541e+001  6.904540e+001  1.000000e+000
      vertex  2.949232e+001  6.843752e+001  2.928932e-001
      vertex  2.867087e+001  6.903433e+001  2.928932e-001
    endloop
  endfacet
  facet normal  0.000000e+000  9.576941e-001 -2.877880e-001
    outer loop
      vertex  3.000000e+001  6.865000e+001  1.000000e+000
      vertex  3.050768e+001  6.843752e+001  2.928932e-001
      vertex  2.949232e+001  6.843752e+001  2.928932e-001
    endloop
  endfacet
  facet normal  3.349727e-001  8.087051e-001 -4.835176e-001
    outer loop
      vertex  3.000000e+001  6.865000e+001  1.000000e+000
      vertex  2.949232e+001  6.843752e+001  2.928932e-001
      vertex  2.904541e+001  6.904540e+001  1.000000e+000
    endloop
  endfacet
  facet normal  1.842230e-001  4.447523e-001 -8.765029e-001
    outer loop
      vertex  2.949232e+001  6.843752e+001  2.928932e-001
      vertex  3.000000e+001  6.765000e+001  0.000000e+000
      vertex  2.833830e+001  6.833830e+001  0.000000e+000
    endloop
  endfacet
  facet normal  2.117152e-001  2.914001e-001 -9.328787e-001
    outer loop
      vertex  2.949232e+001  6.843752e+001  2.928932e-001
      vertex  2.833830e+001  6.833830e+001  0.000000e+000
      vertex  2.867087e+001  6.903433e+001  2.928932e-001
    endloop
  endfacet
  facet normal -5.591692e-001  7.696278e-001 -3.082253e-001
    outer loop
      vertex  3.095459e+001  6.904540e+001  1.000000e+000
      vertex  3.132913e+001  6.903433e+001  2.928932e-001
      vertex  3.050768e+001  6.843752e+001  2.928932e-001
    endloop
  endfacet
  facet normal -3.349727e-001  8.087051e-001 -4.835176e-001
    outer loop
      vertex  3.095459e+001  6.904540e+001  1.000000e+000
      vertex  3.050768e+001  6.843752e+001  2.928932e-001
      vertex  3.000000e+001  6.865000e+001  1.000000e+000
    endloop
  endfacet
  facet normal -1.842230e-001  4.447523e-001 -8.765029e-001
    outer loop
      vertex  3.050768e+001  6.843752e+001  2.928932e-001
      vertex  3.166170e+001  6.833830e+001  0.000000e+000
      vertex  3.000000e+001  6.765000e+001  0.000000e+000
    endloop
  endfacet
  facet normal  0.000000e+000  3.485924e-001 -9.372744e-001
    outer loop
      vertex  3.050768e+001  6.843752e+001  2.928932e-001
      vertex  3.000000e+001  6.765000e+001  0.000000e+000
      vertex  2.949232e+001  6.843752e+001  2.928932e-001
    endloop
  endfacet
  facet normal -2.117152e-001  2.914001e-001 -9.328787e-001
    outer loop
      vertex  3.132913e+001  6.903433e+001  2.928932e-001
      vertex  3.166170e+001  6.833830e+001  0.000000e+000
      vertex  3.050768e+001  6.843752e+001  2.928932e-001
    endloop
  endfacet
  facet normal -8.848709e-001 -2.875121e-001 -3.665245e-001
    outer loop
      vertex  3.135000e+001  7.000000e+001  1.000000e+000
      vertex  3.132913e+001  7.096567e+001  2.928932e-001
      vertex  3.164289e+001  7.000000e+001  2.928932e-001
    endloop
  endfacet
  facet normal -8.278791e-001 -3.429183e-001 -4.438730e-001
    outer loop
      vertex  3.135000e+001  7.000000e+001  1.000000e+000
      vertex  3.095459e+001  7.095460e+001  1.000000e+000
      vertex  3.132913e+001  7.096567e+001  2.928932e-001
    endloop
  endfacet
  facet normal  8.278791e-001 -3.429183e-001 -4.438730e-001
    outer loop
      vertex  2.865000e+001  7.000000e+001  1.000000e+000
      vertex  2.867087e+001  7.096567e+001  2.928932e-001
      vertex  2.904541e+001  7.095460e+001  1.000000e+000
    endloop
  endfacet
  facet normal  8.848709e-001 -2.875121e-001 -3.665245e-001
    outer loop
      vertex  2.865000e+001  7.000000e+001  1.000000e+000
      vertex  2.835711e+001  7.000000e+001  2.928932e-001
      vertex  2.867087e+001  7.096567e+001  2.928932e-001
    endloop
  endfacet
  facet normal  3.797587e-001 -1.233911e-001 -9.168195e-001
    outer loop
      vertex  2.765000e+001  7.000000e+001  0.000000e+000
      vertex  2.867087e+001  7.096567e+001  2.928932e-001
      vertex  2.835711e+001  7.000000e+001  2.928932e-001
    endloop
  endfacet
  facet normal  4.201393e-001 -1.740278e-001 -8.906162e-001
    outer loop
      vertex  2.765000e+001  7.000000e+001  0.000000e+000
      vertex  2.833830e+001  7.166170e+001  0.000000e+000
      vertex  2.867087e+001  7.096567e+001  2.928932e-001
    endloop
  endfacet
  facet normal -4.201398e-001 -1.740275e-001 -8.906161e-001
    outer loop
      vertex  3.235000e+001  7.000000e+001  0.000000e+000
      vertex  3.132913e+001  7.096567e+001  2.928932e-001
      vertex  3.166170e+001  7.166170e+001  0.000000e+000
    endloop
  endfacet
  facet normal -3.797595e-001 -1.233914e-001 -9.168190e-001
    outer loop
      vertex  3.235000e+001  7.000000e+001  0.000000e+000
      vertex  3.164289e+001  7.000000e+001  2.928932e-001
      vertex  3.132913e+001  7.096567e+001  2.928932e-001
    endloop
  endfacet
  facet normal -5.591692e-001 -7.696278e-001 -3.082253e-001
    outer loop
      vertex  3.095459e+001  7.095460e+001  1.000000e+000
      vertex  3.050768e+001  7.156248e+001  2.928932e-001
      vertex  3.132913e+001  7.096567e+001  2.928932e-001
    endloop
  endfacet
  facet normal  0.000000e+000 -9.576941e-001 -2.877880e-001
    outer loop
      vertex  3.000000e+001  7.135000e+001  1.000000e+000
      vertex  2.949232e+001  7.156248e+001  2.928932e-001
      vertex  3.050768e+001  7.156248e+001  2.928932e-001
    endloop
  endfacet
  facet normal -3.349727e-001 -8.087051e-001 -4.835176e-001
    outer loop
      vertex  3.000000e+001  7.135000e+001  1.000000e+000
      vertex  3.050768e+001  7.156248e+001  2.928932e-001
      vertex  3.095459e+001  7.095460e+001  1.000000e+000
    endloop
  endfacet
  facet normal -1.842230e-001 -4.447523e-001 -8.765029e-001
    outer loop
      vertex  3.050768e+001  7.156248e+001  2.928932e-001
      vertex  3.000000e+001  7.235000e+001  0.000000e+000
      vertex  3.166170e+001  7.166170e+001  0.000000e+000
    endloop
  endfacet
  facet normal -2.117152e-001 -2.914001e-001 -9.328787e-001
    outer loop
      vertex  3.050768e+001  7.156248e+001  2.928932e-001
      vertex  3.166170e+001  7.166170e+001  0.000000e+000
      vertex  3.132913e+001  7.096567e+001  2.928932e-001
    endloop
  endfacet
  facet normal  5.591692e-001 -7.696278e-001 -3.082253e-001
    outer loop
      vertex  2.904541e+001  7.095460e+001  1.000000e+000
      vertex  2.867087e+001  7.096567e+001  2.928932e-001
      vertex  2.949232e+001  7.156248e+001  2.928932e-001
    endloop
  endfacet
  facet normal  3.349727e-001 -8.087051e-001 -4.835176e-001
    outer loop
      vertex  2.904541e+001  7.095460e+001  1.000000e+000
      vertex  2.949232e+001  7.156248e+001  2.928932e-001
      vertex  3.000000e+001  7.135000e+001  1.000000e+000
    endloop
  endfacet
  facet normal  1.842230e-001 -4.447523e-001 -8.765029e-001
    outer loop
      vertex  2.949232e+001  7.156248e+001  2.928932e-001
      vertex  2.833830e+001  7.166170e+001  0.000000e+000
      vertex  3.000000e+001  7.235000e+001  0.000000e+000
    endloop
  endfacet
  facet normal  0.000000e+000 -3.485924e-001 -9.372744e-001
    outer loop
      vertex  2.949232e+001  7.156248e+001  2.928932e-001
      vertex  3.000000e+001  7.235000e+001  0.000000e+000
      vertex  3.050768e+001  7.156248e+001  2.928932e-001
    endloop
  endfacet
  facet normal  2.117152e-001 -2.914001e-001 -9.328787e-001
    outer loop
      vertex  2.867087e+001  7.096567e+001  2.928932e-001
      vertex  2.833830e+001  7.166170e+001  0.000000e+000
      vertex  2.949232e+001  7.156248e+001  2.928932e-001
    endloop
  endfacet
  facet normal -3.826902e-001  9.238768e-001  0.000000e+000
    outer loop
      vertex  1.681000e+002  1.027560e+002  1.000000e+000
      vertex  1.692314e+002  1.032246e+002  9.000000e+000
      vertex  1.692314e+002  1.032246e+002  1.000000e+000
    endloop
  endfacet
  facet normal -9.238799e-001  3.826827e-001  0.000000e+000
    outer loop
      vertex  1.692314e+002  1.032246e+002  1.000000e+000
      vertex  1.692314e+002  1.032246e+002  9.000000e+000
      vertex  1.697000e+002  1.043560e+002  9.000000e+000
    endloop
  endfacet
  facet normal -9.238799e-001  3.826827e-001  0.000000e+000
    outer loop
      vertex  1.692314e+002  1.032246e+002  1.000000e+000
      vertex  1.697000e+002  1.043560e+002  9.000000e+000
      vertex  1.697000e+002  1.043560e+002  1.000000e+000
    endloop
  endfacet
  facet normal -3.826902e-001  9.238768e-001  0.000000e+000
    outer loop
      vertex  1.692314e+002  1.032246e+002  9.000000e+000
      vertex  1.681000e+002  1.027560e+002  1.000000e+000
      vertex  1.681000e+002  1.027560e+002  9.000000e+000
    endloop
  endfacet
  facet normal  3.826858e-001  9.238786e-001  0.000000e+000
    outer loop
      vertex  1.681000e+002  1.027560e+002  9.000000e+000
      vertex  1.681000e+002  1.027560e+002  1.000000e+000
      vertex  1.669686e+002  1.032246e+002  1.000000e+000
    endloop
  endfacet
  facet normal  3.826858e-001  9.238786e-001  -0.000000e+000
    outer loop
      vertex  1.681000e+002  1.027560e+002  9.000000e+000
      vertex  1.669686e+002  1.032246e+002  1.000000e+000
      vertex  1.669686e+002  1.032246e+002  9.000000e+000
    endloop
  endfacet
  facet normal  9.238799e-001  3.826827e-001  0.000000e+000
    outer loop
      vertex  1.669686e+002  1.032246e+002  9.000000e+000
      vertex  1.669686e+002  1.032246e+002  1.000000e+000
      vertex  1.665000e+002  1.043560e+002  1.000000e+000
    endloop
  endfacet
  facet normal  9.238799e-001  3.826827e-001  -0.000000e+000
    outer loop
      vertex  1.669686e+002  1.032246e+002  9.000000e+000
      vertex  1.665000e+002  1.043560e+002  1.000000e+000
      vertex  1.665000e+002  1.043560e+002  9.000000e+000
    endloop
  endfacet
  facet normal  3.826805e-001 -9.238808e-001  0.000000e+000
    outer loop
      vertex  1.681000e+002  1.059560e+002  1.000000e+000
      vertex  1.669686e+002  1.054874e+002  9.000000e+000
      vertex  1.669686e+002  1.054874e+002  1.000000e+000
    endloop
  endfacet
  facet normal  9.238799e-001 -3.826827e-001  0.000000e+000
    outer loop
      vertex  1.669686e+002  1.054874e+002  1.000000e+000
      vertex  1.669686e+002  1.054874e+002  9.000000e+000
      vertex  1.665000e+002  1.043560e+002  9.000000e+000
    endloop
  endfacet
  facet normal  9.238799e-001 -3.826827e-001  0.000000e+000
    outer loop
      vertex  1.669686e+002  1.054874e+002  1.000000e+000
      vertex  1.665000e+002  1.043560e+002  9.000000e+000
      vertex  1.665000e+002  1.043560e+002  1.000000e+000
    endloop
  endfacet
  facet normal  3.826805e-001 -9.238808e-001  0.000000e+000
    outer loop
      vertex  1.669686e+002  1.054874e+002  9.000000e+000
      vertex  1.681000e+002  1.059560e+002  1.000000e+000
      vertex  1.681000e+002  1.059560e+002  9.000000e+000
    endloop
  endfacet
  facet normal -3.826849e-001 -9.238790e-001  -0.000000e+000
    outer loop
      vertex  1.681000e+002  1.059560e+002  9.000000e+000
      vertex  1.681000e+002  1.059560e+002  1.000000e+000
      vertex  1.692314e+002  1.054874e+002  1.000000e+000
    endloop
  endfacet
  facet normal -3.826849e-001 -9.238790e-001  0.000000e+000
    outer loop
      vertex  1.681000e+002  1.059560e+002  9.000000e+000
      vertex  1.692314e+002  1.054874e+002  1.000000e+000
      vertex  1.692314e+002  1.054874e+002  9.000000e+000
    endloop
  endfacet
  facet normal -9.238799e-001 -3.826827e-001  -0.000000e+000
    outer loop
      vertex  1.692314e+002  1.054874e+002  9.000000e+000
      vertex  1.692314e+002  1.054874e+002  1.000000e+000
      vertex  1.697000e+002  1.043560e+002  1.000000e+000
    endloop
  endfacet
  facet normal -9.238799e-001 -3.826827e-001  0.000000e+000
    outer loop
      vertex  1.692314e+002  1.054874e+002  9.000000e+000
      vertex  1.697000e+002  1.043560e+002  1.000000e+000
      vertex  1.697000e+002  1.043560e+002  9.000000e+000
    endloop
  endfacet
  facet normal  8.848709e-001  2.875119e-001 -3.665246e-001
    outer loop
      vertex  1.665000e+002  1.043560e+002  1.000000e+000
      vertex  1.665686e+002  1.032434e+002  2.928932e-001
      vertex  1.662071e+002  1.043560e+002  2.928932e-001
    endloop
  endfacet
  facet normal  8.221953e-001  3.405637e-001 -4.560825e-001
    outer loop
      vertex  1.665000e+002  1.043560e+002  1.000000e+000
      vertex  1.669686e+002  1.032246e+002  1.000000e+000
      vertex  1.665686e+002  1.032434e+002  2.928932e-001
    endloop
  endfacet
  facet normal -8.221953e-001  3.405637e-001 -4.560825e-001
    outer loop
      vertex  1.697000e+002  1.043560e+002  1.000000e+000
      vertex  1.696314e+002  1.032434e+002  2.928932e-001
      vertex  1.692314e+002  1.032246e+002  1.000000e+000
    endloop
  endfacet
  facet normal -8.848709e-001  2.875119e-001 -3.665246e-001
    outer loop
      vertex  1.697000e+002  1.043560e+002  1.000000e+000
      vertex  1.699929e+002  1.043560e+002  2.928932e-001
      vertex  1.696314e+002  1.032434e+002  2.928932e-001
    endloop
  endfacet
  facet normal  5.612634e-001  7.725047e-001 -2.970184e-001
    outer loop
      vertex  1.669686e+002  1.032246e+002  1.000000e+000
      vertex  1.675151e+002  1.025557e+002  2.928932e-001
      vertex  1.665686e+002  1.032434e+002  2.928932e-001
    endloop
  endfacet
  facet normal  0.000000e+000  9.621618e-001 -2.724789e-001
    outer loop
      vertex  1.681000e+002  1.027560e+002  1.000000e+000
      vertex  1.686849e+002  1.025557e+002  2.928932e-001
      vertex  1.675151e+002  1.025557e+002  2.928932e-001
    endloop
  endfacet
  facet normal  3.312923e-001  7.998045e-001 -5.005578e-001
    outer loop
      vertex  1.681000e+002  1.027560e+002  1.000000e+000
      vertex  1.675151e+002  1.025557e+002  2.928932e-001
      vertex  1.669686e+002  1.032246e+002  1.000000e+000
    endloop
  endfacet
  facet normal -5.612634e-001  7.725047e-001 -2.970184e-001
    outer loop
      vertex  1.692314e+002  1.032246e+002  1.000000e+000
      vertex  1.696314e+002  1.032434e+002  2.928932e-001
      vertex  1.686849e+002  1.025557e+002  2.928932e-001
    endloop
  endfacet
  facet normal -3.312968e-001  7.998047e-001 -5.005545e-001
    outer loop
      vertex  1.692314e+002  1.032246e+002  1.000000e+000
      vertex  1.686849e+002  1.025557e+002  2.928932e-001
      vertex  1.681000e+002  1.027560e+002  1.000000e+000
    endloop
  endfacet
  facet normal  3.797587e-001  1.233898e-001 -9.168197e-001
    outer loop
      vertex  1.655000e+002  1.043560e+002  0.000000e+000
      vertex  1.662071e+002  1.043560e+002  2.928932e-001
      vertex  1.659966e+002  1.028278e+002  0.000000e+000
    endloop
  endfacet
  facet normal  3.797565e-001  1.233903e-001 -9.168205e-001
    outer loop
      vertex  1.659966e+002  1.028278e+002  0.000000e+000
      vertex  1.662071e+002  1.043560e+002  2.928932e-001
      vertex  1.665686e+002  1.032434e+002  2.928932e-001
    endloop
  endfacet
  facet normal  2.347026e-001  3.230417e-001 -9.168199e-001
    outer loop
      vertex  1.659966e+002  1.028278e+002  0.000000e+000
      vertex  1.665686e+002  1.032434e+002  2.928932e-001
      vertex  1.672966e+002  1.018833e+002  0.000000e+000
    endloop
  endfacet
  facet normal  2.347076e-001  3.230439e-001 -9.168179e-001
    outer loop
      vertex  1.672966e+002  1.018833e+002  0.000000e+000
      vertex  1.665686e+002  1.032434e+002  2.928932e-001
      vertex  1.675151e+002  1.025557e+002  2.928932e-001
    endloop
  endfacet
  facet normal  0.000000e+000  3.993050e-001 -9.168181e-001
    outer loop
      vertex  1.672966e+002  1.018833e+002  0.000000e+000
      vertex  1.675151e+002  1.025557e+002  2.928932e-001
      vertex  1.689034e+002  1.018833e+002  0.000000e+000
    endloop
  endfacet
  facet normal  0.000000e+000  3.993050e-001 -9.168181e-001
    outer loop
      vertex  1.689034e+002  1.018833e+002  0.000000e+000
      vertex  1.675151e+002  1.025557e+002  2.928932e-001
      vertex  1.686849e+002  1.025557e+002  2.928932e-001
    endloop
  endfacet
  facet normal -2.347050e-001  3.230449e-001 -9.168182e-001
    outer loop
      vertex  1.689034e+002  1.018833e+002  0.000000e+000
      vertex  1.686849e+002  1.025557e+002  2.928932e-001
      vertex  1.702034e+002  1.028278e+002  0.000000e+000
    endloop
  endfacet
  facet normal -2.347044e-001  3.230394e-001 -9.168202e-001
    outer loop
      vertex  1.702034e+002  1.028278e+002  0.000000e+000
      vertex  1.686849e+002  1.025557e+002  2.928932e-001
      vertex  1.696314e+002  1.032434e+002  2.928932e-001
    endloop
  endfacet
  facet normal -3.797571e-001  1.233893e-001 -9.168205e-001
    outer loop
      vertex  1.702034e+002  1.028278e+002  0.000000e+000
      vertex  1.696314e+002  1.032434e+002  2.928932e-001
      vertex  1.707000e+002  1.043560e+002  0.000000e+000
    endloop
  endfacet
  facet normal -3.797587e-001  1.233910e-001 -9.168195e-001
    outer loop
      vertex  1.707000e+002  1.043560e+002  0.000000e+000
      vertex  1.696314e+002  1.032434e+002  2.928932e-001
      vertex  1.699929e+002  1.043560e+002  2.928932e-001
    endloop
  endfacet
  facet normal -8.848705e-001 -2.875137e-001 -3.665244e-001
    outer loop
      vertex  1.697000e+002  1.043560e+002  1.000000e+000
      vertex  1.696314e+002  1.054686e+002  2.928932e-001
      vertex  1.699929e+002  1.043560e+002  2.928932e-001
    endloop
  endfacet
  facet normal -8.221967e-001 -3.405643e-001 -4.560796e-001
    outer loop
      vertex  1.697000e+002  1.043560e+002  1.000000e+000
      vertex  1.692314e+002  1.054874e+002  1.000000e+000
      vertex  1.696314e+002  1.054686e+002  2.928932e-001
    endloop
  endfacet
  facet normal  8.221967e-001 -3.405643e-001 -4.560796e-001
    outer loop
      vertex  1.665000e+002  1.043560e+002  1.000000e+000
      vertex  1.665686e+002  1.054686e+002  2.928932e-001
      vertex  1.669686e+002  1.054874e+002  1.000000e+000
    endloop
  endfacet
  facet normal  8.848705e-001 -2.875137e-001 -3.665244e-001
    outer loop
      vertex  1.665000e+002  1.043560e+002  1.000000e+000
      vertex  1.662071e+002  1.043560e+002  2.928932e-001
      vertex  1.665686e+002  1.054686e+002  2.928932e-001
    endloop
  endfacet
  facet normal -5.612648e-001 -7.725066e-001 -2.970107e-001
    outer loop
      vertex  1.692314e+002  1.054874e+002  1.000000e+000
      vertex  1.686849e+002  1.061563e+002  2.928932e-001
      vertex  1.696314e+002  1.054686e+002  2.928932e-001
    endloop
  endfacet
  facet normal  0.000000e+000 -9.621618e-001 -2.724789e-001
    outer loop
      vertex  1.681000e+002  1.059560e+002  1.000000e+000
      vertex  1.675151e+002  1.061563e+002  2.928932e-001
      vertex  1.686849e+002  1.061563e+002  2.928932e-001
    endloop
  endfacet
  facet normal -3.312928e-001 -7.998080e-001 -5.005521e-001
    outer loop
      vertex  1.681000e+002  1.059560e+002  1.000000e+000
      vertex  1.686849e+002  1.061563e+002  2.928932e-001
      vertex  1.692314e+002  1.054874e+002  1.000000e+000
    endloop
  endfacet
  facet normal  5.612648e-001 -7.725066e-001 -2.970107e-001
    outer loop
      vertex  1.669686e+002  1.054874e+002  1.000000e+000
      vertex  1.665686e+002  1.054686e+002  2.928932e-001
      vertex  1.675151e+002  1.061563e+002  2.928932e-001
    endloop
  endfacet
  facet normal  3.312882e-001 -7.998078e-001 -5.005554e-001
    outer loop
      vertex  1.669686e+002  1.054874e+002  1.000000e+000
      vertex  1.675151e+002  1.061563e+002  2.928932e-001
      vertex  1.681000e+002  1.059560e+002  1.000000e+000
    endloop
  endfacet
  facet normal -3.797587e-001 -1.233904e-001 -9.168196e-001
    outer loop
      vertex  1.707000e+002  1.043560e+002  0.000000e+000
      vertex  1.699929e+002  1.043560e+002  2.928932e-001
      vertex  1.702034e+002  1.058842e+002  0.000000e+000
    endloop
  endfacet
  facet normal -3.797560e-001 -1.233910e-001 -9.168206e-001
    outer loop
      vertex  1.702034e+002  1.058842e+002  0.000000e+000
      vertex  1.699929e+002  1.043560e+002  2.928932e-001
      vertex  1.696314e+002  1.054686e+002  2.928932e-001
    endloop
  endfacet
  facet normal -2.347036e-001 -3.230404e-001 -9.168200e-001
    outer loop
      vertex  1.702034e+002  1.058842e+002  0.000000e+000
      vertex  1.696314e+002  1.054686e+002  2.928932e-001
      vertex  1.689034e+002  1.068288e+002  0.000000e+000
    endloop
  endfacet
  facet normal -2.347058e-001 -3.230414e-001 -9.168191e-001
    outer loop
      vertex  1.689034e+002  1.068288e+002  0.000000e+000
      vertex  1.696314e+002  1.054686e+002  2.928932e-001
      vertex  1.686849e+002  1.061563e+002  2.928932e-001
    endloop
  endfacet
  facet normal  0.000000e+000 -3.993012e-001 -9.168198e-001
    outer loop
      vertex  1.689034e+002  1.068288e+002  0.000000e+000
      vertex  1.686849e+002  1.061563e+002  2.928932e-001
      vertex  1.672966e+002  1.068288e+002  0.000000e+000
    endloop
  endfacet
  facet normal  0.000000e+000 -3.993012e-001 -9.168198e-001
    outer loop
      vertex  1.672966e+002  1.068288e+002  0.000000e+000
      vertex  1.686849e+002  1.061563e+002  2.928932e-001
      vertex  1.675151e+002  1.061563e+002  2.928932e-001
    endloop
  endfacet
  facet normal  2.347046e-001 -3.230419e-001 -9.168194e-001
    outer loop
      vertex  1.672966e+002  1.068288e+002  0.000000e+000
      vertex  1.675151e+002  1.061563e+002  2.928932e-001
      vertex  1.659966e+002  1.058842e+002  0.000000e+000
    endloop
  endfacet
  facet normal  2.347044e-001 -3.230394e-001 -9.168202e-001
    outer loop
      vertex  1.659966e+002  1.058842e+002  0.000000e+000
      vertex  1.675151e+002  1.061563e+002  2.928932e-001
      vertex  1.665686e+002  1.054686e+002  2.928932e-001
    endloop
  endfacet
  facet normal  3.797568e-001 -1.233898e-001 -9.168205e-001
    outer loop
      vertex  1.659966e+002  1.058842e+002  0.000000e+000
      vertex  1.665686e+002  1.054686e+002  2.928932e-001
      vertex  1.655000e+002  1.043560e+002  0.000000e+000
    endloop
  endfacet
  facet normal  3.797587e-001 -1.233919e-001 -9.168194e-001
    outer loop
      vertex  1.655000e+002  1.043560e+002  0.000000e+000
      vertex  1.665686e+002  1.054686e+002  2.928932e-001
      vertex  1.662071e+002  1.043560e+002  2.928932e-001
    endloop
  endfacet
  facet normal -3.826805e-001  9.238808e-001  0.000000e+000
    outer loop
      vertex  1.300000e+002  4.840000e+001  1.000000e+000
      vertex  1.311314e+002  4.886863e+001  9.000000e+000
      vertex  1.311314e+002  4.886863e+001  1.000000e+000
    endloop
  endfacet
  facet normal -9.238799e-001  3.826827e-001  0.000000e+000
    outer loop
      vertex  1.311314e+002  4.886863e+001  1.000000e+000
      vertex  1.311314e+002  4.886863e+001  9.000000e+000
      vertex  1.316000e+002  5.000000e+001  9.000000e+000
    endloop
  endfacet
  facet normal -9.238799e-001  3.826827e-001  0.000000e+000
    outer loop
      vertex  1.311314e+002  4.886863e+001  1.000000e+000
      vertex  1.316000e+002  5.000000e+001  9.000000e+000
      vertex  1.316000e+002  5.000000e+001  1.000000e+000
    endloop
  endfacet
  facet normal -3.826805e-001  9.238808e-001  0.000000e+000
    outer loop
      vertex  1.311314e+002  4.886863e+001  9.000000e+000
      vertex  1.300000e+002  4.840000e+001  1.000000e+000
      vertex  1.300000e+002  4.840000e+001  9.000000e+000
    endloop
  endfacet
  facet normal  3.826805e-001  9.238808e-001  0.000000e+000
    outer loop
      vertex  1.300000e+002  4.840000e+001  9.000000e+000
      vertex  1.300000e+002  4.840000e+001  1.000000e+000
      vertex  1.288686e+002  4.886863e+001  1.000000e+000
    endloop
  endfacet
  facet normal  3.826805e-001  9.238808e-001  -0.000000e+000
    outer loop
      vertex  1.300000e+002  4.840000e+001  9.000000e+000
      vertex  1.288686e+002  4.886863e+001  1.000000e+000
      vertex  1.288686e+002  4.886863e+001  9.000000e+000
    endloop
  endfacet
  facet normal  9.238799e-001  3.826827e-001  0.000000e+000
    outer loop
      vertex  1.288686e+002  4.886863e+001  9.000000e+000
      vertex  1.288686e+002  4.886863e+001  1.000000e+000
      vertex  1.284000e+002  5.000000e+001  1.000000e+000
    endloop
  endfacet
  facet normal  9.238799e-001  3.826827e-001  -0.000000e+000
    outer loop
      vertex  1.288686e+002  4.886863e+001  9.000000e+000
      vertex  1.284000e+002  5.000000e+001  1.000000e+000
      vertex  1.284000e+002  5.000000e+001  9.000000e+000
    endloop
  endfacet
  facet normal  3.826805e-001 -9.238808e-001  0.000000e+000
    outer loop
      vertex  1.300000e+002  5.160000e+001  1.000000e+000
      vertex  1.288686e+002  5.113137e+001  9.000000e+000
      vertex  1.288686e+002  5.113137e+001  1.000000e+000
    endloop
  endfacet
  facet normal  9.238799e-001 -3.826827e-001  0.000000e+000
    outer loop
      vertex  1.288686e+002  5.113137e+001  1.000000e+000
      vertex  1.288686e+002  5.113137e+001  9.000000e+000
      vertex  1.284000e+002  5.000000e+001  9.000000e+000
    endloop
  endfacet
  facet normal  9.238799e-001 -3.826827e-001  0.000000e+000
    outer loop
      vertex  1.288686e+002  5.113137e+001  1.000000e+000
      vertex  1.284000e+002  5.000000e+001  9.000000e+000
      vertex  1.284000e+002  5.000000e+001  1.000000e+000
    endloop
  endfacet
  facet normal  3.826805e-001 -9.238808e-001  0.000000e+000
    outer loop
      vertex  1.288686e+002  5.113137e+001  9.000000e+000
      vertex  1.300000e+002  5.160000e+001  1.000000e+000
      vertex  1.300000e+002  5.160000e+001  9.000000e+000
    endloop
  endfacet
  facet normal -3.826805e-001 -9.238808e-001  -0.000000e+000
    outer loop
      vertex  1.300000e+002  5.160000e+001  9.000000e+000
      vertex  1.300000e+002  5.160000e+001  1.000000e+000
      vertex  1.311314e+002  5.113137e+001  1.000000e+000
    endloop
  endfacet
  facet normal -3.826805e-001 -9.238808e-001  0.000000e+000
    outer loop
      vertex  1.300000e+002  5.160000e+001  9.000000e+000
      vertex  1.311314e+002  5.113137e+001  1.000000e+000
      vertex  1.311314e+002  5.113137e+001  9.000000e+000
    endloop
  endfacet
  facet normal -9.238799e-001 -3.826827e-001  -0.000000e+000
    outer loop
      vertex  1.311314e+002  5.113137e+001  9.000000e+000
      vertex  1.311314e+002  5.113137e+001  1.000000e+000
      vertex  1.316000e+002  5.000000e+001  1.000000e+000
    endloop
  endfacet
  facet normal -9.238799e-001 -3.826827e-001  0.000000e+000
    outer loop
      vertex  1.311314e+002  5.113137e+001  9.000000e+000
      vertex  1.316000e+002  5.000000e+001  1.000000e+000
      vertex  1.316000e+002  5.000000e+001  9.000000e+000
    endloop
  endfacet
  facet normal  8.848707e-001  2.875128e-001 -3.665245e-001
    outer loop
      vertex  1.284000e+002  5.000000e+001  1.000000e+000
      vertex  1.284686e+002  4.888739e+001  2.928932e-001
      vertex  1.281071e+002  5.000000e+001  2.928932e-001
    endloop
  endfacet
  facet normal  8.221959e-001  3.405640e-001 -4.560811e-001
    outer loop
      vertex  1.284000e+002  5.000000e+001  1.000000e+000
      vertex  1.288686e+002  4.886863e+001  1.000000e+000
      vertex  1.284686e+002  4.888739e+001  2.928932e-001
    endloop
  endfacet
  facet normal -8.221959e-001  3.405640e-001 -4.560811e-001
    outer loop
      vertex  1.316000e+002  5.000000e+001  1.000000e+000
      vertex  1.315314e+002  4.888739e+001  2.928932e-001
      vertex  1.311314e+002  4.886863e+001  1.000000e+000
    endloop
  endfacet
  facet normal -8.848707e-001  2.875128e-001 -3.665245e-001
    outer loop
      vertex  1.316000e+002  5.000000e+001  1.000000e+000
      vertex  1.318929e+002  5.000000e+001  2.928932e-001
      vertex  1.315314e+002  4.888739e+001  2.928932e-001
    endloop
  endfacet
  facet normal  5.612569e-001  7.725125e-001 -2.970103e-001
    outer loop
      vertex  1.288686e+002  4.886863e+001  1.000000e+000
      vertex  1.294151e+002  4.819975e+001  2.928932e-001
      vertex  1.284686e+002  4.888739e+001  2.928932e-001
    endloop
  endfacet
  facet normal  0.000000e+000  9.621618e-001 -2.724789e-001
    outer loop
      vertex  1.300000e+002  4.840000e+001  1.000000e+000
      vertex  1.305849e+002  4.819975e+001  2.928932e-001
      vertex  1.294151e+002  4.819975e+001  2.928932e-001
    endloop
  endfacet
  facet normal  3.312894e-001  7.998106e-001 -5.005500e-001
    outer loop
      vertex  1.300000e+002  4.840000e+001  1.000000e+000
      vertex  1.294151e+002  4.819975e+001  2.928932e-001
      vertex  1.288686e+002  4.886863e+001  1.000000e+000
    endloop
  endfacet
  facet normal -5.612569e-001  7.725125e-001 -2.970103e-001
    outer loop
      vertex  1.311314e+002  4.886863e+001  1.000000e+000
      vertex  1.315314e+002  4.888739e+001  2.928932e-001
      vertex  1.305849e+002  4.819975e+001  2.928932e-001
    endloop
  endfacet
  facet normal -3.312894e-001  7.998106e-001 -5.005500e-001
    outer loop
      vertex  1.311314e+002  4.886863e+001  1.000000e+000
      vertex  1.305849e+002  4.819975e+001  2.928932e-001
      vertex  1.300000e+002  4.840000e+001  1.000000e+000
    endloop
  endfacet
  facet normal  3.797621e-001  1.233912e-001 -9.168180e-001
    outer loop
      vertex  1.274000e+002  5.000000e+001  0.000000e+000
      vertex  1.281071e+002  5.000000e+001  2.928932e-001
      vertex  1.278966e+002  4.847176e+001  0.000000e+000
    endloop
  endfacet
  facet normal  3.797597e-001  1.233918e-001 -9.168190e-001
    outer loop
      vertex  1.278966e+002  4.847176e+001  0.000000e+000
      vertex  1.281071e+002  5.000000e+001  2.928932e-001
      vertex  1.284686e+002  4.888739e+001  2.928932e-001
    endloop
  endfacet
  facet normal  2.347051e-001  3.230420e-001 -9.168192e-001
    outer loop
      vertex  1.278966e+002  4.847176e+001  0.000000e+000
      vertex  1.284686e+002  4.888739e+001  2.928932e-001
      vertex  1.291965e+002  4.752725e+001  0.000000e+000
    endloop
  endfacet
  facet normal  2.346992e-001  3.230393e-001 -9.168217e-001
    outer loop
      vertex  1.291965e+002  4.752725e+001  0.000000e+000
      vertex  1.284686e+002  4.888739e+001  2.928932e-001
      vertex  1.294151e+002  4.819975e+001  2.928932e-001
    endloop
  endfacet
  facet normal  0.000000e+000  3.993012e-001 -9.168198e-001
    outer loop
      vertex  1.291965e+002  4.752725e+001  0.000000e+000
      vertex  1.294151e+002  4.819975e+001  2.928932e-001
      vertex  1.308035e+002  4.752725e+001  0.000000e+000
    endloop
  endfacet
  facet normal  0.000000e+000  3.993012e-001 -9.168198e-001
    outer loop
      vertex  1.308035e+002  4.752725e+001  0.000000e+000
      vertex  1.294151e+002  4.819975e+001  2.928932e-001
      vertex  1.305849e+002  4.819975e+001  2.928932e-001
    endloop
  endfacet
  facet normal -2.347034e-001  3.230377e-001 -9.168211e-001
    outer loop
      vertex  1.308035e+002  4.752725e+001  0.000000e+000
      vertex  1.305849e+002  4.819975e+001  2.928932e-001
      vertex  1.321034e+002  4.847176e+001  0.000000e+000
    endloop
  endfacet
  facet normal -2.347043e-001  3.230464e-001 -9.168178e-001
    outer loop
      vertex  1.321034e+002  4.847176e+001  0.000000e+000
      vertex  1.305849e+002  4.819975e+001  2.928932e-001
      vertex  1.315314e+002  4.888739e+001  2.928932e-001
    endloop
  endfacet
  facet normal -3.797618e-001  1.233949e-001 -9.168177e-001
    outer loop
      vertex  1.321034e+002  4.847176e+001  0.000000e+000
      vertex  1.315314e+002  4.888739e+001  2.928932e-001
      vertex  1.326000e+002  5.000000e+001  0.000000e+000
    endloop
  endfacet
  facet normal -3.797587e-001  1.233915e-001 -9.168195e-001
    outer loop
      vertex  1.326000e+002  5.000000e+001  0.000000e+000
      vertex  1.315314e+002  4.888739e+001  2.928932e-001
      vertex  1.318929e+002  5.000000e+001  2.928932e-001
    endloop
  endfacet
  facet normal -8.848707e-001 -2.875128e-001 -3.665245e-001
    outer loop
      vertex  1.316000e+002  5.000000e+001  1.000000e+000
      vertex  1.315314e+002  5.111261e+001  2.928932e-001
      vertex  1.318929e+002  5.000000e+001  2.928932e-001
    endloop
  endfacet
  facet normal -8.221959e-001 -3.405640e-001 -4.560811e-001
    outer loop
      vertex  1.316000e+002  5.000000e+001  1.000000e+000
      vertex  1.311314e+002  5.113137e+001  1.000000e+000
      vertex  1.315314e+002  5.111261e+001  2.928932e-001
    endloop
  endfacet
  facet normal  8.221959e-001 -3.405640e-001 -4.560811e-001
    outer loop
      vertex  1.284000e+002  5.000000e+001  1.000000e+000
      vertex  1.284686e+002  5.111261e+001  2.928932e-001
      vertex  1.288686e+002  5.113137e+001  1.000000e+000
    endloop
  endfacet
  facet normal  8.848707e-001 -2.875128e-001 -3.665245e-001
    outer loop
      vertex  1.284000e+002  5.000000e+001  1.000000e+000
      vertex  1.281071e+002  5.000000e+001  2.928932e-001
      vertex  1.284686e+002  5.111261e+001  2.928932e-001
    endloop
  endfacet
  facet normal -5.612569e-001 -7.725125e-001 -2.970103e-001
    outer loop
      vertex  1.311314e+002  5.113137e+001  1.000000e+000
      vertex  1.305849e+002  5.180025e+001  2.928932e-001
      vertex  1.315314e+002  5.111261e+001  2.928932e-001
    endloop
  endfacet
  facet normal  0.000000e+000 -9.621618e-001 -2.724789e-001
    outer loop
      vertex  1.300000e+002  5.160000e+001  1.000000e+000
      vertex  1.294151e+002  5.180025e+001  2.928932e-001
      vertex  1.305849e+002  5.180025e+001  2.928932e-001
    endloop
  endfacet
  facet normal -3.312894e-001 -7.998106e-001 -5.005500e-001
    outer loop
      vertex  1.300000e+002  5.160000e+001  1.000000e+000
      vertex  1.305849e+002  5.180025e+001  2.928932e-001
      vertex  1.311314e+002  5.113137e+001  1.000000e+000
    endloop
  endfacet
  facet normal  5.612569e-001 -7.725125e-001 -2.970103e-001
    outer loop
      vertex  1.288686e+002  5.113137e+001  1.000000e+000
      vertex  1.284686e+002  5.111261e+001  2.928932e-001
      vertex  1.294151e+002  5.180025e+001  2.928932e-001
    endloop
  endfacet
  facet normal  3.312894e-001 -7.998106e-001 -5.005500e-001
    outer loop
      vertex  1.288686e+002  5.113137e+001  1.000000e+000
      vertex  1.294151e+002  5.180025e+001  2.928932e-001
      vertex  1.300000e+002  5.160000e+001  1.000000e+000
    endloop
  endfacet
  facet normal -3.797585e-001 -1.233939e-001 -9.168192e-001
    outer loop
      vertex  1.326000e+002  5.000000e+001  0.000000e+000
      vertex  1.318929e+002  5.000000e+001  2.928932e-001
      vertex  1.321034e+002  5.152824e+001  0.000000e+000
    endloop
  endfacet
  facet normal -3.797631e-001 -1.233929e-001 -9.168174e-001
    outer loop
      vertex  1.321034e+002  5.152824e+001  0.000000e+000
      vertex  1.318929e+002  5.000000e+001  2.928932e-001
      vertex  1.315314e+002  5.111261e+001  2.928932e-001
    endloop
  endfacet
  facet normal -2.347072e-001 -3.230429e-001 -9.168184e-001
    outer loop
      vertex  1.321034e+002  5.152824e+001  0.000000e+000
      vertex  1.315314e+002  5.111261e+001  2.928932e-001
      vertex  1.308035e+002  5.247275e+001  0.000000e+000
    endloop
  endfacet
  facet normal -2.346992e-001 -3.230393e-001 -9.168217e-001
    outer loop
      vertex  1.308035e+002  5.247275e+001  0.000000e+000
      vertex  1.315314e+002  5.111261e+001  2.928932e-001
      vertex  1.305849e+002  5.180025e+001  2.928932e-001
    endloop
  endfacet
  facet normal  0.000000e+000 -3.993012e-001 -9.168198e-001
    outer loop
      vertex  1.308035e+002  5.247275e+001  0.000000e+000
      vertex  1.305849e+002  5.180025e+001  2.928932e-001
      vertex  1.291965e+002  5.247275e+001  0.000000e+000
    endloop
  endfacet
  facet normal  0.000000e+000 -3.993012e-001 -9.168198e-001
    outer loop
      vertex  1.291965e+002  5.247275e+001  0.000000e+000
      vertex  1.305849e+002  5.180025e+001  2.928932e-001
      vertex  1.294151e+002  5.180025e+001  2.928932e-001
    endloop
  endfacet
  facet normal  2.347023e-001 -3.230381e-001 -9.168213e-001
    outer loop
      vertex  1.291965e+002  5.247275e+001  0.000000e+000
      vertex  1.294151e+002  5.180025e+001  2.928932e-001
      vertex  1.278966e+002  5.152824e+001  0.000000e+000
    endloop
  endfacet
  facet normal  2.347030e-001 -3.230446e-001 -9.168187e-001
    outer loop
      vertex  1.278966e+002  5.152824e+001  0.000000e+000
      vertex  1.294151e+002  5.180025e+001  2.928932e-001
      vertex  1.284686e+002  5.111261e+001  2.928932e-001
    endloop
  endfacet
  facet normal  3.797604e-001 -1.233907e-001 -9.168188e-001
    outer loop
      vertex  1.278966e+002  5.152824e+001  0.000000e+000
      vertex  1.284686e+002  5.111261e+001  2.928932e-001
      vertex  1.274000e+002  5.000000e+001  0.000000e+000
    endloop
  endfacet
  facet normal  3.797621e-001 -1.233926e-001 -9.168178e-001
    outer loop
      vertex  1.274000e+002  5.000000e+001  0.000000e+000
      vertex  1.284686e+002  5.111261e+001  2.928932e-001
      vertex  1.281071e+002  5.000000e+001  2.928932e-001
    endloop
  endfacet
  facet normal -3.826858e-001  9.238786e-001  0.000000e+000
    outer loop
      vertex  1.300000e+002  1.027560e+002  1.000000e+000
      vertex  1.311314e+002  1.032246e+002  9.000000e+000
      vertex  1.311314e+002  1.032246e+002  1.000000e+000
    endloop
  endfacet
  facet normal -9.238799e-001  3.826827e-001  0.000000e+000
    outer loop
      vertex  1.311314e+002  1.032246e+002  1.000000e+000
      vertex  1.311314e+002  1.032246e+002  9.000000e+000
      vertex  1.316000e+002  1.043560e+002  9.000000e+000
    endloop
  endfacet
  facet normal -9.238799e-001  3.826827e-001  0.000000e+000
    outer loop
      vertex  1.311314e+002  1.032246e+002  1.000000e+000
      vertex  1.316000e+002  1.043560e+002  9.000000e+000
      vertex  1.316000e+002  1.043560e+002  1.000000e+000
    endloop
  endfacet
  facet normal -3.826858e-001  9.238786e-001  0.000000e+000
    outer loop
      vertex  1.311314e+002  1.032246e+002  9.000000e+000
      vertex  1.300000e+002  1.027560e+002  1.000000e+000
      vertex  1.300000e+002  1.027560e+002  9.000000e+000
    endloop
  endfacet
  facet normal  3.826858e-001  9.238786e-001  0.000000e+000
    outer loop
      vertex  1.300000e+002  1.027560e+002  9.000000e+000
      vertex  1.300000e+002  1.027560e+002  1.000000e+000
      vertex  1.288686e+002  1.032246e+002  1.000000e+000
    endloop
  endfacet
  facet normal  3.826858e-001  9.238786e-001  -0.000000e+000
    outer loop
      vertex  1.300000e+002  1.027560e+002  9.000000e+000
      vertex  1.288686e+002  1.032246e+002  1.000000e+000
      vertex  1.288686e+002  1.032246e+002  9.000000e+000
    endloop
  endfacet
  facet normal  9.238799e-001  3.826827e-001  0.000000e+000
    outer loop
      vertex  1.288686e+002  1.032246e+002  9.000000e+000
      vertex  1.288686e+002  1.032246e+002  1.000000e+000
      vertex  1.284000e+002  1.043560e+002  1.000000e+000
    endloop
  endfacet
  facet normal  9.238799e-001  3.826827e-001  -0.000000e+000
    outer loop
      vertex  1.288686e+002  1.032246e+002  9.000000e+000
      vertex  1.284000e+002  1.043560e+002  1.000000e+000
      vertex  1.284000e+002  1.043560e+002  9.000000e+000
    endloop
  endfacet
  facet normal  3.826805e-001 -9.238808e-001  0.000000e+000
    outer loop
      vertex  1.300000e+002  1.059560e+002  1.000000e+000
      vertex  1.288686e+002  1.054874e+002  9.000000e+000
      vertex  1.288686e+002  1.054874e+002  1.000000e+000
    endloop
  endfacet
  facet normal  9.238799e-001 -3.826827e-001  0.000000e+000
    outer loop
      vertex  1.288686e+002  1.054874e+002  1.000000e+000
      vertex  1.288686e+002  1.054874e+002  9.000000e+000
      vertex  1.284000e+002  1.043560e+002  9.000000e+000
    endloop
  endfacet
  facet normal  9.238799e-001 -3.826827e-001  0.000000e+000
    outer loop
      vertex  1.288686e+002  1.054874e+002  1.000000e+000
      vertex  1.284000e+002  1.043560e+002  9.000000e+000
      vertex  1.284000e+002  1.043560e+002  1.000000e+000
    endloop
  endfacet
  facet normal  3.826805e-001 -9.238808e-001  0.000000e+000
    outer loop
      vertex  1.288686e+002  1.054874e+002  9.000000e+000
      vertex  1.300000e+002  1.059560e+002  1.000000e+000
      vertex  1.300000e+002  1.059560e+002  9.000000e+000
    endloop
  endfacet
  facet normal -3.826805e-001 -9.238808e-001  -0.000000e+000
    outer loop
      vertex  1.300000e+002  1.059560e+002  9.000000e+000
      vertex  1.300000e+002  1.059560e+002  1.000000e+000
      vertex  1.311314e+002  1.054874e+002  1.000000e+000
    endloop
  endfacet
  facet normal -3.826805e-001 -9.238808e-001  0.000000e+000
    outer loop
      vertex  1.300000e+002  1.059560e+002  9.000000e+000
      vertex  1.311314e+002  1.054874e+002  1.000000e+000
      vertex  1.311314e+002  1.054874e+002  9.000000e+000
    endloop
  endfacet
  facet normal -9.238799e-001 -3.826827e-001  -0.000000e+000
    outer loop
      vertex  1.311314e+002  1.054874e+002  9.000000e+000
      vertex  1.311314e+002  1.054874e+002  1.000000e+000
      vertex  1.316000e+002  1.043560e+002  1.000000e+000
    endloop
  endfacet
  facet normal -9.238799e-001 -3.826827e-001  0.000000e+000
    outer loop
      vertex  1.311314e+002  1.054874e+002  9.000000e+000
      vertex  1.316000e+002  1.043560e+002  1.000000e+000
      vertex  1.316000e+002  1.043560e+002  9.000000e+000
    endloop
  endfacet
  facet normal  8.848709e-001  2.875119e-001 -3.665246e-001
    outer loop
      vertex  1.284000e+002  1.043560e+002  1.000000e+000
      vertex  1.284686e+002  1.032434e+002  2.928932e-001
      vertex  1.281071e+002  1.043560e+002  2.928932e-001
    endloop
  endfacet
  facet normal  8.221953e-001  3.405637e-001 -4.560825e-001
    outer loop
      vertex  1.284000e+002  1.043560e+002  1.000000e+000
      vertex  1.288686e+002  1.032246e+002  1.000000e+000
      vertex  1.284686e+002  1.032434e+002  2.928932e-001
    endloop
  endfacet
  facet normal -8.221953e-001  3.405637e-001 -4.560825e-001
    outer loop
      vertex  1.316000e+002  1.043560e+002  1.000000e+000
      vertex  1.315314e+002  1.032434e+002  2.928932e-001
      vertex  1.311314e+002  1.032246e+002  1.000000e+000
    endloop
  endfacet
  facet normal -8.848709e-001  2.875119e-001 -3.665246e-001
    outer loop
      vertex  1.316000e+002  1.043560e+002  1.000000e+000
      vertex  1.318929e+002  1.043560e+002  2.928932e-001
      vertex  1.315314e+002  1.032434e+002  2.928932e-001
    endloop
  endfacet
  facet normal  5.612580e-001  7.725098e-001 -2.970152e-001
    outer loop
      vertex  1.288686e+002  1.032246e+002  1.000000e+000
      vertex  1.294151e+002  1.025557e+002  2.928932e-001
      vertex  1.284686e+002  1.032434e+002  2.928932e-001
    endloop
  endfacet
  facet normal  0.000000e+000  9.621618e-001 -2.724789e-001
    outer loop
      vertex  1.300000e+002  1.027560e+002  1.000000e+000
      vertex  1.305849e+002  1.025557e+002  2.928932e-001
      vertex  1.294151e+002  1.025557e+002  2.928932e-001
    endloop
  endfacet
  facet normal  3.312935e-001  7.998074e-001 -5.005525e-001
    outer loop
      vertex  1.300000e+002  1.027560e+002  1.000000e+000
      vertex  1.294151e+002  1.025557e+002  2.928932e-001
      vertex  1.288686e+002  1.032246e+002  1.000000e+000
    endloop
  endfacet
  facet normal -5.612580e-001  7.725098e-001 -2.970152e-001
    outer loop
      vertex  1.311314e+002  1.032246e+002  1.000000e+000
      vertex  1.315314e+002  1.032434e+002  2.928932e-001
      vertex  1.305849e+002  1.025557e+002  2.928932e-001
    endloop
  endfacet
  facet normal -3.312935e-001  7.998074e-001 -5.005525e-001
    outer loop
      vertex  1.311314e+002  1.032246e+002  1.000000e+000
      vertex  1.305849e+002  1.025557e+002  2.928932e-001
      vertex  1.300000e+002  1.027560e+002  1.000000e+000
    endloop
  endfacet
  facet normal  3.797621e-001  1.233909e-001 -9.168180e-001
    outer loop
      vertex  1.274000e+002  1.043560e+002  0.000000e+000
      vertex  1.281071e+002  1.043560e+002  2.928932e-001
      vertex  1.278966e+002  1.028278e+002  0.000000e+000
    endloop
  endfacet
  facet normal  3.797599e-001  1.233914e-001 -9.168189e-001
    outer loop
      vertex  1.278966e+002  1.028278e+002  0.000000e+000
      vertex  1.281071e+002  1.043560e+002  2.928932e-001
      vertex  1.284686e+002  1.032434e+002  2.928932e-001
    endloop
  endfacet
  facet normal  2.347046e-001  3.230426e-001 -9.168191e-001
    outer loop
      vertex  1.278966e+002  1.028278e+002  0.000000e+000
      vertex  1.284686e+002  1.032434e+002  2.928932e-001
      vertex  1.291965e+002  1.018833e+002  0.000000e+000
    endloop
  endfacet
  facet normal  2.347020e-001  3.230414e-001 -9.168202e-001
    outer loop
      vertex  1.291965e+002  1.018833e+002  0.000000e+000
      vertex  1.284686e+002  1.032434e+002  2.928932e-001
      vertex  1.294151e+002  1.025557e+002  2.928932e-001
    endloop
  endfacet
  facet normal  0.000000e+000  3.993050e-001 -9.168182e-001
    outer loop
      vertex  1.291965e+002  1.018833e+002  0.000000e+000
      vertex  1.294151e+002  1.025557e+002  2.928932e-001
      vertex  1.308035e+002  1.018833e+002  0.000000e+000
    endloop
  endfacet
  facet normal  0.000000e+000  3.993050e-001 -9.168181e-001
    outer loop
      vertex  1.308035e+002  1.018833e+002  0.000000e+000
      vertex  1.294151e+002  1.025557e+002  2.928932e-001
      vertex  1.305849e+002  1.025557e+002  2.928932e-001
    endloop
  endfacet
  facet normal -2.347045e-001  3.230405e-001 -9.168199e-001
    outer loop
      vertex  1.308035e+002  1.018833e+002  0.000000e+000
      vertex  1.305849e+002  1.025557e+002  2.928932e-001
      vertex  1.321034e+002  1.028278e+002  0.000000e+000
    endloop
  endfacet
  facet normal -2.347050e-001  3.230456e-001 -9.168180e-001
    outer loop
      vertex  1.321034e+002  1.028278e+002  0.000000e+000
      vertex  1.305849e+002  1.025557e+002  2.928932e-001
      vertex  1.315314e+002  1.032434e+002  2.928932e-001
    endloop
  endfacet
  facet normal -3.797619e-001  1.233947e-001 -9.168177e-001
    outer loop
      vertex  1.321034e+002  1.028278e+002  0.000000e+000
      vertex  1.315314e+002  1.032434e+002  2.928932e-001
      vertex  1.326000e+002  1.043560e+002  0.000000e+000
    endloop
  endfacet
  facet normal -3.797587e-001  1.233910e-001 -9.168195e-001
    outer loop
      vertex  1.326000e+002  1.043560e+002  0.000000e+000
      vertex  1.315314e+002  1.032434e+002  2.928932e-001
      vertex  1.318929e+002  1.043560e+002  2.928932e-001
    endloop
  endfacet
  facet normal -8.848705e-001 -2.875137e-001 -3.665244e-001
    outer loop
      vertex  1.316000e+002  1.043560e+002  1.000000e+000
      vertex  1.315314e+002  1.054686e+002  2.928932e-001
      vertex  1.318929e+002  1.043560e+002  2.928932e-001
    endloop
  endfacet
  facet normal -8.221967e-001 -3.405643e-001 -4.560796e-001
    outer loop
      vertex  1.316000e+002  1.043560e+002  1.000000e+000
      vertex  1.311314e+002  1.054874e+002  1.000000e+000
      vertex  1.315314e+002  1.054686e+002  2.928932e-001
    endloop
  endfacet
  facet normal  8.221967e-001 -3.405643e-001 -4.560796e-001
    outer loop
      vertex  1.284000e+002  1.043560e+002  1.000000e+000
      vertex  1.284686e+002  1.054686e+002  2.928932e-001
      vertex  1.288686e+002  1.054874e+002  1.000000e+000
    endloop
  endfacet
  facet normal  8.848705e-001 -2.875137e-001 -3.665244e-001
    outer loop
      vertex  1.284000e+002  1.043560e+002  1.000000e+000
      vertex  1.281071e+002  1.043560e+002  2.928932e-001
      vertex  1.284686e+002  1.054686e+002  2.928932e-001
    endloop
  endfacet
  facet normal -5.612594e-001 -7.725117e-001 -2.970076e-001
    outer loop
      vertex  1.311314e+002  1.054874e+002  1.000000e+000
      vertex  1.305849e+002  1.061563e+002  2.928932e-001
      vertex  1.315314e+002  1.054686e+002  2.928932e-001
    endloop
  endfacet
  facet normal  0.000000e+000 -9.621618e-001 -2.724789e-001
    outer loop
      vertex  1.300000e+002  1.059560e+002  1.000000e+000
      vertex  1.294151e+002  1.061563e+002  2.928932e-001
      vertex  1.305849e+002  1.061563e+002  2.928932e-001
    endloop
  endfacet
  facet normal -3.312894e-001 -7.998106e-001 -5.005500e-001
    outer loop
      vertex  1.300000e+002  1.059560e+002  1.000000e+000
      vertex  1.305849e+002  1.061563e+002  2.928932e-001
      vertex  1.311314e+002  1.054874e+002  1.000000e+000
    endloop
  endfacet
  facet normal  5.612594e-001 -7.725117e-001 -2.970076e-001
    outer loop
      vertex  1.288686e+002  1.054874e+002  1.000000e+000
      vertex  1.284686e+002  1.054686e+002  2.928932e-001
      vertex  1.294151e+002  1.061563e+002  2.928932e-001
    endloop
  endfacet
  facet normal  3.312894e-001 -7.998106e-001 -5.005500e-001
    outer loop
      vertex  1.288686e+002  1.054874e+002  1.000000e+000
      vertex  1.294151e+002  1.061563e+002  2.928932e-001
      vertex  1.300000e+002  1.059560e+002  1.000000e+000
    endloop
  endfacet
  facet normal -3.797585e-001 -1.233942e-001 -9.168192e-001
    outer loop
      vertex  1.326000e+002  1.043560e+002  0.000000e+000
      vertex  1.318929e+002  1.043560e+002  2.928932e-001
      vertex  1.321034e+002  1.058842e+002  0.000000e+000
    endloop
  endfacet
  facet normal -3.797629e-001 -1.233933e-001 -9.168174e-001
    outer loop
      vertex  1.321034e+002  1.058842e+002  0.000000e+000
      vertex  1.318929e+002  1.043560e+002  2.928932e-001
      vertex  1.315314e+002  1.054686e+002  2.928932e-001
    endloop
  endfacet
  facet normal -2.347077e-001 -3.230422e-001 -9.168184e-001
    outer loop
      vertex  1.321034e+002  1.058842e+002  0.000000e+000
      vertex  1.315314e+002  1.054686e+002  2.928932e-001
      vertex  1.308035e+002  1.068288e+002  0.000000e+000
    endloop
  endfacet
  facet normal -2.347002e-001 -3.230389e-001 -9.168215e-001
    outer loop
      vertex  1.308035e+002  1.068288e+002  0.000000e+000
      vertex  1.315314e+002  1.054686e+002  2.928932e-001
      vertex  1.305849e+002  1.061563e+002  2.928932e-001
    endloop
  endfacet
  facet normal  0.000000e+000 -3.993012e-001 -9.168198e-001
    outer loop
      vertex  1.308035e+002  1.068288e+002  0.000000e+000
      vertex  1.305849e+002  1.061563e+002  2.928932e-001
      vertex  1.291965e+002  1.068288e+002  0.000000e+000
    endloop
  endfacet
  facet normal  0.000000e+000 -3.993012e-001 -9.168198e-001
    outer loop
      vertex  1.291965e+002  1.068288e+002  0.000000e+000
      vertex  1.305849e+002  1.061563e+002  2.928932e-001
      vertex  1.294151e+002  1.061563e+002  2.928932e-001
    endloop
  endfacet
  facet normal  2.347031e-001 -3.230378e-001 -9.168212e-001
    outer loop
      vertex  1.291965e+002  1.068288e+002  0.000000e+000
      vertex  1.294151e+002  1.061563e+002  2.928932e-001
      vertex  1.278966e+002  1.058842e+002  0.000000e+000
    endloop
  endfacet
  facet normal  2.347037e-001 -3.230438e-001 -9.168190e-001
    outer loop
      vertex  1.278966e+002  1.058842e+002  0.000000e+000
      vertex  1.294151e+002  1.061563e+002  2.928932e-001
      vertex  1.284686e+002  1.054686e+002  2.928932e-001
    endloop
  endfacet
  facet normal  3.797602e-001 -1.233909e-001 -9.168189e-001
    outer loop
      vertex  1.278966e+002  1.058842e+002  0.000000e+000
      vertex  1.284686e+002  1.054686e+002  2.928932e-001
      vertex  1.274000e+002  1.043560e+002  0.000000e+000
    endloop
  endfacet
  facet normal  3.797621e-001 -1.233930e-001 -9.168178e-001
    outer loop
      vertex  1.274000e+002  1.043560e+002  0.000000e+000
      vertex  1.284686e+002  1.054686e+002  2.928932e-001
      vertex  1.281071e+002  1.043560e+002  2.928932e-001
    endloop
  endfacet
  facet normal -3.826849e-001  9.238790e-001  0.000000e+000
    outer loop
      vertex  1.681000e+002  4.840000e+001  1.000000e+000
      vertex  1.692314e+002  4.886863e+001  9.000000e+000
      vertex  1.692314e+002  4.886863e+001  1.000000e+000
    endloop
  endfacet
  facet normal -9.238799e-001  3.826827e-001  0.000000e+000
    outer loop
      vertex  1.692314e+002  4.886863e+001  1.000000e+000
      vertex  1.692314e+002  4.886863e+001  9.000000e+000
      vertex  1.697000e+002  5.000000e+001  9.000000e+000
    endloop
  endfacet
  facet normal -9.238799e-001  3.826827e-001  0.000000e+000
    outer loop
      vertex  1.692314e+002  4.886863e+001  1.000000e+000
      vertex  1.697000e+002  5.000000e+001  9.000000e+000
      vertex  1.697000e+002  5.000000e+001  1.000000e+000
    endloop
  endfacet
  facet normal -3.826849e-001  9.238790e-001  0.000000e+000
    outer loop
      vertex  1.692314e+002  4.886863e+001  9.000000e+000
      vertex  1.681000e+002  4.840000e+001  1.000000e+000
      vertex  1.681000e+002  4.840000e+001  9.000000e+000
    endloop
  endfacet
  facet normal  3.826805e-001  9.238808e-001  0.000000e+000
    outer loop
      vertex  1.681000e+002  4.840000e+001  9.000000e+000
      vertex  1.681000e+002  4.840000e+001  1.000000e+000
      vertex  1.669686e+002  4.886863e+001  1.000000e+000
    endloop
  endfacet
  facet normal  3.826805e-001  9.238808e-001  -0.000000e+000
    outer loop
      vertex  1.681000e+002  4.840000e+001  9.000000e+000
      vertex  1.669686e+002  4.886863e+001  1.000000e+000
      vertex  1.669686e+002  4.886863e+001  9.000000e+000
    endloop
  endfacet
  facet normal  9.238799e-001  3.826827e-001  0.000000e+000
    outer loop
      vertex  1.669686e+002  4.886863e+001  9.000000e+000
      vertex  1.669686e+002  4.886863e+001  1.000000e+000
      vertex  1.665000e+002  5.000000e+001  1.000000e+000
    endloop
  endfacet
  facet normal  9.238799e-001  3.826827e-001  -0.000000e+000
    outer loop
      vertex  1.669686e+002  4.886863e+001  9.000000e+000
      vertex  1.665000e+002  5.000000e+001  1.000000e+000
      vertex  1.665000e+002  5.000000e+001  9.000000e+000
    endloop
  endfacet
  facet normal  3.826805e-001 -9.238808e-001  0.000000e+000
    outer loop
      vertex  1.681000e+002  5.160000e+001  1.000000e+000
      vertex  1.669686e+002  5.113137e+001  9.000000e+000
      vertex  1.669686e+002  5.113137e+001  1.000000e+000
    endloop
  endfacet
  facet normal  9.238799e-001 -3.826827e-001  0.000000e+000
    outer loop
      vertex  1.669686e+002  5.113137e+001  1.000000e+000
      vertex  1.669686e+002  5.113137e+001  9.000000e+000
      vertex  1.665000e+002  5.000000e+001  9.000000e+000
    endloop
  endfacet
  facet normal  9.238799e-001 -3.826827e-001  0.000000e+000
    outer loop
      vertex  1.669686e+002  5.113137e+001  1.000000e+000
      vertex  1.665000e+002  5.000000e+001  9.000000e+000
      vertex  1.665000e+002  5.000000e+001  1.000000e+000
    endloop
  endfacet
  facet normal  3.826805e-001 -9.238808e-001  0.000000e+000
    outer loop
      vertex  1.669686e+002  5.113137e+001  9.000000e+000
      vertex  1.681000e+002  5.160000e+001  1.000000e+000
      vertex  1.681000e+002  5.160000e+001  9.000000e+000
    endloop
  endfacet
  facet normal -3.826849e-001 -9.238790e-001  -0.000000e+000
    outer loop
      vertex  1.681000e+002  5.160000e+001  9.000000e+000
      vertex  1.681000e+002  5.160000e+001  1.000000e+000
      vertex  1.692314e+002  5.113137e+001  1.000000e+000
    endloop
  endfacet
  facet normal -3.826849e-001 -9.238790e-001  0.000000e+000
    outer loop
      vertex  1.681000e+002  5.160000e+001  9.000000e+000
      vertex  1.692314e+002  5.113137e+001  1.000000e+000
      vertex  1.692314e+002  5.113137e+001  9.000000e+000
    endloop
  endfacet
  facet normal -9.238799e-001 -3.826827e-001  -0.000000e+000
    outer loop
      vertex  1.692314e+002  5.113137e+001  9.000000e+000
      vertex  1.692314e+002  5.113137e+001  1.000000e+000
      vertex  1.697000e+002  5.000000e+001  1.000000e+000
    endloop
  endfacet
  facet normal -9.238799e-001 -3.826827e-001  0.000000e+000
    outer loop
      vertex  1.692314e+002  5.113137e+001  9.000000e+000
      vertex  1.697000e+002  5.000000e+001  1.000000e+000
      vertex  1.697000e+002  5.000000e+001  9.000000e+000
    endloop
  endfacet
  facet normal  8.848707e-001  2.875128e-001 -3.665245e-001
    outer loop
      vertex  1.665000e+002  5.000000e+001  1.000000e+000
      vertex  1.665686e+002  4.888739e+001  2.928932e-001
      vertex  1.662071e+002  5.000000e+001  2.928932e-001
    endloop
  endfacet
  facet normal  8.221959e-001  3.405640e-001 -4.560811e-001
    outer loop
      vertex  1.665000e+002  5.000000e+001  1.000000e+000
      vertex  1.669686e+002  4.886863e+001  1.000000e+000
      vertex  1.665686e+002  4.888739e+001  2.928932e-001
    endloop
  endfacet
  facet normal -8.221959e-001  3.405640e-001 -4.560811e-001
    outer loop
      vertex  1.697000e+002  5.000000e+001  1.000000e+000
      vertex  1.696314e+002  4.888739e+001  2.928932e-001
      vertex  1.692314e+002  4.886863e+001  1.000000e+000
    endloop
  endfacet
  facet normal -8.848707e-001  2.875128e-001 -3.665245e-001
    outer loop
      vertex  1.697000e+002  5.000000e+001  1.000000e+000
      vertex  1.699929e+002  5.000000e+001  2.928932e-001
      vertex  1.696314e+002  4.888739e+001  2.928932e-001
    endloop
  endfacet
  facet normal  5.612622e-001  7.725074e-001 -2.970134e-001
    outer loop
      vertex  1.669686e+002  4.886863e+001  1.000000e+000
      vertex  1.675151e+002  4.819975e+001  2.928932e-001
      vertex  1.665686e+002  4.888739e+001  2.928932e-001
    endloop
  endfacet
  facet normal  0.000000e+000  9.621618e-001 -2.724789e-001
    outer loop
      vertex  1.681000e+002  4.840000e+001  1.000000e+000
      vertex  1.686849e+002  4.819975e+001  2.928932e-001
      vertex  1.675151e+002  4.819975e+001  2.928932e-001
    endloop
  endfacet
  facet normal  3.312882e-001  7.998078e-001 -5.005554e-001
    outer loop
      vertex  1.681000e+002  4.840000e+001  1.000000e+000
      vertex  1.675151e+002  4.819975e+001  2.928932e-001
      vertex  1.669686e+002  4.886863e+001  1.000000e+000
    endloop
  endfacet
  facet normal -5.612622e-001  7.725074e-001 -2.970134e-001
    outer loop
      vertex  1.692314e+002  4.886863e+001  1.000000e+000
      vertex  1.696314e+002  4.888739e+001  2.928932e-001
      vertex  1.686849e+002  4.819975e+001  2.928932e-001
    endloop
  endfacet
  facet normal -3.312928e-001  7.998080e-001 -5.005521e-001
    outer loop
      vertex  1.692314e+002  4.886863e+001  1.000000e+000
      vertex  1.686849e+002  4.819975e+001  2.928932e-001
      vertex  1.681000e+002  4.840000e+001  1.000000e+000
    endloop
  endfacet
  facet normal  3.797587e-001  1.233901e-001 -9.168196e-001
    outer loop
      vertex  1.655000e+002  5.000000e+001  0.000000e+000
      vertex  1.662071e+002  5.000000e+001  2.928932e-001
      vertex  1.659966e+002  4.847176e+001  0.000000e+000
    endloop
  endfacet
  facet normal  3.797562e-001  1.233907e-001 -9.168206e-001
    outer loop
      vertex  1.659966e+002  4.847176e+001  0.000000e+000
      vertex  1.662071e+002  5.000000e+001  2.928932e-001
      vertex  1.665686e+002  4.888739e+001  2.928932e-001
    endloop
  endfacet
  facet normal  2.347031e-001  3.230411e-001 -9.168200e-001
    outer loop
      vertex  1.659966e+002  4.847176e+001  0.000000e+000
      vertex  1.665686e+002  4.888739e+001  2.928932e-001
      vertex  1.672966e+002  4.752725e+001  0.000000e+000
    endloop
  endfacet
  facet normal  2.347048e-001  3.230418e-001 -9.168193e-001
    outer loop
      vertex  1.672966e+002  4.752725e+001  0.000000e+000
      vertex  1.665686e+002  4.888739e+001  2.928932e-001
      vertex  1.675151e+002  4.819975e+001  2.928932e-001
    endloop
  endfacet
  facet normal  0.000000e+000  3.993012e-001 -9.168198e-001
    outer loop
      vertex  1.672966e+002  4.752725e+001  0.000000e+000
      vertex  1.675151e+002  4.819975e+001  2.928932e-001
      vertex  1.689034e+002  4.752725e+001  0.000000e+000
    endloop
  endfacet
  facet normal  0.000000e+000  3.993012e-001 -9.168198e-001
    outer loop
      vertex  1.689034e+002  4.752725e+001  0.000000e+000
      vertex  1.675151e+002  4.819975e+001  2.928932e-001
      vertex  1.686849e+002  4.819975e+001  2.928932e-001
    endloop
  endfacet
  facet normal -2.347039e-001  3.230422e-001 -9.168195e-001
    outer loop
      vertex  1.689034e+002  4.752725e+001  0.000000e+000
      vertex  1.686849e+002  4.819975e+001  2.928932e-001
      vertex  1.702034e+002  4.847176e+001  0.000000e+000
    endloop
  endfacet
  facet normal -2.347037e-001  3.230403e-001 -9.168201e-001
    outer loop
      vertex  1.702034e+002  4.847176e+001  0.000000e+000
      vertex  1.686849e+002  4.819975e+001  2.928932e-001
      vertex  1.696314e+002  4.888739e+001  2.928932e-001
    endloop
  endfacet
  facet normal -3.797570e-001  1.233896e-001 -9.168204e-001
    outer loop
      vertex  1.702034e+002  4.847176e+001  0.000000e+000
      vertex  1.696314e+002  4.888739e+001  2.928932e-001
      vertex  1.707000e+002  5.000000e+001  0.000000e+000
    endloop
  endfacet
  facet normal -3.797587e-001  1.233915e-001 -9.168195e-001
    outer loop
      vertex  1.707000e+002  5.000000e+001  0.000000e+000
      vertex  1.696314e+002  4.888739e+001  2.928932e-001
      vertex  1.699929e+002  5.000000e+001  2.928932e-001
    endloop
  endfacet
  facet normal -8.848707e-001 -2.875128e-001 -3.665245e-001
    outer loop
      vertex  1.697000e+002  5.000000e+001  1.000000e+000
      vertex  1.696314e+002  5.111261e+001  2.928932e-001
      vertex  1.699929e+002  5.000000e+001  2.928932e-001
    endloop
  endfacet
  facet normal -8.221959e-001 -3.405640e-001 -4.560811e-001
    outer loop
      vertex  1.697000e+002  5.000000e+001  1.000000e+000
      vertex  1.692314e+002  5.113137e+001  1.000000e+000
      vertex  1.696314e+002  5.111261e+001  2.928932e-001
    endloop
  endfacet
  facet normal  8.221959e-001 -3.405640e-001 -4.560811e-001
    outer loop
      vertex  1.665000e+002  5.000000e+001  1.000000e+000
      vertex  1.665686e+002  5.111261e+001  2.928932e-001
      vertex  1.669686e+002  5.113137e+001  1.000000e+000
    endloop
  endfacet
  facet normal  8.848707e-001 -2.875128e-001 -3.665245e-001
    outer loop
      vertex  1.665000e+002  5.000000e+001  1.000000e+000
      vertex  1.662071e+002  5.000000e+001  2.928932e-001
      vertex  1.665686e+002  5.111261e+001  2.928932e-001
    endloop
  endfacet
  facet normal -5.612622e-001 -7.725074e-001 -2.970134e-001
    outer loop
      vertex  1.692314e+002  5.113137e+001  1.000000e+000
      vertex  1.686849e+002  5.180025e+001  2.928932e-001
      vertex  1.696314e+002  5.111261e+001  2.928932e-001
    endloop
  endfacet
  facet normal  0.000000e+000 -9.621618e-001 -2.724789e-001
    outer loop
      vertex  1.681000e+002  5.160000e+001  1.000000e+000
      vertex  1.675151e+002  5.180025e+001  2.928932e-001
      vertex  1.686849e+002  5.180025e+001  2.928932e-001
    endloop
  endfacet
  facet normal -3.312928e-001 -7.998080e-001 -5.005521e-001
    outer loop
      vertex  1.681000e+002  5.160000e+001  1.000000e+000
      vertex  1.686849e+002  5.180025e+001  2.928932e-001
      vertex  1.692314e+002  5.113137e+001  1.000000e+000
    endloop
  endfacet
  facet normal  5.612622e-001 -7.725074e-001 -2.970134e-001
    outer loop
      vertex  1.669686e+002  5.113137e+001  1.000000e+000
      vertex  1.665686e+002  5.111261e+001  2.928932e-001
      vertex  1.675151e+002  5.180025e+001  2.928932e-001
    endloop
  endfacet
  facet normal  3.312882e-001 -7.998078e-001 -5.005554e-001
    outer loop
      vertex  1.669686e+002  5.113137e+001  1.000000e+000
      vertex  1.675151e+002  5.180025e+001  2.928932e-001
      vertex  1.681000e+002  5.160000e+001  1.000000e+000
    endloop
  endfacet
  facet normal -3.797587e-001 -1.233901e-001 -9.168196e-001
    outer loop
      vertex  1.707000e+002  5.000000e+001  0.000000e+000
      vertex  1.699929e+002  5.000000e+001  2.928932e-001
      vertex  1.702034e+002  5.152824e+001  0.000000e+000
    endloop
  endfacet
  facet normal -3.797562e-001 -1.233907e-001 -9.168206e-001
    outer loop
      vertex  1.702034e+002  5.152824e+001  0.000000e+000
      vertex  1.699929e+002  5.000000e+001  2.928932e-001
      vertex  1.696314e+002  5.111261e+001  2.928932e-001
    endloop
  endfacet
  facet normal -2.347031e-001 -3.230411e-001 -9.168200e-001
    outer loop
      vertex  1.702034e+002  5.152824e+001  0.000000e+000
      vertex  1.696314e+002  5.111261e+001  2.928932e-001
      vertex  1.689034e+002  5.247275e+001  0.000000e+000
    endloop
  endfacet
  facet normal -2.347048e-001 -3.230418e-001 -9.168193e-001
    outer loop
      vertex  1.689034e+002  5.247275e+001  0.000000e+000
      vertex  1.696314e+002  5.111261e+001  2.928932e-001
      vertex  1.686849e+002  5.180025e+001  2.928932e-001
    endloop
  endfacet
  facet normal  0.000000e+000 -3.993012e-001 -9.168198e-001
    outer loop
      vertex  1.689034e+002  5.247275e+001  0.000000e+000
      vertex  1.686849e+002  5.180025e+001  2.928932e-001
      vertex  1.672966e+002  5.247275e+001  0.000000e+000
    endloop
  endfacet
  facet normal  0.000000e+000 -3.993012e-001 -9.168198e-001
    outer loop
      vertex  1.672966e+002  5.247275e+001  0.000000e+000
      vertex  1.686849e+002  5.180025e+001  2.928932e-001
      vertex  1.675151e+002  5.180025e+001  2.928932e-001
    endloop
  endfacet
  facet normal  2.347039e-001 -3.230422e-001 -9.168195e-001
    outer loop
      vertex  1.672966e+002  5.247275e+001  0.000000e+000
      vertex  1.675151e+002  5.180025e+001  2.928932e-001
      vertex  1.659966e+002  5.152824e+001  0.000000e+000
    endloop
  endfacet
  facet normal  2.347037e-001 -3.230403e-001 -9.168201e-001
    outer loop
      vertex  1.659966e+002  5.152824e+001  0.000000e+000
      vertex  1.675151e+002  5.180025e+001  2.928932e-001
      vertex  1.665686e+002  5.111261e+001  2.928932e-001
    endloop
  endfacet
  facet normal  3.797570e-001 -1.233896e-001 -9.168204e-001
    outer loop
      vertex  1.659966e+002  5.152824e+001  0.000000e+000
      vertex  1.665686e+002  5.111261e+001  2.928932e-001
      vertex  1.655000e+002  5.000000e+001  0.000000e+000
    endloop
  endfacet
  facet normal  3.797587e-001 -1.233915e-001 -9.168195e-001
    outer loop
      vertex  1.655000e+002  5.000000e+001  0.000000e+000
      vertex  1.665686e+002  5.111261e+001  2.928932e-001
      vertex  1.662071e+002  5.000000e+001  2.928932e-001
    endloop
  endfacet
  facet normal  0.000000e+000 -1.000000e+000  0.000000e+000
    outer loop
      vertex  2.040000e+002 -5.000000e+000  4.400000e+001
      vertex -4.000000e+000 -5.000000e+000  4.400000e+001
      vertex  2.400000e+001 -5.000000e+000  3.600000e+001
    endloop
  endfacet
  facet normal  0.000000e+000 -1.000000e+000  0.000000e+000
    outer loop
      vertex  2.040000e+002 -5.000000e+000  4.400000e+001
      vertex  2.400000e+001 -5.000000e+000  3.600000e+001
      vertex  9.100000e+001 -5.000000e+000  3.600000e+001
    endloop
  endfacet
  facet normal  0.000000e+000 -1.000000e+000  0.000000e+000
    outer loop
      vertex  2.040000e+002 -5.000000e+000  4.400000e+001
      vertex  9.100000e+001 -5.000000e+000  3.600000e+001
      vertex  1.440000e+002 -5.000000e+000  3.600000e+001
    endloop
  endfacet
  facet normal  0.000000e+000 -1.000000e+000  0.000000e+000
    outer loop
      vertex  2.040000e+002 -5.000000e+000  4.400000e+001
      vertex  1.440000e+002 -5.000000e+000  3.600000e+001
      vertex  1.660000e+002 -5.000000e+000  3.600000e+001
    endloop
  endfacet
  facet normal  0.000000e+000 -1.000000e+000  0.000000e+000
    outer loop
      vertex  2.040000e+002 -5.000000e+000  4.400000e+001
      vertex  1.660000e+002 -5.000000e+000  3.600000e+001
      vertex  1.660000e+002 -5.000000e+000  1.900000e+001
    endloop
  endfacet
  facet normal  0.000000e+000 -1.000000e+000  0.000000e+000
    outer loop
      vertex  2.040000e+002 -5.000000e+000  4.400000e+001
      vertex  1.660000e+002 -5.000000e+000  1.900000e+001
      vertex  2.040000e+002 -5.000000e+000  1.000000e+000
    endloop
  endfacet
  facet normal  0.000000e+000 -1.000000e+000  0.000000e+000
    outer loop
      vertex  1.440000e+002 -5.000000e+000  3.600000e+001
      vertex  9.100000e+001 -5.000000e+000  3.600000e+001
      vertex  1.440000e+002 -5.000000e+000  1.900000e+001
    endloop
  endfacet
  facet normal  -0.000000e+000 -1.000000e+000  0.000000e+000
    outer loop
      vertex  1.440000e+002 -5.000000e+000  1.900000e+001
      vertex  9.100000e+001 -5.000000e+000  3.600000e+001
      vertex  9.100000e+001 -5.000000e+000  1.400000e+001
    endloop
  endfacet
  facet normal  0.000000e+000 -9.999999e-001  0.000000e+000
    outer loop
      vertex  1.440000e+002 -5.000000e+000  1.900000e+001
      vertex  9.100000e+001 -5.000000e+000  1.400000e+001
      vertex  1.660000e+002 -5.000000e+000  1.900000e+001
    endloop
  endfacet
  facet normal  0.000000e+000 -1.000000e+000  -0.000000e+000
    outer loop
      vertex  1.660000e+002 -5.000000e+000  1.900000e+001
      vertex  9.100000e+001 -5.000000e+000  1.400000e+001
      vertex  2.040000e+002 -5.000000e+000  1.000000e+000
    endloop
  endfacet
  facet normal  0.000000e+000 -1.000000e+000  0.000000e+000
    outer loop
      vertex  2.400000e+001 -5.000000e+000  3.600000e+001
      vertex -4.000000e+000 -5.000000e+000  4.400000e+001
      vertex  2.400000e+001 -5.000000e+000  1.400000e+001
    endloop
  endfacet
  facet normal  -0.000000e+000 -1.000000e+000  0.000000e+000
    outer loop
      vertex  2.400000e+001 -5.000000e+000  1.400000e+001
      vertex -4.000000e+000 -5.000000e+000  4.400000e+001
      vertex -4.000000e+000 -5.000000e+000  1.000000e+000
    endloop
  endfacet
  facet normal  0.000000e+000 -1.000000e+000  0.000000e+000
    outer loop
      vertex  2.400000e+001 -5.000000e+000  1.400000e+001
      vertex -4.000000e+000 -5.000000e+000  1.000000e+000
      vertex  9.100000e+001 -5.000000e+000  1.400000e+001
    endloop
  endfacet
  facet normal  0.000000e+000 -1.000000e+000  -0.000000e+000
    outer loop
      vertex  9.100000e+001 -5.000000e+000  1.400000e+001
      vertex -4.000000e+000 -5.000000e+000  1.000000e+000
      vertex  2.040000e+002 -5.000000e+000  1.000000e+000
    endloop
  endfacet
  facet normal  0.000000e+000  0.000000e+000  1.000000e+000
    outer loop
      vertex  1.450000e+002 -4.000000e+000  2.000000e+001
      vertex  1.650000e+002 -4.000000e+000  2.000000e+001
      vertex  1.450000e+002 -1.000000e+000  2.000000e+001
    endloop
  endfacet
  facet normal  -0.000000e+000  0.000000e+000  1.000000e+000
    outer loop
      vertex  1.450000e+002 -1.000000e+000  2.000000e+001
      vertex  1.650000e+002 -4.000000e+000  2.000000e+001
      vertex  1.650000e+002 -1.000000e+000  2.000000e+001
    endloop
  endfacet
  facet normal -1.000000e+000  0.000000e+000  0.000000e+000
    outer loop
      vertex  1.650000e+002 -1.000000e+000  2.000000e+001
      vertex  1.650000e+002 -4.000000e+000  2.000000e+001
      vertex  1.650000e+002 -1.000000e+000  3.500000e+001
    endloop
  endfacet
  facet normal -1.000000e+000  -0.000000e+000  0.000000e+000
    outer loop
      vertex  1.650000e+002 -1.000000e+000  3.500000e+001
      vertex  1.650000e+002 -4.000000e+000  2.000000e+001
      vertex  1.650000e+002 -4.000000e+000  3.500000e+001
    endloop
  endfacet
  facet normal  1.000000e+000  -0.000000e+000  0.000000e+000
    outer loop
      vertex  1.450000e+002 -1.000000e+000  3.500000e+001
      vertex  1.450000e+002 -4.000000e+000  3.500000e+001
      vertex  1.450000e+002 -1.000000e+000  2.000000e+001
    endloop
  endfacet
  facet normal  1.000000e+000  0.000000e+000  0.000000e+000
    outer loop
      vertex  1.450000e+002 -1.000000e+000  2.000000e+001
      vertex  1.450000e+002 -4.000000e+000  3.500000e+001
      vertex  1.450000e+002 -4.000000e+000  2.000000e+001
    endloop
  endfacet
  facet normal  -0.000000e+000  0.000000e+000 -1.000000e+000
    outer loop
      vertex  1.450000e+002 -1.000000e+000  3.500000e+001
      vertex  1.650000e+002 -1.000000e+000  3.500000e+001
      vertex  1.450000e+002 -4.000000e+000  3.500000e+001
    endloop
  endfacet
  facet normal  0.000000e+000  0.000000e+000 -1.000000e+000
    outer loop
      vertex  1.450000e+002 -4.000000e+000  3.500000e+001
      vertex  1.650000e+002 -1.000000e+000  3.500000e+001
      vertex  1.650000e+002 -4.000000e+000  3.500000e+001
    endloop
  endfacet
  facet normal  0.000000e+000 -9.969045e-001  7.862271e-002
    outer loop
      vertex  1.440000e+002 -5.000000e+000  1.900000e+001
      vertex  1.660000e+002 -5.000000e+000  1.900000e+001
      vertex  1.441568e+002 -4.987637e+000  1.915676e+001
    endloop
  endfacet
  facet normal  0.000000e+000 -9.969045e-001  7.862270e-002
    outer loop
      vertex  1.441568e+002 -4.987637e+000  1.915676e+001
      vertex  1.660000e+002 -5.000000e+000  1.900000e+001
      vertex  1.658432e+002 -4.987637e+000  1.915676e+001
    endloop
  endfacet
  facet normal  0.000000e+000 -8.944908e-001  4.470864e-001
    outer loop
      vertex  1.441568e+002 -4.987637e+000  1.915676e+001
      vertex  1.658432e+002 -4.987637e+000  1.915676e+001
      vertex  1.446958e+002 -4.718185e+000  1.969585e+001
    endloop
  endfacet
  facet normal  0.000000e+000 -8.944908e-001  4.470864e-001
    outer loop
      vertex  1.446958e+002 -4.718185e+000  1.969585e+001
      vertex  1.658432e+002 -4.987637e+000  1.915676e+001
      vertex  1.653042e+002 -4.718185e+000  1.969585e+001
    endloop
  endfacet
  facet normal  0.000000e+000 -5.855705e-001  8.106216e-001
    outer loop
      vertex  1.446958e+002 -4.718185e+000  1.969585e+001
      vertex  1.653042e+002 -4.718185e+000  1.969585e+001
      vertex  1.449005e+002 -4.434947e+000  1.990046e+001
    endloop
  endfacet
  facet normal  0.000000e+000 -5.855704e-001  8.106216e-001
    outer loop
      vertex  1.449005e+002 -4.434947e+000  1.990046e+001
      vertex  1.653042e+002 -4.718185e+000  1.969585e+001
      vertex  1.650995e+002 -4.434947e+000  1.990046e+001
    endloop
  endfacet
  facet normal  0.000000e+000 -2.230973e-001  9.747962e-001
    outer loop
      vertex  1.449005e+002 -4.434947e+000  1.990046e+001
      vertex  1.650995e+002 -4.434947e+000  1.990046e+001
      vertex  1.450000e+002 -4.000000e+000  2.000000e+001
    endloop
  endfacet
  facet normal  0.000000e+000 -2.230973e-001  9.747962e-001
    outer loop
      vertex  1.450000e+002 -4.000000e+000  2.000000e+001
      vertex  1.650995e+002 -4.434947e+000  1.990046e+001
      vertex  1.650000e+002 -4.000000e+000  2.000000e+001
    endloop
  endfacet
  facet normal  7.862461e-002 -9.969043e-001  0.000000e+000
    outer loop
      vertex  1.440000e+002 -5.000000e+000  3.600000e+001
      vertex  1.440000e+002 -5.000000e+000  1.900000e+001
      vertex  1.441568e+002 -4.987637e+000  3.584324e+001
    endloop
  endfacet
  facet normal  7.862461e-002 -9.969043e-001  0.000000e+000
    outer loop
      vertex  1.441568e+002 -4.987637e+000  3.584324e+001
      vertex  1.440000e+002 -5.000000e+000  1.900000e+001
      vertex  1.441568e+002 -4.987637e+000  1.915676e+001
    endloop
  endfacet
  facet normal  4.470877e-001 -8.944902e-001  0.000000e+000
    outer loop
      vertex  1.441568e+002 -4.987637e+000  3.584324e+001
      vertex  1.441568e+002 -4.987637e+000  1.915676e+001
      vertex  1.446958e+002 -4.718185e+000  3.530415e+001
    endloop
  endfacet
  facet normal  4.470876e-001 -8.944901e-001  0.000000e+000
    outer loop
      vertex  1.446958e+002 -4.718185e+000  3.530415e+001
      vertex  1.441568e+002 -4.987637e+000  1.915676e+001
      vertex  1.446958e+002 -4.718185e+000  1.969585e+001
    endloop
  endfacet
  facet normal  8.106190e-001 -5.855740e-001  0.000000e+000
    outer loop
      vertex  1.446958e+002 -4.718185e+000  3.530415e+001
      vertex  1.446958e+002 -4.718185e+000  1.969585e+001
      vertex  1.449005e+002 -4.434947e+000  3.509954e+001
    endloop
  endfacet
  facet normal  8.106190e-001 -5.855740e-001  0.000000e+000
    outer loop
      vertex  1.449005e+002 -4.434947e+000  3.509954e+001
      vertex  1.446958e+002 -4.718185e+000  1.969585e+001
      vertex  1.449005e+002 -4.434947e+000  1.990046e+001
    endloop
  endfacet
  facet normal  9.747943e-001 -2.231055e-001  0.000000e+000
    outer loop
      vertex  1.449005e+002 -4.434947e+000  3.509954e+001
      vertex  1.449005e+002 -4.434947e+000  1.990046e+001
      vertex  1.450000e+002 -4.000000e+000  3.500000e+001
    endloop
  endfacet
  facet normal  9.747943e-001 -2.231054e-001  0.000000e+000
    outer loop
      vertex  1.450000e+002 -4.000000e+000  3.500000e+001
      vertex  1.449005e+002 -4.434947e+000  1.990046e+001
      vertex  1.450000e+002 -4.000000e+000  2.000000e+001
    endloop
  endfacet
  facet normal  -0.000000e+000 -2.230973e-001 -9.747962e-001
    outer loop
      vertex  1.450000e+002 -4.000000e+000  3.500000e+001
      vertex  1.650000e+002 -4.000000e+000  3.500000e+001
      vertex  1.449005e+002 -4.434947e+000  3.509954e+001
    endloop
  endfacet
  facet normal  0.000000e+000 -2.230973e-001 -9.747962e-001
    outer loop
      vertex  1.449005e+002 -4.434947e+000  3.509954e+001
      vertex  1.650000e+002 -4.000000e+000  3.500000e+001
      vertex  1.650995e+002 -4.434947e+000  3.509954e+001
    endloop
  endfacet
  facet normal  -0.000000e+000 -5.855812e-001 -8.106138e-001
    outer loop
      vertex  1.449005e+002 -4.434947e+000  3.509954e+001
      vertex  1.650995e+002 -4.434947e+000  3.509954e+001
      vertex  1.446958e+002 -4.718185e+000  3.530415e+001
    endloop
  endfacet
  facet normal -1.500495e-007 -5.855741e-001 -8.106189e-001
    outer loop
      vertex  1.446958e+002 -4.718185e+000  3.530415e+001
      vertex  1.650995e+002 -4.434947e+000  3.509954e+001
      vertex  1.653042e+002 -4.718185e+000  3.530415e+001
    endloop
  endfacet
  facet normal -8.275857e-008 -8.944889e-001 -4.470902e-001
    outer loop
      vertex  1.446958e+002 -4.718185e+000  3.530415e+001
      vertex  1.653042e+002 -4.718185e+000  3.530415e+001
      vertex  1.441568e+002 -4.987637e+000  3.584324e+001
    endloop
  endfacet
  facet normal  0.000000e+000 -8.944901e-001 -4.470876e-001
    outer loop
      vertex  1.441568e+002 -4.987637e+000  3.584324e+001
      vertex  1.653042e+002 -4.718185e+000  3.530415e+001
      vertex  1.658432e+002 -4.987637e+000  3.584324e+001
    endloop
  endfacet
  facet normal  -0.000000e+000 -9.969045e-001 -7.862270e-002
    outer loop
      vertex  1.441568e+002 -4.987637e+000  3.584324e+001
      vertex  1.658432e+002 -4.987637e+000  3.584324e+001
      vertex  1.440000e+002 -5.000000e+000  3.600000e+001
    endloop
  endfacet
  facet normal  0.000000e+000 -9.969045e-001 -7.862271e-002
    outer loop
      vertex  1.440000e+002 -5.000000e+000  3.600000e+001
      vertex  1.658432e+002 -4.987637e+000  3.584324e+001
      vertex  1.660000e+002 -5.000000e+000  3.600000e+001
    endloop
  endfacet
  facet normal -7.862461e-002 -9.969043e-001  -0.000000e+000
    outer loop
      vertex  1.660000e+002 -5.000000e+000  1.900000e+001
      vertex  1.660000e+002 -5.000000e+000  3.600000e+001
      vertex  1.658432e+002 -4.987637e+000  1.915676e+001
    endloop
  endfacet
  facet normal -7.862461e-002 -9.969043e-001  0.000000e+000
    outer loop
      vertex  1.658432e+002 -4.987637e+000  1.915676e+001
      vertex  1.660000e+002 -5.000000e+000  3.600000e+001
      vertex  1.658432e+002 -4.987637e+000  3.584324e+001
    endloop
  endfacet
  facet normal -4.470877e-001 -8.944902e-001  -0.000000e+000
    outer loop
      vertex  1.658432e+002 -4.987637e+000  1.915676e+001
      vertex  1.658432e+002 -4.987637e+000  3.584324e+001
      vertex  1.653042e+002 -4.718185e+000  1.969585e+001
    endloop
  endfacet
  facet normal -4.470876e-001 -8.944902e-001  0.000000e+000
    outer loop
      vertex  1.653042e+002 -4.718185e+000  1.969585e+001
      vertex  1.658432e+002 -4.987637e+000  3.584324e+001
      vertex  1.653042e+002 -4.718185e+000  3.530415e+001
    endloop
  endfacet
  facet normal -8.106189e-001 -5.855740e-001  -0.000000e+000
    outer loop
      vertex  1.653042e+002 -4.718185e+000  1.969585e+001
      vertex  1.653042e+002 -4.718185e+000  3.530415e+001
      vertex  1.650995e+002 -4.434947e+000  1.990046e+001
    endloop
  endfacet
  facet normal -8.106190e-001 -5.855740e-001  0.000000e+000
    outer loop
      vertex  1.650995e+002 -4.434947e+000  1.990046e+001
      vertex  1.653042e+002 -4.718185e+000  3.530415e+001
      vertex  1.650995e+002 -4.434947e+000  3.509954e+001
    endloop
  endfacet
  facet normal -9.747943e-001 -2.231055e-001  -0.000000e+000
    outer loop
      vertex  1.650995e+002 -4.434947e+000  1.990046e+001
      vertex  1.650995e+002 -4.434947e+000  3.509954e+001
      vertex  1.650000e+002 -4.000000e+000  2.000000e+001
    endloop
  endfacet
  facet normal -9.747943e-001 -2.231054e-001  0.000000e+000
    outer loop
      vertex  1.650000e+002 -4.000000e+000  2.000000e+001
      vertex  1.650995e+002 -4.434947e+000  3.509954e+001
      vertex  1.650000e+002 -4.000000e+000  3.500000e+001
    endloop
  endfacet
  facet normal  -0.000000e+000  0.000000e+000  1.000000e+000
    outer loop
      vertex  9.000000e+001 -1.000000e+000  1.500000e+001
      vertex  2.500000e+001 -1.000000e+000  1.500000e+001
      vertex  9.000000e+001 -4.000000e+000  1.500000e+001
    endloop
  endfacet
  facet normal  0.000000e+000  0.000000e+000  1.000000e+000
    outer loop
      vertex  9.000000e+001 -4.000000e+000  1.500000e+001
      vertex  2.500000e+001 -1.000000e+000  1.500000e+001
      vertex  2.500000e+001 -4.000000e+000  1.500000e+001
    endloop
  endfacet
  facet normal -1.000000e+000  0.000000e+000  0.000000e+000
    outer loop
      vertex  9.000000e+001 -1.000000e+000  1.500000e+001
      vertex  9.000000e+001 -4.000000e+000  1.500000e+001
      vertex  9.000000e+001 -1.000000e+000  3.500000e+001
    endloop
  endfacet
  facet normal -1.000000e+000  -0.000000e+000  0.000000e+000
    outer loop
      vertex  9.000000e+001 -1.000000e+000  3.500000e+001
      vertex  9.000000e+001 -4.000000e+000  1.500000e+001
      vertex  9.000000e+001 -4.000000e+000  3.500000e+001
    endloop
  endfacet
  facet normal  1.000000e+000  -0.000000e+000  0.000000e+000
    outer loop
      vertex  2.500000e+001 -1.000000e+000  3.500000e+001
      vertex  2.500000e+001 -4.000000e+000  3.500000e+001
      vertex  2.500000e+001 -1.000000e+000  1.500000e+001
    endloop
  endfacet
  facet normal  1.000000e+000  0.000000e+000  0.000000e+000
    outer loop
      vertex  2.500000e+001 -1.000000e+000  1.500000e+001
      vertex  2.500000e+001 -4.000000e+000  3.500000e+001
      vertex  2.500000e+001 -4.000000e+000  1.500000e+001
    endloop
  endfacet
  facet normal  -0.000000e+000  0.000000e+000 -1.000000e+000
    outer loop
      vertex  2.500000e+001 -1.000000e+000  3.500000e+001
      vertex  9.000000e+001 -1.000000e+000  3.500000e+001
      vertex  2.500000e+001 -4.000000e+000  3.500000e+001
    endloop
  endfacet
  facet normal  0.000000e+000  0.000000e+000 -1.000000e+000
    outer loop
      vertex  2.500000e+001 -4.000000e+000  3.500000e+001
      vertex  9.000000e+001 -1.000000e+000  3.500000e+001
      vertex  9.000000e+001 -4.000000e+000  3.500000e+001
    endloop
  endfacet
  facet normal  0.000000e+000 -2.230973e-001  9.747962e-001
    outer loop
      vertex  9.000000e+001 -4.000000e+000  1.500000e+001
      vertex  2.500000e+001 -4.000000e+000  1.500000e+001
      vertex  9.009954e+001 -4.434947e+000  1.490046e+001
    endloop
  endfacet
  facet normal  0.000000e+000 -2.230973e-001  9.747961e-001
    outer loop
      vertex  9.009954e+001 -4.434947e+000  1.490046e+001
      vertex  2.500000e+001 -4.000000e+000  1.500000e+001
      vertex  2.490046e+001 -4.434947e+000  1.490046e+001
    endloop
  endfacet
  facet normal  0.000000e+000 -5.855722e-001  8.106202e-001
    outer loop
      vertex  9.009954e+001 -4.434947e+000  1.490046e+001
      vertex  2.490046e+001 -4.434947e+000  1.490046e+001
      vertex  9.030415e+001 -4.718185e+000  1.469585e+001
    endloop
  endfacet
  facet normal  0.000000e+000 -5.855722e-001  8.106202e-001
    outer loop
      vertex  9.030415e+001 -4.718185e+000  1.469585e+001
      vertex  2.490046e+001 -4.434947e+000  1.490046e+001
      vertex  2.469585e+001 -4.718185e+000  1.469585e+001
    endloop
  endfacet
  facet normal  0.000000e+000 -8.944908e-001  4.470864e-001
    outer loop
      vertex  9.030415e+001 -4.718185e+000  1.469585e+001
      vertex  2.469585e+001 -4.718185e+000  1.469585e+001
      vertex  9.084325e+001 -4.987637e+000  1.415676e+001
    endloop
  endfacet
  facet normal  0.000000e+000 -8.944908e-001  4.470864e-001
    outer loop
      vertex  9.084325e+001 -4.987637e+000  1.415676e+001
      vertex  2.469585e+001 -4.718185e+000  1.469585e+001
      vertex  2.415676e+001 -4.987637e+000  1.415676e+001
    endloop
  endfacet
  facet normal  0.000000e+000 -9.969044e-001  7.862318e-002
    outer loop
      vertex  9.084325e+001 -4.987637e+000  1.415676e+001
      vertex  2.415676e+001 -4.987637e+000  1.415676e+001
      vertex  9.100000e+001 -5.000000e+000  1.400000e+001
    endloop
  endfacet
  facet normal  0.000000e+000 -9.969044e-001  7.862318e-002
    outer loop
      vertex  9.100000e+001 -5.000000e+000  1.400000e+001
      vertex  2.415676e+001 -4.987637e+000  1.415676e+001
      vertex  2.400000e+001 -5.000000e+000  1.400000e+001
    endloop
  endfacet
  facet normal  7.862271e-002 -9.969045e-001  0.000000e+000
    outer loop
      vertex  2.400000e+001 -5.000000e+000  3.600000e+001
      vertex  2.400000e+001 -5.000000e+000  1.400000e+001
      vertex  2.415676e+001 -4.987637e+000  3.584324e+001
    endloop
  endfacet
  facet normal  7.862270e-002 -9.969044e-001  0.000000e+000
    outer loop
      vertex  2.415676e+001 -4.987637e+000  3.584324e+001
      vertex  2.400000e+001 -5.000000e+000  1.400000e+001
      vertex  2.415676e+001 -4.987637e+000  1.415676e+001
    endloop
  endfacet
  facet normal  4.470864e-001 -8.944908e-001  0.000000e+000
    outer loop
      vertex  2.415676e+001 -4.987637e+000  3.584324e+001
      vertex  2.415676e+001 -4.987637e+000  1.415676e+001
      vertex  2.469585e+001 -4.718185e+000  3.530415e+001
    endloop
  endfacet
  facet normal  4.470903e-001 -8.944889e-001 -1.241379e-007
    outer loop
      vertex  2.469585e+001 -4.718185e+000  3.530415e+001
      vertex  2.415676e+001 -4.987637e+000  1.415676e+001
      vertex  2.469585e+001 -4.718185e+000  1.469585e+001
    endloop
  endfacet
  facet normal  8.106214e-001 -5.855705e-001 -2.250750e-007
    outer loop
      vertex  2.469585e+001 -4.718185e+000  3.530415e+001
      vertex  2.469585e+001 -4.718185e+000  1.469585e+001
      vertex  2.490046e+001 -4.434947e+000  3.509954e+001
    endloop
  endfacet
  facet normal  8.106138e-001 -5.855811e-001  0.000000e+000
    outer loop
      vertex  2.490046e+001 -4.434947e+000  3.509954e+001
      vertex  2.469585e+001 -4.718185e+000  1.469585e+001
      vertex  2.490046e+001 -4.434947e+000  1.490046e+001
    endloop
  endfacet
  facet normal  9.747962e-001 -2.230973e-001  0.000000e+000
    outer loop
      vertex  2.490046e+001 -4.434947e+000  3.509954e+001
      vertex  2.490046e+001 -4.434947e+000  1.490046e+001
      vertex  2.500000e+001 -4.000000e+000  3.500000e+001
    endloop
  endfacet
  facet normal  9.747962e-001 -2.230973e-001  0.000000e+000
    outer loop
      vertex  2.500000e+001 -4.000000e+000  3.500000e+001
      vertex  2.490046e+001 -4.434947e+000  1.490046e+001
      vertex  2.500000e+001 -4.000000e+000  1.500000e+001
    endloop
  endfacet
  facet normal  -0.000000e+000 -2.230973e-001 -9.747962e-001
    outer loop
      vertex  2.500000e+001 -4.000000e+000  3.500000e+001
      vertex  9.000000e+001 -4.000000e+000  3.500000e+001
      vertex  2.490046e+001 -4.434947e+000  3.509954e+001
    endloop
  endfacet
  facet normal  0.000000e+000 -2.230973e-001 -9.747961e-001
    outer loop
      vertex  2.490046e+001 -4.434947e+000  3.509954e+001
      vertex  9.000000e+001 -4.000000e+000  3.500000e+001
      vertex  9.009954e+001 -4.434947e+000  3.509954e+001
    endloop
  endfacet
  facet normal  -0.000000e+000 -5.855812e-001 -8.106138e-001
    outer loop
      vertex  2.490046e+001 -4.434947e+000  3.509954e+001
      vertex  9.009954e+001 -4.434947e+000  3.509954e+001
      vertex  2.469585e+001 -4.718185e+000  3.530415e+001
    endloop
  endfacet
  facet normal -4.713223e-008 -5.855740e-001 -8.106189e-001
    outer loop
      vertex  2.469585e+001 -4.718185e+000  3.530415e+001
      vertex  9.009954e+001 -4.434947e+000  3.509954e+001
      vertex  9.030415e+001 -4.718185e+000  3.530415e+001
    endloop
  endfacet
  facet normal -2.599539e-008 -8.944889e-001 -4.470902e-001
    outer loop
      vertex  2.469585e+001 -4.718185e+000  3.530415e+001
      vertex  9.030415e+001 -4.718185e+000  3.530415e+001
      vertex  2.415676e+001 -4.987637e+000  3.584324e+001
    endloop
  endfacet
  facet normal  0.000000e+000 -8.944901e-001 -4.470876e-001
    outer loop
      vertex  2.415676e+001 -4.987637e+000  3.584324e+001
      vertex  9.030415e+001 -4.718185e+000  3.530415e+001
      vertex  9.084325e+001 -4.987637e+000  3.584324e+001
    endloop
  endfacet
  facet normal  -0.000000e+000 -9.969044e-001 -7.862271e-002
    outer loop
      vertex  2.415676e+001 -4.987637e+000  3.584324e+001
      vertex  9.084325e+001 -4.987637e+000  3.584324e+001
      vertex  2.400000e+001 -5.000000e+000  3.600000e+001
    endloop
  endfacet
  facet normal  0.000000e+000 -9.969045e-001 -7.862271e-002
    outer loop
      vertex  2.400000e+001 -5.000000e+000  3.600000e+001
      vertex  9.084325e+001 -4.987637e+000  3.584324e+001
      vertex  9.100000e+001 -5.000000e+000  3.600000e+001
    endloop
  endfacet
  facet normal -7.862461e-002 -9.969043e-001  -0.000000e+000
    outer loop
      vertex  9.100000e+001 -5.000000e+000  1.400000e+001
      vertex  9.100000e+001 -5.000000e+000  3.600000e+001
      vertex  9.084325e+001 -4.987637e+000  1.415676e+001
    endloop
  endfacet
  facet normal -7.862460e-002 -9.969043e-001  0.000000e+000
    outer loop
      vertex  9.084325e+001 -4.987637e+000  1.415676e+001
      vertex  9.100000e+001 -5.000000e+000  3.600000e+001
      vertex  9.084325e+001 -4.987637e+000  3.584324e+001
    endloop
  endfacet
  facet normal -4.470877e-001 -8.944902e-001  -0.000000e+000
    outer loop
      vertex  9.084325e+001 -4.987637e+000  1.415676e+001
      vertex  9.084325e+001 -4.987637e+000  3.584324e+001
      vertex  9.030415e+001 -4.718185e+000  1.469585e+001
    endloop
  endfacet
  facet normal -4.470876e-001 -8.944901e-001  0.000000e+000
    outer loop
      vertex  9.030415e+001 -4.718185e+000  1.469585e+001
      vertex  9.084325e+001 -4.987637e+000  3.584324e+001
      vertex  9.030415e+001 -4.718185e+000  3.530415e+001
    endloop
  endfacet
  facet normal -8.106086e-001 -5.855885e-001  -0.000000e+000
    outer loop
      vertex  9.030415e+001 -4.718185e+000  1.469585e+001
      vertex  9.030415e+001 -4.718185e+000  3.530415e+001
      vertex  9.009954e+001 -4.434947e+000  1.490046e+001
    endloop
  endfacet
  facet normal -8.106086e-001 -5.855884e-001  0.000000e+000
    outer loop
      vertex  9.009954e+001 -4.434947e+000  1.490046e+001
      vertex  9.030415e+001 -4.718185e+000  3.530415e+001
      vertex  9.009954e+001 -4.434947e+000  3.509954e+001
    endloop
  endfacet
  facet normal -9.747980e-001 -2.230892e-001  -0.000000e+000
    outer loop
      vertex  9.009954e+001 -4.434947e+000  1.490046e+001
      vertex  9.009954e+001 -4.434947e+000  3.509954e+001
      vertex  9.000000e+001 -4.000000e+000  1.500000e+001
    endloop
  endfacet
  facet normal -9.747981e-001 -2.230892e-001  0.000000e+000
    outer loop
      vertex  9.000000e+001 -4.000000e+000  1.500000e+001
      vertex  9.009954e+001 -4.434947e+000  3.509954e+001
      vertex  9.000000e+001 -4.000000e+000  3.500000e+001
    endloop
  endfacet
  facet normal -1.000000e+000  -0.000000e+000  0.000000e+000
    outer loop
      vertex -5.000000e+000 -4.000000e+000  4.400000e+001
      vertex -5.000000e+000  7.700000e+001  3.100000e+001
      vertex -5.000000e+000 -4.000000e+000  1.000000e+000
    endloop
  endfacet
  facet normal -9.999999e-001  0.000000e+000  0.000000e+000
    outer loop
      vertex -5.000000e+000 -4.000000e+000  1.000000e+000
      vertex -5.000000e+000  7.700000e+001  3.100000e+001
      vertex -5.000000e+000  7.700000e+001  1.900000e+001
    endloop
  endfacet
  facet normal -1.000000e+000  0.000000e+000  -0.000000e+000
    outer loop
      vertex -5.000000e+000 -4.000000e+000  1.000000e+000
      vertex -5.000000e+000  7.700000e+001  1.900000e+001
      vertex -5.000000e+000  1.540000e+002  1.000000e+000
    endloop
  endfacet
  facet normal -1.000000e+000  0.000000e+000  0.000000e+000
    outer loop
      vertex -5.000000e+000  1.540000e+002  1.000000e+000
      vertex -5.000000e+000  7.700000e+001  1.900000e+001
      vertex -5.000000e+000  1.290000e+002  1.900000e+001
    endloop
  endfacet
  facet normal -1.000000e+000  0.000000e+000  0.000000e+000
    outer loop
      vertex -5.000000e+000  1.540000e+002  1.000000e+000
      vertex -5.000000e+000  1.290000e+002  1.900000e+001
      vertex -5.000000e+000  1.540000e+002  4.400000e+001
    endloop
  endfacet
  facet normal -1.000000e+000  0.000000e+000  0.000000e+000
    outer loop
      vertex -5.000000e+000  1.540000e+002  4.400000e+001
      vertex -5.000000e+000  1.290000e+002  1.900000e+001
      vertex -5.000000e+000  1.290000e+002  3.100000e+001
    endloop
  endfacet
  facet normal -1.000000e+000  0.000000e+000  0.000000e+000
    outer loop
      vertex -5.000000e+000  1.540000e+002  4.400000e+001
      vertex -5.000000e+000  1.290000e+002  3.100000e+001
      vertex -5.000000e+000 -4.000000e+000  4.400000e+001
    endloop
  endfacet
  facet normal -1.000000e+000  0.000000e+000  0.000000e+000
    outer loop
      vertex -5.000000e+000 -4.000000e+000  4.400000e+001
      vertex -5.000000e+000  1.290000e+002  3.100000e+001
      vertex -5.000000e+000  7.700000e+001  3.100000e+001
    endloop
  endfacet
  facet normal  0.000000e+000  0.000000e+000  1.000000e+000
    outer loop
      vertex -4.000000e+000  7.800000e+001  2.000000e+001
      vertex -1.000000e+000  7.800000e+001  2.000000e+001
      vertex -4.000000e+000  1.280000e+002  2.000000e+001
    endloop
  endfacet
  facet normal  -0.000000e+000  0.000000e+000  1.000000e+000
    outer loop
      vertex -4.000000e+000  1.280000e+002  2.000000e+001
      vertex -1.000000e+000  7.800000e+001  2.000000e+001
      vertex -1.000000e+000  1.280000e+002  2.000000e+001
    endloop
  endfacet
  facet normal  0.000000e+000  1.000000e+000  0.000000e+000
    outer loop
      vertex -4.000000e+000  7.800000e+001  2.000000e+001
      vertex -4.000000e+000  7.800000e+001  3.000000e+001
      vertex -1.000000e+000  7.800000e+001  2.000000e+001
    endloop
  endfacet
  facet normal  0.000000e+000  1.000000e+000  -0.000000e+000
    outer loop
      vertex -1.000000e+000  7.800000e+001  2.000000e+001
      vertex -4.000000e+000  7.800000e+001  3.000000e+001
      vertex -1.000000e+000  7.800000e+001  3.000000e+001
    endloop
  endfacet
  facet normal  0.000000e+000 -1.000000e+000  0.000000e+000
    outer loop
      vertex -4.000000e+000  1.280000e+002  3.000000e+001
      vertex -4.000000e+000  1.280000e+002  2.000000e+001
      vertex -1.000000e+000  1.280000e+002  3.000000e+001
    endloop
  endfacet
  facet normal  0.000000e+000 -1.000000e+000  -0.000000e+000
    outer loop
      vertex -1.000000e+000  1.280000e+002  3.000000e+001
      vertex -4.000000e+000  1.280000e+002  2.000000e+001
      vertex -1.000000e+000  1.280000e+002  2.000000e+001
    endloop
  endfacet
  facet normal  0.000000e+000  0.000000e+000 -1.000000e+000
    outer loop
      vertex -1.000000e+000  1.280000e+002  3.000000e+001
      vertex -1.000000e+000  7.800000e+001  3.000000e+001
      vertex -4.000000e+000  1.280000e+002  3.000000e+001
    endloop
  endfacet
  facet normal  0.000000e+000  0.000000e+000 -1.000000e+000
    outer loop
      vertex -4.000000e+000  1.280000e+002  3.000000e+001
      vertex -1.000000e+000  7.800000e+001  3.000000e+001
      vertex -4.000000e+000  7.800000e+001  3.000000e+001
    endloop
  endfacet
  facet normal -2.230973e-001  0.000000e+000  9.747962e-001
    outer loop
      vertex -4.000000e+000  7.800000e+001  2.000000e+001
      vertex -4.000000e+000  1.280000e+002  2.000000e+001
      vertex -4.434947e+000  7.790046e+001  1.990046e+001
    endloop
  endfacet
  facet normal -2.230973e-001  0.000000e+000  9.747962e-001
    outer loop
      vertex -4.434947e+000  7.790046e+001  1.990046e+001
      vertex -4.000000e+000  1.280000e+002  2.000000e+001
      vertex -4.434947e+000  1.280995e+002  1.990046e+001
    endloop
  endfacet
  facet normal -5.855704e-001  0.000000e+000  8.106215e-001
    outer loop
      vertex -4.434947e+000  7.790046e+001  1.990046e+001
      vertex -4.434947e+000  1.280995e+002  1.990046e+001
      vertex -4.718185e+000  7.769585e+001  1.969585e+001
    endloop
  endfacet
  facet normal -5.855705e-001  0.000000e+000  8.106216e-001
    outer loop
      vertex -4.718185e+000  7.769585e+001  1.969585e+001
      vertex -4.434947e+000  1.280995e+002  1.990046e+001
      vertex -4.718185e+000  1.283042e+002  1.969585e+001
    endloop
  endfacet
  facet normal -8.944908e-001  0.000000e+000  4.470864e-001
    outer loop
      vertex -4.718185e+000  7.769585e+001  1.969585e+001
      vertex -4.718185e+000  1.283042e+002  1.969585e+001
      vertex -4.987637e+000  7.715675e+001  1.915676e+001
    endloop
  endfacet
  facet normal -8.944908e-001  0.000000e+000  4.470864e-001
    outer loop
      vertex -4.987637e+000  7.715675e+001  1.915676e+001
      vertex -4.718185e+000  1.283042e+002  1.969585e+001
      vertex -4.987637e+000  1.288432e+002  1.915676e+001
    endloop
  endfacet
  facet normal -9.969044e-001  0.000000e+000  7.862271e-002
    outer loop
      vertex -4.987637e+000  7.715675e+001  1.915676e+001
      vertex -4.987637e+000  1.288432e+002  1.915676e+001
      vertex -5.000000e+000  7.700000e+001  1.900000e+001
    endloop
  endfacet
  facet normal -9.969044e-001  0.000000e+000  7.862270e-002
    outer loop
      vertex -5.000000e+000  7.700000e+001  1.900000e+001
      vertex -4.987637e+000  1.288432e+002  1.915676e+001
      vertex -5.000000e+000  1.290000e+002  1.900000e+001
    endloop
  endfacet
  facet normal -9.969043e-001 -7.862460e-002  0.000000e+000
    outer loop
      vertex -5.000000e+000  1.290000e+002  3.100000e+001
      vertex -5.000000e+000  1.290000e+002  1.900000e+001
      vertex -4.987637e+000  1.288432e+002  3.084324e+001
    endloop
  endfacet
  facet normal -9.969043e-001 -7.862460e-002  -0.000000e+000
    outer loop
      vertex -4.987637e+000  1.288432e+002  3.084324e+001
      vertex -5.000000e+000  1.290000e+002  1.900000e+001
      vertex -4.987637e+000  1.288432e+002  1.915676e+001
    endloop
  endfacet
  facet normal -8.944902e-001 -4.470877e-001  0.000000e+000
    outer loop
      vertex -4.987637e+000  1.288432e+002  3.084324e+001
      vertex -4.987637e+000  1.288432e+002  1.915676e+001
      vertex -4.718185e+000  1.283042e+002  3.030415e+001
    endloop
  endfacet
  facet normal -8.944901e-001 -4.470876e-001  -0.000000e+000
    outer loop
      vertex -4.718185e+000  1.283042e+002  3.030415e+001
      vertex -4.987637e+000  1.288432e+002  1.915676e+001
      vertex -4.718185e+000  1.283042e+002  1.969585e+001
    endloop
  endfacet
  facet normal -5.855740e-001 -8.106189e-001  0.000000e+000
    outer loop
      vertex -4.718185e+000  1.283042e+002  3.030415e+001
      vertex -4.718185e+000  1.283042e+002  1.969585e+001
      vertex -4.434947e+000  1.280995e+002  3.009954e+001
    endloop
  endfacet
  facet normal -5.855740e-001 -8.106190e-001  -0.000000e+000
    outer loop
      vertex -4.434947e+000  1.280995e+002  3.009954e+001
      vertex -4.718185e+000  1.283042e+002  1.969585e+001
      vertex -4.434947e+000  1.280995e+002  1.990046e+001
    endloop
  endfacet
  facet normal -2.231055e-001 -9.747943e-001  0.000000e+000
    outer loop
      vertex -4.434947e+000  1.280995e+002  3.009954e+001
      vertex -4.434947e+000  1.280995e+002  1.990046e+001
      vertex -4.000000e+000  1.280000e+002  3.000000e+001
    endloop
  endfacet
  facet normal -2.231054e-001 -9.747943e-001  -0.000000e+000
    outer loop
      vertex -4.000000e+000  1.280000e+002  3.000000e+001
      vertex -4.434947e+000  1.280995e+002  1.990046e+001
      vertex -4.000000e+000  1.280000e+002  2.000000e+001
    endloop
  endfacet
  facet normal -2.230973e-001  0.000000e+000 -9.747962e-001
    outer loop
      vertex -4.000000e+000  1.280000e+002  3.000000e+001
      vertex -4.000000e+000  7.800000e+001  3.000000e+001
      vertex -4.434947e+000  1.280995e+002  3.009954e+001
    endloop
  endfacet
  facet normal -2.230973e-001  -0.000000e+000 -9.747962e-001
    outer loop
      vertex -4.434947e+000  1.280995e+002  3.009954e+001
      vertex -4.000000e+000  7.800000e+001  3.000000e+001
      vertex -4.434947e+000  7.790046e+001  3.009954e+001
    endloop
  endfacet
  facet normal -5.855811e-001  0.000000e+000 -8.106138e-001
    outer loop
      vertex -4.434947e+000  1.280995e+002  3.009954e+001
      vertex -4.434947e+000  7.790046e+001  3.009954e+001
      vertex -4.718185e+000  1.283042e+002  3.030415e+001
    endloop
  endfacet
  facet normal -5.855705e-001  9.165320e-008 -8.106215e-001
    outer loop
      vertex -4.718185e+000  1.283042e+002  3.030415e+001
      vertex -4.434947e+000  7.790046e+001  3.009954e+001
      vertex -4.718185e+000  7.769585e+001  3.030415e+001
    endloop
  endfacet
  facet normal -8.944889e-001  5.055041e-008 -4.470902e-001
    outer loop
      vertex -4.718185e+000  1.283042e+002  3.030415e+001
      vertex -4.718185e+000  7.769585e+001  3.030415e+001
      vertex -4.987637e+000  1.288432e+002  3.084324e+001
    endloop
  endfacet
  facet normal -8.944908e-001  -0.000000e+000 -4.470864e-001
    outer loop
      vertex -4.987637e+000  1.288432e+002  3.084324e+001
      vertex -4.718185e+000  7.769585e+001  3.030415e+001
      vertex -4.987637e+000  7.715675e+001  3.084324e+001
    endloop
  endfacet
  facet normal -9.969044e-001  0.000000e+000 -7.862271e-002
    outer loop
      vertex -4.987637e+000  1.288432e+002  3.084324e+001
      vertex -4.987637e+000  7.715675e+001  3.084324e+001
      vertex -5.000000e+000  1.290000e+002  3.100000e+001
    endloop
  endfacet
  facet normal -9.969044e-001  -0.000000e+000 -7.862270e-002
    outer loop
      vertex -5.000000e+000  1.290000e+002  3.100000e+001
      vertex -4.987637e+000  7.715675e+001  3.084324e+001
      vertex -5.000000e+000  7.700000e+001  3.100000e+001
    endloop
  endfacet
  facet normal -9.969043e-001  7.862460e-002  0.000000e+000
    outer loop
      vertex -5.000000e+000  7.700000e+001  1.900000e+001
      vertex -5.000000e+000  7.700000e+001  3.100000e+001
      vertex -4.987637e+000  7.715675e+001  1.915676e+001
    endloop
  endfacet
  facet normal -9.969043e-001  7.862460e-002  0.000000e+000
    outer loop
      vertex -4.987637e+000  7.715675e+001  1.915676e+001
      vertex -5.000000e+000  7.700000e+001  3.100000e+001
      vertex -4.987637e+000  7.715675e+001  3.084324e+001
    endloop
  endfacet
  facet normal -8.944902e-001  4.470877e-001  0.000000e+000
    outer loop
      vertex -4.987637e+000  7.715675e+001  1.915676e+001
      vertex -4.987637e+000  7.715675e+001  3.084324e+001
      vertex -4.718185e+000  7.769585e+001  1.969585e+001
    endloop
  endfacet
  facet normal -8.944902e-001  4.470876e-001  0.000000e+000
    outer loop
      vertex -4.718185e+000  7.769585e+001  1.969585e+001
      vertex -4.987637e+000  7.715675e+001  3.084324e+001
      vertex -4.718185e+000  7.769585e+001  3.030415e+001
    endloop
  endfacet
  facet normal -5.855884e-001  8.106086e-001  0.000000e+000
    outer loop
      vertex -4.718185e+000  7.769585e+001  1.969585e+001
      vertex -4.718185e+000  7.769585e+001  3.030415e+001
      vertex -4.434947e+000  7.790046e+001  1.990046e+001
    endloop
  endfacet
  facet normal -5.855883e-001  8.106086e-001  0.000000e+000
    outer loop
      vertex -4.434947e+000  7.790046e+001  1.990046e+001
      vertex -4.718185e+000  7.769585e+001  3.030415e+001
      vertex -4.434947e+000  7.790046e+001  3.009954e+001
    endloop
  endfacet
  facet normal -2.230892e-001  9.747981e-001  0.000000e+000
    outer loop
      vertex -4.434947e+000  7.790046e+001  1.990046e+001
      vertex -4.434947e+000  7.790046e+001  3.009954e+001
      vertex -4.000000e+000  7.800000e+001  2.000000e+001
    endloop
  endfacet
  facet normal -2.230892e-001  9.747981e-001  0.000000e+000
    outer loop
      vertex -4.000000e+000  7.800000e+001  2.000000e+001
      vertex -4.434947e+000  7.790046e+001  3.009954e+001
      vertex -4.000000e+000  7.800000e+001  3.000000e+001
    endloop
  endfacet
  facet normal -3.826835e-001  0.000000e+000 -9.238795e-001
    outer loop
      vertex -4.000000e+000  1.540000e+002  0.000000e+000
      vertex -4.000000e+000 -4.000000e+000  0.000000e+000
      vertex -4.707107e+000  1.540000e+002  2.928932e-001
    endloop
  endfacet
  facet normal -3.826835e-001  -0.000000e+000 -9.238795e-001
    outer loop
      vertex -4.707107e+000  1.540000e+002  2.928932e-001
      vertex -4.000000e+000 -4.000000e+000  0.000000e+000
      vertex -4.707107e+000 -4.000000e+000  2.928932e-001
    endloop
  endfacet
  facet normal -9.238794e-001  0.000000e+000 -3.826836e-001
    outer loop
      vertex -4.707107e+000  1.540000e+002  2.928932e-001
      vertex -4.707107e+000 -4.000000e+000  2.928932e-001
      vertex -5.000000e+000  1.540000e+002  1.000000e+000
    endloop
  endfacet
  facet normal -9.238794e-001  -0.000000e+000 -3.826836e-001
    outer loop
      vertex -5.000000e+000  1.540000e+002  1.000000e+000
      vertex -4.707107e+000 -4.000000e+000  2.928932e-001
      vertex -5.000000e+000 -4.000000e+000  1.000000e+000
    endloop
  endfacet
  facet normal  0.000000e+000  1.000000e+000  -0.000000e+000
    outer loop
      vertex  2.040000e+002  1.550000e+002  4.400000e+001
      vertex  2.040000e+002  1.550000e+002  1.000000e+000
      vertex -4.000000e+000  1.550000e+002  4.400000e+001
    endloop
  endfacet
  facet normal  0.000000e+000  1.000000e+000  0.000000e+000
    outer loop
      vertex -4.000000e+000  1.550000e+002  4.400000e+001
      vertex  2.040000e+002  1.550000e+002  1.000000e+000
      vertex -4.000000e+000  1.550000e+002  1.000000e+000
    endloop
  endfacet
  facet normal  3.826831e-001  0.000000e+000 -9.238796e-001
    outer loop
      vertex  2.040000e+002 -4.000000e+000  0.000000e+000
      vertex  2.040000e+002  1.540000e+002  0.000000e+000
      vertex  2.047071e+002 -4.000000e+000  2.928932e-001
    endloop
  endfacet
  facet normal  3.826831e-001  0.000000e+000 -9.238796e-001
    outer loop
      vertex  2.047071e+002 -4.000000e+000  2.928932e-001
      vertex  2.040000e+002  1.540000e+002  0.000000e+000
      vertex  2.047071e+002  1.540000e+002  2.928932e-001
    endloop
  endfacet
  facet normal  9.238799e-001  0.000000e+000 -3.826826e-001
    outer loop
      vertex  2.047071e+002 -4.000000e+000  2.928932e-001
      vertex  2.047071e+002  1.540000e+002  2.928932e-001
      vertex  2.050000e+002 -4.000000e+000  1.000000e+000
    endloop
  endfacet
  facet normal  9.238799e-001  0.000000e+000 -3.826826e-001
    outer loop
      vertex  2.050000e+002 -4.000000e+000  1.000000e+000
      vertex  2.047071e+002  1.540000e+002  2.928932e-001
      vertex  2.050000e+002  1.540000e+002  1.000000e+000
    endloop
  endfacet
  facet normal  1.000000e+000  0.000000e+000  0.000000e+000
    outer loop
      vertex  2.050000e+002 -4.000000e+000  4.400000e+001
      vertex  2.050000e+002 -4.000000e+000  1.000000e+000
      vertex  2.050000e+002  1.540000e+002  4.400000e+001
    endloop
  endfacet
  facet normal  1.000000e+000  0.000000e+000  0.000000e+000
    outer loop
      vertex  2.050000e+002  1.540000e+002  4.400000e+001
      vertex  2.050000e+002 -4.000000e+000  1.000000e+000
      vertex  2.050000e+002  1.540000e+002  1.000000e+000
    endloop
  endfacet
  facet normal  0.000000e+000 -9.238796e-001  3.826833e-001
    outer loop
      vertex -4.000000e+000 -5.000000e+000  4.400000e+001
      vertex  2.040000e+002 -5.000000e+000  4.400000e+001
      vertex -4.000000e+000 -4.707107e+000  4.470711e+001
    endloop
  endfacet
  facet normal  0.000000e+000 -9.238796e-001  3.826833e-001
    outer loop
      vertex -4.000000e+000 -4.707107e+000  4.470711e+001
      vertex  2.040000e+002 -5.000000e+000  4.400000e+001
      vertex  2.040000e+002 -4.707107e+000  4.470711e+001
    endloop
  endfacet
  facet normal  0.000000e+000 -3.826827e-001  9.238799e-001
    outer loop
      vertex -4.000000e+000 -4.707107e+000  4.470711e+001
      vertex  2.040000e+002 -4.707107e+000  4.470711e+001
      vertex -4.000000e+000 -4.000000e+000  4.500000e+001
    endloop
  endfacet
  facet normal  0.000000e+000 -3.826827e-001  9.238799e-001
    outer loop
      vertex -4.000000e+000 -4.000000e+000  4.500000e+001
      vertex  2.040000e+002 -4.707107e+000  4.470711e+001
      vertex  2.040000e+002 -4.000000e+000  4.500000e+001
    endloop
  endfacet
  facet normal  0.000000e+000  0.000000e+000  1.000000e+000
    outer loop
      vertex -4.000000e+000 -4.000000e+000  4.500000e+001
      vertex -4.142136e-001 -4.142136e-001  4.500000e+001
      vertex -1.000000e+000  1.000000e+000  4.500000e+001
    endloop
  endfacet
  facet normal  0.000000e+000  0.000000e+000  1.000000e+000
    outer loop
      vertex -4.000000e+000 -4.000000e+000  4.500000e+001
      vertex  1.000000e+000 -1.000000e+000  4.500000e+001
      vertex -4.142136e-001 -4.142136e-001  4.500000e+001
    endloop
  endfacet
  facet normal  0.000000e+000  0.000000e+000  9.999999e-001
    outer loop
      vertex -4.000000e+000  1.540000e+002  4.500000e+001
      vertex -4.000000e+000 -4.000000e+000  4.500000e+001
      vertex -1.000000e+000  1.000000e+000  4.500000e+001
    endloop
  endfacet
  facet normal  0.000000e+000  -0.000000e+000  1.000000e+000
    outer loop
      vertex -4.000000e+000  1.540000e+002  4.500000e+001
      vertex -1.000000e+000  1.000000e+000  4.500000e+001
      vertex -1.000000e+000  1.490000e+002  4.500000e+001
    endloop
  endfacet
  facet normal  0.000000e+000  -0.000000e+000  9.999999e-001
    outer loop
      vertex -4.000000e+000  1.540000e+002  4.500000e+001
      vertex -1.000000e+000  1.490000e+002  4.500000e+001
      vertex -4.142136e-001  1.504142e+002  4.500000e+001
    endloop
  endfacet
  facet normal  0.000000e+000  -0.000000e+000  1.000000e+000
    outer loop
      vertex -4.000000e+000  1.540000e+002  4.500000e+001
      vertex -4.142136e-001  1.504142e+002  4.500000e+001
      vertex  1.000000e+000  1.510000e+002  4.500000e+001
    endloop
  endfacet
  facet normal  0.000000e+000  -0.000000e+000  1.000000e+000
    outer loop
      vertex -4.000000e+000  1.540000e+002  4.500000e+001
      vertex  1.000000e+000  1.510000e+002  4.500000e+001
      vertex  1.990000e+002  1.510000e+002  4.500000e+001
    endloop
  endfacet
  facet normal  0.000000e+000  -0.000000e+000  1.000000e+000
    outer loop
      vertex -4.000000e+000  1.540000e+002  4.500000e+001
      vertex  1.990000e+002  1.510000e+002  4.500000e+001
      vertex  2.040000e+002  1.540000e+002  4.500000e+001
    endloop
  endfacet
  facet normal  -0.000000e+000  0.000000e+000  9.999999e-001
    outer loop
      vertex  2.040000e+002  1.540000e+002  4.500000e+001
      vertex  1.990000e+002  1.510000e+002  4.500000e+001
      vertex  2.004142e+002  1.504142e+002  4.500000e+001
    endloop
  endfacet
  facet normal  -0.000000e+000  0.000000e+000  9.999999e-001
    outer loop
      vertex  2.040000e+002  1.540000e+002  4.500000e+001
      vertex  2.004142e+002  1.504142e+002  4.500000e+001
      vertex  2.010000e+002  1.490000e+002  4.500000e+001
    endloop
  endfacet
  facet normal  -0.000000e+000  0.000000e+000  1.000000e+000
    outer loop
      vertex  2.040000e+002  1.540000e+002  4.500000e+001
      vertex  2.010000e+002  1.490000e+002  4.500000e+001
      vertex  2.010000e+002  1.000000e+000  4.500000e+001
    endloop
  endfacet
  facet normal  -0.000000e+000  0.000000e+000  9.999999e-001
    outer loop
      vertex  2.040000e+002  1.540000e+002  4.500000e+001
      vertex  2.010000e+002  1.000000e+000  4.500000e+001
      vertex  2.040000e+002 -4.000000e+000  4.500000e+001
    endloop
  endfacet
  facet normal  0.000000e+000  0.000000e+000  1.000000e+000
    outer loop
      vertex  2.040000e+002 -4.000000e+000  4.500000e+001
      vertex  2.010000e+002  1.000000e+000  4.500000e+001
      vertex  2.004142e+002 -4.142136e-001  4.500000e+001
    endloop
  endfacet
  facet normal  0.000000e+000  0.000000e+000  9.999999e-001
    outer loop
      vertex  2.040000e+002 -4.000000e+000  4.500000e+001
      vertex  2.004142e+002 -4.142136e-001  4.500000e+001
      vertex  1.990000e+002 -1.000000e+000  4.500000e+001
    endloop
  endfacet
  facet normal  0.000000e+000  0.000000e+000  1.000000e+000
    outer loop
      vertex  2.040000e+002 -4.000000e+000  4.500000e+001
      vertex  1.990000e+002 -1.000000e+000  4.500000e+001
      vertex  1.000000e+000 -1.000000e+000  4.500000e+001
    endloop
  endfacet
  facet normal  0.000000e+000  0.000000e+000  1.000000e+000
    outer loop
      vertex  2.040000e+002 -4.000000e+000  4.500000e+001
      vertex  1.000000e+000 -1.000000e+000  4.500000e+001
      vertex -4.000000e+000 -4.000000e+000  4.500000e+001
    endloop
  endfacet
  facet normal  0.000000e+000  3.826822e-001  9.238800e-001
    outer loop
      vertex -4.000000e+000  1.540000e+002  4.500000e+001
      vertex  2.040000e+002  1.540000e+002  4.500000e+001
      vertex -4.000000e+000  1.547071e+002  4.470711e+001
    endloop
  endfacet
  facet normal  -0.000000e+000  3.826822e-001  9.238800e-001
    outer loop
      vertex -4.000000e+000  1.547071e+002  4.470711e+001
      vertex  2.040000e+002  1.540000e+002  4.500000e+001
      vertex  2.040000e+002  1.547071e+002  4.470711e+001
    endloop
  endfacet
  facet normal  0.000000e+000  9.238800e-001  3.826822e-001
    outer loop
      vertex -4.000000e+000  1.547071e+002  4.470711e+001
      vertex  2.040000e+002  1.547071e+002  4.470711e+001
      vertex -4.000000e+000  1.550000e+002  4.400000e+001
    endloop
  endfacet
  facet normal  -0.000000e+000  9.238800e-001  3.826822e-001
    outer loop
      vertex -4.000000e+000  1.550000e+002  4.400000e+001
      vertex  2.040000e+002  1.547071e+002  4.470711e+001
      vertex  2.040000e+002  1.550000e+002  4.400000e+001
    endloop
  endfacet
  facet normal  9.124874e-001 -3.779638e-001  1.565576e-001
    outer loop
      vertex  2.050000e+002 -4.000000e+000  4.400000e+001
      vertex  2.047071e+002 -4.500000e+000  4.450000e+001
      vertex  2.047071e+002 -4.707107e+000  4.400000e+001
    endloop
  endfacet
  facet normal  9.124874e-001 -1.565581e-001  3.779633e-001
    outer loop
      vertex  2.050000e+002 -4.000000e+000  4.400000e+001
      vertex  2.047071e+002 -4.000000e+000  4.470711e+001
      vertex  2.047071e+002 -4.500000e+000  4.450000e+001
    endloop
  endfacet
  facet normal  3.574054e-001 -3.574080e-001  8.628561e-001
    outer loop
      vertex  2.047071e+002 -4.000000e+000  4.470711e+001
      vertex  2.040000e+002 -4.000000e+000  4.500000e+001
      vertex  2.047071e+002 -4.500000e+000  4.450000e+001
    endloop
  endfacet
  facet normal  3.574070e-001 -3.574060e-001  8.628564e-001
    outer loop
      vertex  2.047071e+002 -4.500000e+000  4.450000e+001
      vertex  2.040000e+002 -4.000000e+000  4.500000e+001
      vertex  2.040000e+002 -4.707107e+000  4.470711e+001
    endloop
  endfacet
  facet normal  3.574065e-001 -8.628564e-001  3.574065e-001
    outer loop
      vertex  2.047071e+002 -4.500000e+000  4.450000e+001
      vertex  2.040000e+002 -4.707107e+000  4.470711e+001
      vertex  2.047071e+002 -4.707107e+000  4.400000e+001
    endloop
  endfacet
  facet normal  3.574066e-001 -8.628563e-001  3.574066e-001
    outer loop
      vertex  2.047071e+002 -4.707107e+000  4.400000e+001
      vertex  2.040000e+002 -4.707107e+000  4.470711e+001
      vertex  2.040000e+002 -5.000000e+000  4.400000e+001
    endloop
  endfacet
  facet normal  3.826833e-001 -9.238796e-001  0.000000e+000
    outer loop
      vertex  2.040000e+002 -5.000000e+000  4.400000e+001
      vertex  2.040000e+002 -5.000000e+000  1.000000e+000
      vertex  2.047071e+002 -4.707107e+000  4.400000e+001
    endloop
  endfacet
  facet normal  3.826833e-001 -9.238796e-001  0.000000e+000
    outer loop
      vertex  2.047071e+002 -4.707107e+000  4.400000e+001
      vertex  2.040000e+002 -5.000000e+000  1.000000e+000
      vertex  2.047071e+002 -4.707107e+000  1.000000e+000
    endloop
  endfacet
  facet normal  9.238798e-001 -3.826827e-001  0.000000e+000
    outer loop
      vertex  2.047071e+002 -4.707107e+000  4.400000e+001
      vertex  2.047071e+002 -4.707107e+000  1.000000e+000
      vertex  2.050000e+002 -4.000000e+000  4.400000e+001
    endloop
  endfacet
  facet normal  9.238798e-001 -3.826827e-001  0.000000e+000
    outer loop
      vertex  2.050000e+002 -4.000000e+000  4.400000e+001
      vertex  2.047071e+002 -4.707107e+000  1.000000e+000
      vertex  2.050000e+002 -4.000000e+000  1.000000e+000
    endloop
  endfacet
  facet normal  3.779643e-001 -9.124870e-001 -1.565585e-001
    outer loop
      vertex  2.040000e+002 -5.000000e+000  1.000000e+000
      vertex  2.045000e+002 -4.707107e+000  5.000000e-001
      vertex  2.047071e+002 -4.707107e+000  1.000000e+000
    endloop
  endfacet
  facet normal  1.565581e-001 -9.124869e-001 -3.779647e-001
    outer loop
      vertex  2.040000e+002 -5.000000e+000  1.000000e+000
      vertex  2.040000e+002 -4.707107e+000  2.928932e-001
      vertex  2.045000e+002 -4.707107e+000  5.000000e-001
    endloop
  endfacet
  facet normal  3.574067e-001 -3.574069e-001 -8.628562e-001
    outer loop
      vertex  2.040000e+002 -4.707107e+000  2.928932e-001
      vertex  2.040000e+002 -4.000000e+000  0.000000e+000
      vertex  2.045000e+002 -4.707107e+000  5.000000e-001
    endloop
  endfacet
  facet normal  3.574064e-001 -3.574071e-001 -8.628562e-001
    outer loop
      vertex  2.045000e+002 -4.707107e+000  5.000000e-001
      vertex  2.040000e+002 -4.000000e+000  0.000000e+000
      vertex  2.047071e+002 -4.000000e+000  2.928932e-001
    endloop
  endfacet
  facet normal  8.628553e-001 -3.574078e-001 -3.574077e-001
    outer loop
      vertex  2.045000e+002 -4.707107e+000  5.000000e-001
      vertex  2.047071e+002 -4.000000e+000  2.928932e-001
      vertex  2.047071e+002 -4.707107e+000  1.000000e+000
    endloop
  endfacet
  facet normal  8.628568e-001 -3.574061e-001 -3.574061e-001
    outer loop
      vertex  2.047071e+002 -4.707107e+000  1.000000e+000
      vertex  2.047071e+002 -4.000000e+000  2.928932e-001
      vertex  2.050000e+002 -4.000000e+000  1.000000e+000
    endloop
  endfacet
  facet normal  -0.000000e+000 -3.826835e-001 -9.238795e-001
    outer loop
      vertex -4.000000e+000 -4.000000e+000  0.000000e+000
      vertex  2.040000e+002 -4.000000e+000  0.000000e+000
      vertex -4.000000e+000 -4.707107e+000  2.928932e-001
    endloop
  endfacet
  facet normal  0.000000e+000 -3.826835e-001 -9.238795e-001
    outer loop
      vertex -4.000000e+000 -4.707107e+000  2.928932e-001
      vertex  2.040000e+002 -4.000000e+000  0.000000e+000
      vertex  2.040000e+002 -4.707107e+000  2.928932e-001
    endloop
  endfacet
  facet normal  -0.000000e+000 -9.238794e-001 -3.826837e-001
    outer loop
      vertex -4.000000e+000 -4.707107e+000  2.928932e-001
      vertex  2.040000e+002 -4.707107e+000  2.928932e-001
      vertex -4.000000e+000 -5.000000e+000  1.000000e+000
    endloop
  endfacet
  facet normal  0.000000e+000 -9.238794e-001 -3.826837e-001
    outer loop
      vertex -4.000000e+000 -5.000000e+000  1.000000e+000
      vertex  2.040000e+002 -4.707107e+000  2.928932e-001
      vertex  2.040000e+002 -5.000000e+000  1.000000e+000
    endloop
  endfacet
  facet normal -1.565581e-001 -9.124869e-001 -3.779647e-001
    outer loop
      vertex -4.000000e+000 -5.000000e+000  1.000000e+000
      vertex -4.500000e+000 -4.707107e+000  5.000000e-001
      vertex -4.000000e+000 -4.707107e+000  2.928932e-001
    endloop
  endfacet
  facet normal -3.779648e-001 -9.124869e-001 -1.565580e-001
    outer loop
      vertex -4.000000e+000 -5.000000e+000  1.000000e+000
      vertex -4.707107e+000 -4.707107e+000  1.000000e+000
      vertex -4.500000e+000 -4.707107e+000  5.000000e-001
    endloop
  endfacet
  facet normal -8.628563e-001 -3.574071e-001 -3.574064e-001
    outer loop
      vertex -4.707107e+000 -4.707107e+000  1.000000e+000
      vertex -5.000000e+000 -4.000000e+000  1.000000e+000
      vertex -4.500000e+000 -4.707107e+000  5.000000e-001
    endloop
  endfacet
  facet normal -8.628561e-001 -3.574066e-001 -3.574069e-001
    outer loop
      vertex -4.500000e+000 -4.707107e+000  5.000000e-001
      vertex -5.000000e+000 -4.000000e+000  1.000000e+000
      vertex -4.707107e+000 -4.000000e+000  2.928932e-001
    endloop
  endfacet
  facet normal -3.574067e-001 -3.574067e-001 -8.628563e-001
    outer loop
      vertex -4.500000e+000 -4.707107e+000  5.000000e-001
      vertex -4.707107e+000 -4.000000e+000  2.928932e-001
      vertex -4.000000e+000 -4.707107e+000  2.928932e-001
    endloop
  endfacet
  facet normal -3.574068e-001 -3.574068e-001 -8.628561e-001
    outer loop
      vertex -4.000000e+000 -4.707107e+000  2.928932e-001
      vertex -4.707107e+000 -4.000000e+000  2.928932e-001
      vertex -4.000000e+000 -4.000000e+000  0.000000e+000
    endloop
  endfacet
  facet normal -3.826837e-001 -9.238794e-001  -0.000000e+000
    outer loop
      vertex -4.000000e+000 -5.000000e+000  1.000000e+000
      vertex -4.000000e+000 -5.000000e+000  4.400000e+001
      vertex -4.707107e+000 -4.707107e+000  1.000000e+000
    endloop
  endfacet
  facet normal -3.826837e-001 -9.238794e-001  0.000000e+000
    outer loop
      vertex -4.707107e+000 -4.707107e+000  1.000000e+000
      vertex -4.000000e+000 -5.000000e+000  4.400000e+001
      vertex -4.707107e+000 -4.707107e+000  4.400000e+001
    endloop
  endfacet
  facet normal -9.238794e-001 -3.826837e-001  -0.000000e+000
    outer loop
      vertex -4.707107e+000 -4.707107e+000  1.000000e+000
      vertex -4.707107e+000 -4.707107e+000  4.400000e+001
      vertex -5.000000e+000 -4.000000e+000  1.000000e+000
    endloop
  endfacet
  facet normal -9.238794e-001 -3.826837e-001  0.000000e+000
    outer loop
      vertex -5.000000e+000 -4.000000e+000  1.000000e+000
      vertex -4.707107e+000 -4.707107e+000  4.400000e+001
      vertex -5.000000e+000 -4.000000e+000  4.400000e+001
    endloop
  endfacet
  facet normal -9.124870e-001 -1.565585e-001  3.779643e-001
    outer loop
      vertex -5.000000e+000 -4.000000e+000  4.400000e+001
      vertex -4.707107e+000 -4.500000e+000  4.450000e+001
      vertex -4.707107e+000 -4.000000e+000  4.470711e+001
    endloop
  endfacet
  facet normal -9.124869e-001 -3.779648e-001  1.565580e-001
    outer loop
      vertex -5.000000e+000 -4.000000e+000  4.400000e+001
      vertex -4.707107e+000 -4.707107e+000  4.400000e+001
      vertex -4.707107e+000 -4.500000e+000  4.450000e+001
    endloop
  endfacet
  facet normal -3.574071e-001 -8.628563e-001  3.574064e-001
    outer loop
      vertex -4.707107e+000 -4.707107e+000  4.400000e+001
      vertex -4.000000e+000 -5.000000e+000  4.400000e+001
      vertex -4.707107e+000 -4.500000e+000  4.450000e+001
    endloop
  endfacet
  facet normal -3.574069e-001 -8.628562e-001  3.574066e-001
    outer loop
      vertex -4.707107e+000 -4.500000e+000  4.450000e+001
      vertex -4.000000e+000 -5.000000e+000  4.400000e+001
      vertex -4.000000e+000 -4.707107e+000  4.470711e+001
    endloop
  endfacet
  facet normal -3.574077e-001 -3.574077e-001  8.628554e-001
    outer loop
      vertex -4.707107e+000 -4.500000e+000  4.450000e+001
      vertex -4.000000e+000 -4.707107e+000  4.470711e+001
      vertex -4.707107e+000 -4.000000e+000  4.470711e+001
    endloop
  endfacet
  facet normal -3.574061e-001 -3.574061e-001  8.628567e-001
    outer loop
      vertex -4.707107e+000 -4.000000e+000  4.470711e+001
      vertex -4.000000e+000 -4.707107e+000  4.470711e+001
      vertex -4.000000e+000 -4.000000e+000  4.500000e+001
    endloop
  endfacet
  facet normal -3.826827e-001  0.000000e+000  9.238799e-001
    outer loop
      vertex -4.000000e+000 -4.000000e+000  4.500000e+001
      vertex -4.000000e+000  1.540000e+002  4.500000e+001
      vertex -4.707107e+000 -4.000000e+000  4.470711e+001
    endloop
  endfacet
  facet normal -3.826827e-001  0.000000e+000  9.238799e-001
    outer loop
      vertex -4.707107e+000 -4.000000e+000  4.470711e+001
      vertex -4.000000e+000  1.540000e+002  4.500000e+001
      vertex -4.707107e+000  1.540000e+002  4.470711e+001
    endloop
  endfacet
  facet normal -9.238796e-001  0.000000e+000  3.826833e-001
    outer loop
      vertex -4.707107e+000 -4.000000e+000  4.470711e+001
      vertex -4.707107e+000  1.540000e+002  4.470711e+001
      vertex -5.000000e+000 -4.000000e+000  4.400000e+001
    endloop
  endfacet
  facet normal -9.238796e-001  0.000000e+000  3.826833e-001
    outer loop
      vertex -5.000000e+000 -4.000000e+000  4.400000e+001
      vertex -4.707107e+000  1.540000e+002  4.470711e+001
      vertex -5.000000e+000  1.540000e+002  4.400000e+001
    endloop
  endfacet
  facet normal -9.124870e-001  3.779643e-001  1.565585e-001
    outer loop
      vertex -5.000000e+000  1.540000e+002  4.400000e+001
      vertex -4.707107e+000  1.545000e+002  4.450000e+001
      vertex -4.707107e+000  1.547071e+002  4.400000e+001
    endloop
  endfacet
  facet normal -9.124870e-001  1.565585e-001  3.779643e-001
    outer loop
      vertex -5.000000e+000  1.540000e+002  4.400000e+001
      vertex -4.707107e+000  1.540000e+002  4.470711e+001
      vertex -4.707107e+000  1.545000e+002  4.450000e+001
    endloop
  endfacet
  facet normal -3.574058e-001  3.574080e-001  8.628560e-001
    outer loop
      vertex -4.707107e+000  1.540000e+002  4.470711e+001
      vertex -4.000000e+000  1.540000e+002  4.500000e+001
      vertex -4.707107e+000  1.545000e+002  4.450000e+001
    endloop
  endfacet
  facet normal -3.574078e-001  3.574055e-001  8.628563e-001
    outer loop
      vertex -4.707107e+000  1.545000e+002  4.450000e+001
      vertex -4.000000e+000  1.540000e+002  4.500000e+001
      vertex -4.000000e+000  1.547071e+002  4.470711e+001
    endloop
  endfacet
  facet normal -3.574081e-001  8.628553e-001  3.574077e-001
    outer loop
      vertex -4.707107e+000  1.545000e+002  4.450000e+001
      vertex -4.000000e+000  1.547071e+002  4.470711e+001
      vertex -4.707107e+000  1.547071e+002  4.400000e+001
    endloop
  endfacet
  facet normal -3.574062e-001  8.628569e-001  3.574057e-001
    outer loop
      vertex -4.707107e+000  1.547071e+002  4.400000e+001
      vertex -4.000000e+000  1.547071e+002  4.470711e+001
      vertex -4.000000e+000  1.550000e+002  4.400000e+001
    endloop
  endfacet
  facet normal -3.826827e-001  9.238798e-001  0.000000e+000
    outer loop
      vertex -4.000000e+000  1.550000e+002  4.400000e+001
      vertex -4.000000e+000  1.550000e+002  1.000000e+000
      vertex -4.707107e+000  1.547071e+002  4.400000e+001
    endloop
  endfacet
  facet normal -3.826827e-001  9.238798e-001  0.000000e+000
    outer loop
      vertex -4.707107e+000  1.547071e+002  4.400000e+001
      vertex -4.000000e+000  1.550000e+002  1.000000e+000
      vertex -4.707107e+000  1.547071e+002  1.000000e+000
    endloop
  endfacet
  facet normal -9.238796e-001  3.826833e-001  0.000000e+000
    outer loop
      vertex -4.707107e+000  1.547071e+002  4.400000e+001
      vertex -4.707107e+000  1.547071e+002  1.000000e+000
      vertex -5.000000e+000  1.540000e+002  4.400000e+001
    endloop
  endfacet
  facet normal -9.238796e-001  3.826833e-001  0.000000e+000
    outer loop
      vertex -5.000000e+000  1.540000e+002  4.400000e+001
      vertex -4.707107e+000  1.547071e+002  1.000000e+000
      vertex -5.000000e+000  1.540000e+002  1.000000e+000
    endloop
  endfacet
  facet normal -3.779638e-001  9.124874e-001 -1.565576e-001
    outer loop
      vertex -4.000000e+000  1.550000e+002  1.000000e+000
      vertex -4.500000e+000  1.547071e+002  5.000000e-001
      vertex -4.707107e+000  1.547071e+002  1.000000e+000
    endloop
  endfacet
  facet normal -1.565577e-001  9.124873e-001 -3.779637e-001
    outer loop
      vertex -4.000000e+000  1.550000e+002  1.000000e+000
      vertex -4.000000e+000  1.547071e+002  2.928932e-001
      vertex -4.500000e+000  1.547071e+002  5.000000e-001
    endloop
  endfacet
  facet normal -3.574068e-001  3.574064e-001 -8.628563e-001
    outer loop
      vertex -4.000000e+000  1.547071e+002  2.928932e-001
      vertex -4.000000e+000  1.540000e+002  0.000000e+000
      vertex -4.500000e+000  1.547071e+002  5.000000e-001
    endloop
  endfacet
  facet normal -3.574069e-001  3.574063e-001 -8.628563e-001
    outer loop
      vertex -4.500000e+000  1.547071e+002  5.000000e-001
      vertex -4.000000e+000  1.540000e+002  0.000000e+000
      vertex -4.707107e+000  1.540000e+002  2.928932e-001
    endloop
  endfacet
  facet normal -8.628565e-001  3.574061e-001 -3.574065e-001
    outer loop
      vertex -4.500000e+000  1.547071e+002  5.000000e-001
      vertex -4.707107e+000  1.540000e+002  2.928932e-001
      vertex -4.707107e+000  1.547071e+002  1.000000e+000
    endloop
  endfacet
  facet normal -8.628562e-001  3.574066e-001 -3.574070e-001
    outer loop
      vertex -4.707107e+000  1.547071e+002  1.000000e+000
      vertex -4.707107e+000  1.540000e+002  2.928932e-001
      vertex -5.000000e+000  1.540000e+002  1.000000e+000
    endloop
  endfacet
  facet normal  0.000000e+000  3.826831e-001 -9.238797e-001
    outer loop
      vertex  2.040000e+002  1.540000e+002  0.000000e+000
      vertex -4.000000e+000  1.540000e+002  0.000000e+000
      vertex  2.040000e+002  1.547071e+002  2.928932e-001
    endloop
  endfacet
  facet normal  0.000000e+000  3.826831e-001 -9.238797e-001
    outer loop
      vertex  2.040000e+002  1.547071e+002  2.928932e-001
      vertex -4.000000e+000  1.540000e+002  0.000000e+000
      vertex -4.000000e+000  1.547071e+002  2.928932e-001
    endloop
  endfacet
  facet normal  0.000000e+000  9.238799e-001 -3.826826e-001
    outer loop
      vertex  2.040000e+002  1.547071e+002  2.928932e-001
      vertex -4.000000e+000  1.547071e+002  2.928932e-001
      vertex  2.040000e+002  1.550000e+002  1.000000e+000
    endloop
  endfacet
  facet normal  0.000000e+000  9.238799e-001 -3.826826e-001
    outer loop
      vertex  2.040000e+002  1.550000e+002  1.000000e+000
      vertex -4.000000e+000  1.547071e+002  2.928932e-001
      vertex -4.000000e+000  1.550000e+002  1.000000e+000
    endloop
  endfacet
  facet normal  1.565577e-001  9.124873e-001 -3.779637e-001
    outer loop
      vertex  2.040000e+002  1.550000e+002  1.000000e+000
      vertex  2.045000e+002  1.547071e+002  5.000000e-001
      vertex  2.040000e+002  1.547071e+002  2.928932e-001
    endloop
  endfacet
  facet normal  3.779633e-001  9.124874e-001 -1.565581e-001
    outer loop
      vertex  2.040000e+002  1.550000e+002  1.000000e+000
      vertex  2.047071e+002  1.547071e+002  1.000000e+000
      vertex  2.045000e+002  1.547071e+002  5.000000e-001
    endloop
  endfacet
  facet normal  8.628561e-001  3.574054e-001 -3.574080e-001
    outer loop
      vertex  2.047071e+002  1.547071e+002  1.000000e+000
      vertex  2.050000e+002  1.540000e+002  1.000000e+000
      vertex  2.045000e+002  1.547071e+002  5.000000e-001
    endloop
  endfacet
  facet normal  8.628564e-001  3.574071e-001 -3.574059e-001
    outer loop
      vertex  2.045000e+002  1.547071e+002  5.000000e-001
      vertex  2.050000e+002  1.540000e+002  1.000000e+000
      vertex  2.047071e+002  1.540000e+002  2.928932e-001
    endloop
  endfacet
  facet normal  3.574067e-001  3.574067e-001 -8.628561e-001
    outer loop
      vertex  2.045000e+002  1.547071e+002  5.000000e-001
      vertex  2.047071e+002  1.540000e+002  2.928932e-001
      vertex  2.040000e+002  1.547071e+002  2.928932e-001
    endloop
  endfacet
  facet normal  3.574065e-001  3.574065e-001 -8.628565e-001
    outer loop
      vertex  2.040000e+002  1.547071e+002  2.928932e-001
      vertex  2.047071e+002  1.540000e+002  2.928932e-001
      vertex  2.040000e+002  1.540000e+002  0.000000e+000
    endloop
  endfacet
  facet normal  3.826822e-001  9.238800e-001  0.000000e+000
    outer loop
      vertex  2.040000e+002  1.550000e+002  1.000000e+000
      vertex  2.040000e+002  1.550000e+002  4.400000e+001
      vertex  2.047071e+002  1.547071e+002  1.000000e+000
    endloop
  endfacet
  facet normal  3.826822e-001  9.238800e-001  -0.000000e+000
    outer loop
      vertex  2.047071e+002  1.547071e+002  1.000000e+000
      vertex  2.040000e+002  1.550000e+002  4.400000e+001
      vertex  2.047071e+002  1.547071e+002  4.400000e+001
    endloop
  endfacet
  facet normal  9.238800e-001  3.826822e-001  0.000000e+000
    outer loop
      vertex  2.047071e+002  1.547071e+002  1.000000e+000
      vertex  2.047071e+002  1.547071e+002  4.400000e+001
      vertex  2.050000e+002  1.540000e+002  1.000000e+000
    endloop
  endfacet
  facet normal  9.238800e-001  3.826822e-001  -0.000000e+000
    outer loop
      vertex  2.050000e+002  1.540000e+002  1.000000e+000
      vertex  2.047071e+002  1.547071e+002  4.400000e+001
      vertex  2.050000e+002  1.540000e+002  4.400000e+001
    endloop
  endfacet
  facet normal  9.124874e-001  1.565581e-001  3.779633e-001
    outer loop
      vertex  2.050000e+002  1.540000e+002  4.400000e+001
      vertex  2.047071e+002  1.545000e+002  4.450000e+001
      vertex  2.047071e+002  1.540000e+002  4.470711e+001
    endloop
  endfacet
  facet normal  9.124874e-001  3.779633e-001  1.565581e-001
    outer loop
      vertex  2.050000e+002  1.540000e+002  4.400000e+001
      vertex  2.047071e+002  1.547071e+002  4.400000e+001
      vertex  2.047071e+002  1.545000e+002  4.450000e+001
    endloop
  endfacet
  facet normal  3.574054e-001  8.628561e-001  3.574080e-001
    outer loop
      vertex  2.047071e+002  1.547071e+002  4.400000e+001
      vertex  2.040000e+002  1.550000e+002  4.400000e+001
      vertex  2.047071e+002  1.545000e+002  4.450000e+001
    endloop
  endfacet
  facet normal  3.574074e-001  8.628565e-001  3.574056e-001
    outer loop
      vertex  2.047071e+002  1.545000e+002  4.450000e+001
      vertex  2.040000e+002  1.550000e+002  4.400000e+001
      vertex  2.040000e+002  1.547071e+002  4.470711e+001
    endloop
  endfacet
  facet normal  3.574077e-001  3.574077e-001  8.628554e-001
    outer loop
      vertex  2.047071e+002  1.545000e+002  4.450000e+001
      vertex  2.040000e+002  1.547071e+002  4.470711e+001
      vertex  2.047071e+002  1.540000e+002  4.470711e+001
    endloop
  endfacet
  facet normal  3.574058e-001  3.574058e-001  8.628570e-001
    outer loop
      vertex  2.047071e+002  1.540000e+002  4.470711e+001
      vertex  2.040000e+002  1.547071e+002  4.470711e+001
      vertex  2.040000e+002  1.540000e+002  4.500000e+001
    endloop
  endfacet
  facet normal  9.238800e-001  0.000000e+000  3.826822e-001
    outer loop
      vertex  2.050000e+002 -4.000000e+000  4.400000e+001
      vertex  2.050000e+002  1.540000e+002  4.400000e+001
      vertex  2.047071e+002 -4.000000e+000  4.470711e+001
    endloop
  endfacet
  facet normal  9.238800e-001  -0.000000e+000  3.826822e-001
    outer loop
      vertex  2.047071e+002 -4.000000e+000  4.470711e+001
      vertex  2.050000e+002  1.540000e+002  4.400000e+001
      vertex  2.047071e+002  1.540000e+002  4.470711e+001
    endloop
  endfacet
  facet normal  3.826822e-001  0.000000e+000  9.238800e-001
    outer loop
      vertex  2.047071e+002 -4.000000e+000  4.470711e+001
      vertex  2.047071e+002  1.540000e+002  4.470711e+001
      vertex  2.040000e+002 -4.000000e+000  4.500000e+001
    endloop
  endfacet
  facet normal  3.826822e-001  -0.000000e+000  9.238800e-001
    outer loop
      vertex  2.040000e+002 -4.000000e+000  4.500000e+001
      vertex  2.047071e+002  1.540000e+002  4.470711e+001
      vertex  2.040000e+002  1.540000e+002  4.500000e+001
    endloop
  endfacet
  facet normal  0.000000e+000  1.000000e+000  -0.000000e+000
    outer loop
      vertex  1.990000e+002  0.000000e+000  4.400000e+001
      vertex  1.990000e+002  0.000000e+000  1.100000e+001
      vertex  1.660000e+002  0.000000e+000  1.900000e+001
    endloop
  endfacet
  facet normal  0.000000e+000  1.000000e+000  0.000000e+000
    outer loop
      vertex  1.990000e+002  0.000000e+000  4.400000e+001
      vertex  1.660000e+002  0.000000e+000  1.900000e+001
      vertex  1.660000e+002  0.000000e+000  3.600000e+001
    endloop
  endfacet
  facet normal  0.000000e+000  1.000000e+000  -0.000000e+000
    outer loop
      vertex  1.990000e+002  0.000000e+000  4.400000e+001
      vertex  1.660000e+002  0.000000e+000  3.600000e+001
      vertex  1.440000e+002  0.000000e+000  3.600000e+001
    endloop
  endfacet
  facet normal  0.000000e+000  1.000000e+000  -0.000000e+000
    outer loop
      vertex  1.990000e+002  0.000000e+000  4.400000e+001
      vertex  1.440000e+002  0.000000e+000  3.600000e+001
      vertex  9.100000e+001  0.000000e+000  3.600000e+001
    endloop
  endfacet
  facet normal  0.000000e+000  1.000000e+000  -0.000000e+000
    outer loop
      vertex  1.990000e+002  0.000000e+000  4.400000e+001
      vertex  9.100000e+001  0.000000e+000  3.600000e+001
      vertex  2.400000e+001  0.000000e+000  3.600000e+001
    endloop
  endfacet
  facet normal  0.000000e+000  1.000000e+000  -0.000000e+000
    outer loop
      vertex  1.990000e+002  0.000000e+000  4.400000e+001
      vertex  2.400000e+001  0.000000e+000  3.600000e+001
      vertex  1.000000e+000  0.000000e+000  4.400000e+001
    endloop
  endfacet
  facet normal  0.000000e+000  1.000000e+000  -0.000000e+000
    outer loop
      vertex  1.440000e+002  0.000000e+000  3.600000e+001
      vertex  1.440000e+002  0.000000e+000  1.900000e+001
      vertex  9.100000e+001  0.000000e+000  3.600000e+001
    endloop
  endfacet
  facet normal  0.000000e+000  1.000000e+000  0.000000e+000
    outer loop
      vertex  9.100000e+001  0.000000e+000  3.600000e+001
      vertex  1.440000e+002  0.000000e+000  1.900000e+001
      vertex  9.100000e+001  0.000000e+000  1.400000e+001
    endloop
  endfacet
  facet normal  0.000000e+000  9.999999e-001  0.000000e+000
    outer loop
      vertex  1.440000e+002  0.000000e+000  1.900000e+001
      vertex  1.660000e+002  0.000000e+000  1.900000e+001
      vertex  9.100000e+001  0.000000e+000  1.400000e+001
    endloop
  endfacet
  facet normal  -0.000000e+000  1.000000e+000  0.000000e+000
    outer loop
      vertex  9.100000e+001  0.000000e+000  1.400000e+001
      vertex  1.660000e+002  0.000000e+000  1.900000e+001
      vertex  1.990000e+002  0.000000e+000  1.100000e+001
    endloop
  endfacet
  facet normal  0.000000e+000  1.000000e+000  -0.000000e+000
    outer loop
      vertex  2.400000e+001  0.000000e+000  3.600000e+001
      vertex  2.400000e+001  0.000000e+000  1.400000e+001
      vertex  1.000000e+000  0.000000e+000  4.400000e+001
    endloop
  endfacet
  facet normal  0.000000e+000  1.000000e+000  0.000000e+000
    outer loop
      vertex  1.000000e+000  0.000000e+000  4.400000e+001
      vertex  2.400000e+001  0.000000e+000  1.400000e+001
      vertex  1.000000e+000  0.000000e+000  1.100000e+001
    endloop
  endfacet
  facet normal  0.000000e+000  1.000000e+000  0.000000e+000
    outer loop
      vertex  2.400000e+001  0.000000e+000  1.400000e+001
      vertex  9.100000e+001  0.000000e+000  1.400000e+001
      vertex  1.000000e+000  0.000000e+000  1.100000e+001
    endloop
  endfacet
  facet normal  0.000000e+000  1.000000e+000  0.000000e+000
    outer loop
      vertex  1.000000e+000  0.000000e+000  1.100000e+001
      vertex  9.100000e+001  0.000000e+000  1.400000e+001
      vertex  1.990000e+002  0.000000e+000  1.100000e+001
    endloop
  endfacet
  facet normal  0.000000e+000  9.969045e-001 -7.862129e-002
    outer loop
      vertex  1.440000e+002  0.000000e+000  3.600000e+001
      vertex  1.660000e+002  0.000000e+000  3.600000e+001
      vertex  1.441568e+002 -1.236274e-002  3.584324e+001
    endloop
  endfacet
  facet normal  0.000000e+000  9.969046e-001 -7.862131e-002
    outer loop
      vertex  1.441568e+002 -1.236274e-002  3.584324e+001
      vertex  1.660000e+002  0.000000e+000  3.600000e+001
      vertex  1.658432e+002 -1.236274e-002  3.584324e+001
    endloop
  endfacet
  facet normal  0.000000e+000  8.944901e-001 -4.470879e-001
    outer loop
      vertex  1.441568e+002 -1.236274e-002  3.584324e+001
      vertex  1.658432e+002 -1.236274e-002  3.584324e+001
      vertex  1.446958e+002 -2.818145e-001  3.530415e+001
    endloop
  endfacet
  facet normal  0.000000e+000  8.944901e-001 -4.470878e-001
    outer loop
      vertex  1.446958e+002 -2.818145e-001  3.530415e+001
      vertex  1.658432e+002 -1.236274e-002  3.584324e+001
      vertex  1.653042e+002 -2.818145e-001  3.530415e+001
    endloop
  endfacet
  facet normal  0.000000e+000  5.855737e-001 -8.106192e-001
    outer loop
      vertex  1.446958e+002 -2.818145e-001  3.530415e+001
      vertex  1.653042e+002 -2.818145e-001  3.530415e+001
      vertex  1.449005e+002 -5.650527e-001  3.509954e+001
    endloop
  endfacet
  facet normal  0.000000e+000  5.855737e-001 -8.106191e-001
    outer loop
      vertex  1.449005e+002 -5.650527e-001  3.509954e+001
      vertex  1.653042e+002 -2.818145e-001  3.530415e+001
      vertex  1.650995e+002 -5.650527e-001  3.509954e+001
    endloop
  endfacet
  facet normal  0.000000e+000  2.230974e-001 -9.747961e-001
    outer loop
      vertex  1.449005e+002 -5.650527e-001  3.509954e+001
      vertex  1.650995e+002 -5.650527e-001  3.509954e+001
      vertex  1.450000e+002 -1.000000e+000  3.500000e+001
    endloop
  endfacet
  facet normal  0.000000e+000  2.230974e-001 -9.747961e-001
    outer loop
      vertex  1.450000e+002 -1.000000e+000  3.500000e+001
      vertex  1.650995e+002 -5.650527e-001  3.509954e+001
      vertex  1.650000e+002 -1.000000e+000  3.500000e+001
    endloop
  endfacet
  facet normal  9.747943e-001  2.231055e-001  -0.000000e+000
    outer loop
      vertex  1.450000e+002 -1.000000e+000  3.500000e+001
      vertex  1.450000e+002 -1.000000e+000  2.000000e+001
      vertex  1.449005e+002 -5.650527e-001  3.509954e+001
    endloop
  endfacet
  facet normal  9.747943e-001  2.231055e-001  0.000000e+000
    outer loop
      vertex  1.449005e+002 -5.650527e-001  3.509954e+001
      vertex  1.450000e+002 -1.000000e+000  2.000000e+001
      vertex  1.449005e+002 -5.650527e-001  1.990046e+001
    endloop
  endfacet
  facet normal  8.106192e-001  5.855737e-001  -0.000000e+000
    outer loop
      vertex  1.449005e+002 -5.650527e-001  3.509954e+001
      vertex  1.449005e+002 -5.650527e-001  1.990046e+001
      vertex  1.446958e+002 -2.818145e-001  3.530415e+001
    endloop
  endfacet
  facet normal  8.106192e-001  5.855737e-001  0.000000e+000
    outer loop
      vertex  1.446958e+002 -2.818145e-001  3.530415e+001
      vertex  1.449005e+002 -5.650527e-001  1.990046e+001
      vertex  1.446958e+002 -2.818145e-001  1.969585e+001
    endloop
  endfacet
  facet normal  4.470878e-001  8.944901e-001  -0.000000e+000
    outer loop
      vertex  1.446958e+002 -2.818145e-001  3.530415e+001
      vertex  1.446958e+002 -2.818145e-001  1.969585e+001
      vertex  1.441568e+002 -1.236274e-002  3.584324e+001
    endloop
  endfacet
  facet normal  4.470878e-001  8.944900e-001  0.000000e+000
    outer loop
      vertex  1.441568e+002 -1.236274e-002  3.584324e+001
      vertex  1.446958e+002 -2.818145e-001  1.969585e+001
      vertex  1.441568e+002 -1.236274e-002  1.915676e+001
    endloop
  endfacet
  facet normal  7.862320e-002  9.969044e-001  -0.000000e+000
    outer loop
      vertex  1.441568e+002 -1.236274e-002  3.584324e+001
      vertex  1.441568e+002 -1.236274e-002  1.915676e+001
      vertex  1.440000e+002  0.000000e+000  3.600000e+001
    endloop
  endfacet
  facet normal  7.862320e-002  9.969044e-001  0.000000e+000
    outer loop
      vertex  1.440000e+002  0.000000e+000  3.600000e+001
      vertex  1.441568e+002 -1.236274e-002  1.915676e+001
      vertex  1.440000e+002  0.000000e+000  1.900000e+001
    endloop
  endfacet
  facet normal  0.000000e+000  2.230974e-001  9.747961e-001
    outer loop
      vertex  1.450000e+002 -1.000000e+000  2.000000e+001
      vertex  1.650000e+002 -1.000000e+000  2.000000e+001
      vertex  1.449005e+002 -5.650527e-001  1.990046e+001
    endloop
  endfacet
  facet normal  -0.000000e+000  2.230974e-001  9.747961e-001
    outer loop
      vertex  1.449005e+002 -5.650527e-001  1.990046e+001
      vertex  1.650000e+002 -1.000000e+000  2.000000e+001
      vertex  1.650995e+002 -5.650527e-001  1.990046e+001
    endloop
  endfacet
  facet normal  0.000000e+000  5.855809e-001  8.106140e-001
    outer loop
      vertex  1.449005e+002 -5.650527e-001  1.990046e+001
      vertex  1.650995e+002 -5.650527e-001  1.990046e+001
      vertex  1.446958e+002 -2.818145e-001  1.969585e+001
    endloop
  endfacet
  facet normal -2.250750e-007  5.855702e-001  8.106217e-001
    outer loop
      vertex  1.446958e+002 -2.818145e-001  1.969585e+001
      vertex  1.650995e+002 -5.650527e-001  1.990046e+001
      vertex  1.653042e+002 -2.818145e-001  1.969585e+001
    endloop
  endfacet
  facet normal -1.241379e-007  8.944888e-001  4.470905e-001
    outer loop
      vertex  1.446958e+002 -2.818145e-001  1.969585e+001
      vertex  1.653042e+002 -2.818145e-001  1.969585e+001
      vertex  1.441568e+002 -1.236274e-002  1.915676e+001
    endloop
  endfacet
  facet normal  -0.000000e+000  8.944907e-001  4.470866e-001
    outer loop
      vertex  1.441568e+002 -1.236274e-002  1.915676e+001
      vertex  1.653042e+002 -2.818145e-001  1.969585e+001
      vertex  1.658432e+002 -1.236274e-002  1.915676e+001
    endloop
  endfacet
  facet normal  0.000000e+000  9.969046e-001  7.862131e-002
    outer loop
      vertex  1.441568e+002 -1.236274e-002  1.915676e+001
      vertex  1.658432e+002 -1.236274e-002  1.915676e+001
      vertex  1.440000e+002  0.000000e+000  1.900000e+001
    endloop
  endfacet
  facet normal  -0.000000e+000  9.969045e-001  7.862129e-002
    outer loop
      vertex  1.440000e+002  0.000000e+000  1.900000e+001
      vertex  1.658432e+002 -1.236274e-002  1.915676e+001
      vertex  1.660000e+002  0.000000e+000  1.900000e+001
    endloop
  endfacet
  facet normal -9.747943e-001  2.231055e-001  0.000000e+000
    outer loop
      vertex  1.650000e+002 -1.000000e+000  2.000000e+001
      vertex  1.650000e+002 -1.000000e+000  3.500000e+001
      vertex  1.650995e+002 -5.650527e-001  1.990046e+001
    endloop
  endfacet
  facet normal -9.747943e-001  2.231055e-001  0.000000e+000
    outer loop
      vertex  1.650995e+002 -5.650527e-001  1.990046e+001
      vertex  1.650000e+002 -1.000000e+000  3.500000e+001
      vertex  1.650995e+002 -5.650527e-001  3.509954e+001
    endloop
  endfacet
  facet normal -8.106192e-001  5.855737e-001  0.000000e+000
    outer loop
      vertex  1.650995e+002 -5.650527e-001  1.990046e+001
      vertex  1.650995e+002 -5.650527e-001  3.509954e+001
      vertex  1.653042e+002 -2.818145e-001  1.969585e+001
    endloop
  endfacet
  facet normal -8.106191e-001  5.855736e-001  0.000000e+000
    outer loop
      vertex  1.653042e+002 -2.818145e-001  1.969585e+001
      vertex  1.650995e+002 -5.650527e-001  3.509954e+001
      vertex  1.653042e+002 -2.818145e-001  3.530415e+001
    endloop
  endfacet
  facet normal -4.470879e-001  8.944901e-001  0.000000e+000
    outer loop
      vertex  1.653042e+002 -2.818145e-001  1.969585e+001
      vertex  1.653042e+002 -2.818145e-001  3.530415e+001
      vertex  1.658432e+002 -1.236274e-002  1.915676e+001
    endloop
  endfacet
  facet normal -4.470878e-001  8.944900e-001  0.000000e+000
    outer loop
      vertex  1.658432e+002 -1.236274e-002  1.915676e+001
      vertex  1.653042e+002 -2.818145e-001  3.530415e+001
      vertex  1.658432e+002 -1.236274e-002  3.584324e+001
    endloop
  endfacet
  facet normal -7.862320e-002  9.969044e-001  0.000000e+000
    outer loop
      vertex  1.658432e+002 -1.236274e-002  1.915676e+001
      vertex  1.658432e+002 -1.236274e-002  3.584324e+001
      vertex  1.660000e+002  0.000000e+000  1.900000e+001
    endloop
  endfacet
  facet normal -7.862320e-002  9.969044e-001  0.000000e+000
    outer loop
      vertex  1.660000e+002  0.000000e+000  1.900000e+001
      vertex  1.658432e+002 -1.236274e-002  3.584324e+001
      vertex  1.660000e+002  0.000000e+000  3.600000e+001
    endloop
  endfacet
  facet normal  -0.000000e+000  9.969045e-001  7.862177e-002
    outer loop
      vertex  9.100000e+001  0.000000e+000  1.400000e+001
      vertex  2.400000e+001  0.000000e+000  1.400000e+001
      vertex  9.084325e+001 -1.236274e-002  1.415676e+001
    endloop
  endfacet
  facet normal  0.000000e+000  9.969045e-001  7.862177e-002
    outer loop
      vertex  9.084325e+001 -1.236274e-002  1.415676e+001
      vertex  2.400000e+001  0.000000e+000  1.400000e+001
      vertex  2.415676e+001 -1.236274e-002  1.415676e+001
    endloop
  endfacet
  facet normal  -0.000000e+000  8.944907e-001  4.470866e-001
    outer loop
      vertex  9.084325e+001 -1.236274e-002  1.415676e+001
      vertex  2.415676e+001 -1.236274e-002  1.415676e+001
      vertex  9.030415e+001 -2.818145e-001  1.469585e+001
    endloop
  endfacet
  facet normal  0.000000e+000  8.944907e-001  4.470865e-001
    outer loop
      vertex  9.030415e+001 -2.818145e-001  1.469585e+001
      vertex  2.415676e+001 -1.236274e-002  1.415676e+001
      vertex  2.469585e+001 -2.818145e-001  1.469585e+001
    endloop
  endfacet
  facet normal  -0.000000e+000  5.855719e-001  8.106205e-001
    outer loop
      vertex  9.030415e+001 -2.818145e-001  1.469585e+001
      vertex  2.469585e+001 -2.818145e-001  1.469585e+001
      vertex  9.009954e+001 -5.650527e-001  1.490046e+001
    endloop
  endfacet
  facet normal  0.000000e+000  5.855719e-001  8.106205e-001
    outer loop
      vertex  9.009954e+001 -5.650527e-001  1.490046e+001
      vertex  2.469585e+001 -2.818145e-001  1.469585e+001
      vertex  2.490046e+001 -5.650527e-001  1.490046e+001
    endloop
  endfacet
  facet normal  -0.000000e+000  2.230974e-001  9.747961e-001
    outer loop
      vertex  9.009954e+001 -5.650527e-001  1.490046e+001
      vertex  2.490046e+001 -5.650527e-001  1.490046e+001
      vertex  9.000000e+001 -1.000000e+000  1.500000e+001
    endloop
  endfacet
  facet normal  0.000000e+000  2.230974e-001  9.747962e-001
    outer loop
      vertex  9.000000e+001 -1.000000e+000  1.500000e+001
      vertex  2.490046e+001 -5.650527e-001  1.490046e+001
      vertex  2.500000e+001 -1.000000e+000  1.500000e+001
    endloop
  endfacet
  facet normal -9.747980e-001  2.230893e-001  0.000000e+000
    outer loop
      vertex  9.000000e+001 -1.000000e+000  1.500000e+001
      vertex  9.000000e+001 -1.000000e+000  3.500000e+001
      vertex  9.009954e+001 -5.650527e-001  1.490046e+001
    endloop
  endfacet
  facet normal -9.747980e-001  2.230893e-001  0.000000e+000
    outer loop
      vertex  9.009954e+001 -5.650527e-001  1.490046e+001
      vertex  9.000000e+001 -1.000000e+000  3.500000e+001
      vertex  9.009954e+001 -5.650527e-001  3.509954e+001
    endloop
  endfacet
  facet normal -8.106088e-001  5.855880e-001  0.000000e+000
    outer loop
      vertex  9.009954e+001 -5.650527e-001  1.490046e+001
      vertex  9.009954e+001 -5.650527e-001  3.509954e+001
      vertex  9.030415e+001 -2.818145e-001  1.469585e+001
    endloop
  endfacet
  facet normal -8.106191e-001  5.855738e-001 -3.000991e-007
    outer loop
      vertex  9.030415e+001 -2.818145e-001  1.469585e+001
      vertex  9.009954e+001 -5.650527e-001  3.509954e+001
      vertex  9.030415e+001 -2.818145e-001  3.530415e+001
    endloop
  endfacet
  facet normal -4.470880e-001  8.944900e-001 -1.655163e-007
    outer loop
      vertex  9.030415e+001 -2.818145e-001  1.469585e+001
      vertex  9.030415e+001 -2.818145e-001  3.530415e+001
      vertex  9.084325e+001 -1.236274e-002  1.415676e+001
    endloop
  endfacet
  facet normal -4.470828e-001  8.944926e-001  0.000000e+000
    outer loop
      vertex  9.084325e+001 -1.236274e-002  1.415676e+001
      vertex  9.030415e+001 -2.818145e-001  3.530415e+001
      vertex  9.084325e+001 -1.236274e-002  3.584324e+001
    endloop
  endfacet
  facet normal -7.862321e-002  9.969044e-001  0.000000e+000
    outer loop
      vertex  9.084325e+001 -1.236274e-002  1.415676e+001
      vertex  9.084325e+001 -1.236274e-002  3.584324e+001
      vertex  9.100000e+001  0.000000e+000  1.400000e+001
    endloop
  endfacet
  facet normal -7.862320e-002  9.969044e-001  0.000000e+000
    outer loop
      vertex  9.100000e+001  0.000000e+000  1.400000e+001
      vertex  9.084325e+001 -1.236274e-002  3.584324e+001
      vertex  9.100000e+001  0.000000e+000  3.600000e+001
    endloop
  endfacet
  facet normal  0.000000e+000  9.969046e-001 -7.862131e-002
    outer loop
      vertex  2.400000e+001  0.000000e+000  3.600000e+001
      vertex  9.100000e+001  0.000000e+000  3.600000e+001
      vertex  2.415676e+001 -1.236274e-002  3.584324e+001
    endloop
  endfacet
  facet normal  0.000000e+000  9.969046e-001 -7.862131e-002
    outer loop
      vertex  2.415676e+001 -1.236274e-002  3.584324e+001
      vertex  9.100000e+001  0.000000e+000  3.600000e+001
      vertex  9.084325e+001 -1.236274e-002  3.584324e+001
    endloop
  endfacet
  facet normal  0.000000e+000  8.944901e-001 -4.470879e-001
    outer loop
      vertex  2.415676e+001 -1.236274e-002  3.584324e+001
      vertex  9.084325e+001 -1.236274e-002  3.584324e+001
      vertex  2.469585e+001 -2.818145e-001  3.530415e+001
    endloop
  endfacet
  facet normal  2.599541e-008  8.944888e-001 -4.470904e-001
    outer loop
      vertex  2.469585e+001 -2.818145e-001  3.530415e+001
      vertex  9.084325e+001 -1.236274e-002  3.584324e+001
      vertex  9.030415e+001 -2.818145e-001  3.530415e+001
    endloop
  endfacet
  facet normal  4.713225e-008  5.855737e-001 -8.106192e-001
    outer loop
      vertex  2.469585e+001 -2.818145e-001  3.530415e+001
      vertex  9.030415e+001 -2.818145e-001  3.530415e+001
      vertex  2.490046e+001 -5.650527e-001  3.509954e+001
    endloop
  endfacet
  facet normal  0.000000e+000  5.855809e-001 -8.106140e-001
    outer loop
      vertex  2.490046e+001 -5.650527e-001  3.509954e+001
      vertex  9.030415e+001 -2.818145e-001  3.530415e+001
      vertex  9.009954e+001 -5.650527e-001  3.509954e+001
    endloop
  endfacet
  facet normal  0.000000e+000  2.230974e-001 -9.747961e-001
    outer loop
      vertex  2.490046e+001 -5.650527e-001  3.509954e+001
      vertex  9.009954e+001 -5.650527e-001  3.509954e+001
      vertex  2.500000e+001 -1.000000e+000  3.500000e+001
    endloop
  endfacet
  facet normal  0.000000e+000  2.230974e-001 -9.747962e-001
    outer loop
      vertex  2.500000e+001 -1.000000e+000  3.500000e+001
      vertex  9.009954e+001 -5.650527e-001  3.509954e+001
      vertex  9.000000e+001 -1.000000e+000  3.500000e+001
    endloop
  endfacet
  facet normal  9.747961e-001  2.230974e-001  -0.000000e+000
    outer loop
      vertex  2.500000e+001 -1.000000e+000  3.500000e+001
      vertex  2.500000e+001 -1.000000e+000  1.500000e+001
      vertex  2.490046e+001 -5.650527e-001  3.509954e+001
    endloop
  endfacet
  facet normal  9.747961e-001  2.230974e-001  0.000000e+000
    outer loop
      vertex  2.490046e+001 -5.650527e-001  3.509954e+001
      vertex  2.500000e+001 -1.000000e+000  1.500000e+001
      vertex  2.490046e+001 -5.650527e-001  1.490046e+001
    endloop
  endfacet
  facet normal  8.106140e-001  5.855808e-001  -0.000000e+000
    outer loop
      vertex  2.490046e+001 -5.650527e-001  3.509954e+001
      vertex  2.490046e+001 -5.650527e-001  1.490046e+001
      vertex  2.469585e+001 -2.818145e-001  3.530415e+001
    endloop
  endfacet
  facet normal  8.106140e-001  5.855809e-001  0.000000e+000
    outer loop
      vertex  2.469585e+001 -2.818145e-001  3.530415e+001
      vertex  2.490046e+001 -5.650527e-001  1.490046e+001
      vertex  2.469585e+001 -2.818145e-001  1.469585e+001
    endloop
  endfacet
  facet normal  4.470904e-001  8.944888e-001  -0.000000e+000
    outer loop
      vertex  2.469585e+001 -2.818145e-001  3.530415e+001
      vertex  2.469585e+001 -2.818145e-001  1.469585e+001
      vertex  2.415676e+001 -1.236274e-002  3.584324e+001
    endloop
  endfacet
  facet normal  4.470904e-001  8.944888e-001  0.000000e+000
    outer loop
      vertex  2.415676e+001 -1.236274e-002  3.584324e+001
      vertex  2.469585e+001 -2.818145e-001  1.469585e+001
      vertex  2.415676e+001 -1.236274e-002  1.415676e+001
    endloop
  endfacet
  facet normal  7.862130e-002  9.969046e-001  -0.000000e+000
    outer loop
      vertex  2.415676e+001 -1.236274e-002  3.584324e+001
      vertex  2.415676e+001 -1.236274e-002  1.415676e+001
      vertex  2.400000e+001  0.000000e+000  3.600000e+001
    endloop
  endfacet
  facet normal  7.862129e-002  9.969045e-001  0.000000e+000
    outer loop
      vertex  2.400000e+001  0.000000e+000  3.600000e+001
      vertex  2.415676e+001 -1.236274e-002  1.415676e+001
      vertex  2.400000e+001  0.000000e+000  1.400000e+001
    endloop
  endfacet
  facet normal  1.000000e+000  0.000000e+000  0.000000e+000
    outer loop
      vertex  0.000000e+000  1.490000e+002  1.100000e+001
      vertex  0.000000e+000  7.700000e+001  1.900000e+001
      vertex  0.000000e+000  1.000000e+000  1.100000e+001
    endloop
  endfacet
  facet normal  1.000000e+000  0.000000e+000  0.000000e+000
    outer loop
      vertex  0.000000e+000  1.000000e+000  1.100000e+001
      vertex  0.000000e+000  7.700000e+001  1.900000e+001
      vertex  0.000000e+000  7.700000e+001  3.100000e+001
    endloop
  endfacet
  facet normal  1.000000e+000  0.000000e+000  0.000000e+000
    outer loop
      vertex  0.000000e+000  1.000000e+000  1.100000e+001
      vertex  0.000000e+000  7.700000e+001  3.100000e+001
      vertex  0.000000e+000  1.000000e+000  4.400000e+001
    endloop
  endfacet
  facet normal  1.000000e+000  0.000000e+000  0.000000e+000
    outer loop
      vertex  0.000000e+000  7.700000e+001  1.900000e+001
      vertex  0.000000e+000  1.490000e+002  1.100000e+001
      vertex  0.000000e+000  1.290000e+002  1.900000e+001
    endloop
  endfacet
  facet normal  9.999999e-001  -0.000000e+000  0.000000e+000
    outer loop
      vertex  0.000000e+000  1.290000e+002  1.900000e+001
      vertex  0.000000e+000  1.490000e+002  1.100000e+001
      vertex  0.000000e+000  1.490000e+002  4.400000e+001
    endloop
  endfacet
  facet normal  1.000000e+000  0.000000e+000  0.000000e+000
    outer loop
      vertex  0.000000e+000  1.290000e+002  1.900000e+001
      vertex  0.000000e+000  1.490000e+002  4.400000e+001
      vertex  0.000000e+000  1.290000e+002  3.100000e+001
    endloop
  endfacet
  facet normal  1.000000e+000  0.000000e+000  -0.000000e+000
    outer loop
      vertex  0.000000e+000  1.290000e+002  3.100000e+001
      vertex  0.000000e+000  1.490000e+002  4.400000e+001
      vertex  0.000000e+000  1.000000e+000  4.400000e+001
    endloop
  endfacet
  facet normal  1.000000e+000  0.000000e+000  0.000000e+000
    outer loop
      vertex  0.000000e+000  1.290000e+002  3.100000e+001
      vertex  0.000000e+000  1.000000e+000  4.400000e+001
      vertex  0.000000e+000  7.700000e+001  3.100000e+001
    endloop
  endfacet
  facet normal  9.969046e-001  0.000000e+000  7.862131e-002
    outer loop
      vertex  0.000000e+000  7.700000e+001  1.900000e+001
      vertex  0.000000e+000  1.290000e+002  1.900000e+001
      vertex -1.236274e-002  7.715675e+001  1.915676e+001
    endloop
  endfacet
  facet normal  9.969046e-001  -0.000000e+000  7.862130e-002
    outer loop
      vertex -1.236274e-002  7.715675e+001  1.915676e+001
      vertex  0.000000e+000  1.290000e+002  1.900000e+001
      vertex -1.236274e-002  1.288432e+002  1.915676e+001
    endloop
  endfacet
  facet normal  8.944907e-001  0.000000e+000  4.470866e-001
    outer loop
      vertex -1.236274e-002  7.715675e+001  1.915676e+001
      vertex -1.236274e-002  1.288432e+002  1.915676e+001
      vertex -2.818145e-001  7.769585e+001  1.969585e+001
    endloop
  endfacet
  facet normal  8.944907e-001  -0.000000e+000  4.470866e-001
    outer loop
      vertex -2.818145e-001  7.769585e+001  1.969585e+001
      vertex -1.236274e-002  1.288432e+002  1.915676e+001
      vertex -2.818145e-001  1.283042e+002  1.969585e+001
    endloop
  endfacet
  facet normal  5.855701e-001  0.000000e+000  8.106218e-001
    outer loop
      vertex -2.818145e-001  7.769585e+001  1.969585e+001
      vertex -2.818145e-001  1.283042e+002  1.969585e+001
      vertex -5.650527e-001  7.790046e+001  1.990046e+001
    endloop
  endfacet
  facet normal  5.855700e-001  -0.000000e+000  8.106217e-001
    outer loop
      vertex -5.650527e-001  7.790046e+001  1.990046e+001
      vertex -2.818145e-001  1.283042e+002  1.969585e+001
      vertex -5.650527e-001  1.280995e+002  1.990046e+001
    endloop
  endfacet
  facet normal  2.230974e-001  0.000000e+000  9.747962e-001
    outer loop
      vertex -5.650527e-001  7.790046e+001  1.990046e+001
      vertex -5.650527e-001  1.280995e+002  1.990046e+001
      vertex -1.000000e+000  7.800000e+001  2.000000e+001
    endloop
  endfacet
  facet normal  2.230974e-001  -0.000000e+000  9.747962e-001
    outer loop
      vertex -1.000000e+000  7.800000e+001  2.000000e+001
      vertex -5.650527e-001  1.280995e+002  1.990046e+001
      vertex -1.000000e+000  1.280000e+002  2.000000e+001
    endloop
  endfacet
  facet normal  2.230893e-001  9.747980e-001  0.000000e+000
    outer loop
      vertex -1.000000e+000  7.800000e+001  2.000000e+001
      vertex -1.000000e+000  7.800000e+001  3.000000e+001
      vertex -5.650527e-001  7.790046e+001  1.990046e+001
    endloop
  endfacet
  facet normal  2.230893e-001  9.747980e-001  -0.000000e+000
    outer loop
      vertex -5.650527e-001  7.790046e+001  1.990046e+001
      vertex -1.000000e+000  7.800000e+001  3.000000e+001
      vertex -5.650527e-001  7.790046e+001  3.009954e+001
    endloop
  endfacet
  facet normal  5.855880e-001  8.106088e-001  0.000000e+000
    outer loop
      vertex -5.650527e-001  7.790046e+001  1.990046e+001
      vertex -5.650527e-001  7.790046e+001  3.009954e+001
      vertex -2.818145e-001  7.769585e+001  1.969585e+001
    endloop
  endfacet
  facet normal  5.855739e-001  8.106189e-001 -5.829899e-007
    outer loop
      vertex -2.818145e-001  7.769585e+001  1.969585e+001
      vertex -5.650527e-001  7.790046e+001  3.009954e+001
      vertex -2.818145e-001  7.769585e+001  3.030415e+001
    endloop
  endfacet
  facet normal  8.944899e-001  4.470881e-001 -3.215417e-007
    outer loop
      vertex -2.818145e-001  7.769585e+001  1.969585e+001
      vertex -2.818145e-001  7.769585e+001  3.030415e+001
      vertex -1.236274e-002  7.715675e+001  1.915676e+001
    endloop
  endfacet
  facet normal  8.944926e-001  4.470828e-001  -0.000000e+000
    outer loop
      vertex -1.236274e-002  7.715675e+001  1.915676e+001
      vertex -2.818145e-001  7.769585e+001  3.030415e+001
      vertex -1.236274e-002  7.715675e+001  3.084324e+001
    endloop
  endfacet
  facet normal  9.969044e-001  7.862320e-002  0.000000e+000
    outer loop
      vertex -1.236274e-002  7.715675e+001  1.915676e+001
      vertex -1.236274e-002  7.715675e+001  3.084324e+001
      vertex  0.000000e+000  7.700000e+001  1.900000e+001
    endloop
  endfacet
  facet normal  9.969044e-001  7.862321e-002  -0.000000e+000
    outer loop
      vertex  0.000000e+000  7.700000e+001  1.900000e+001
      vertex -1.236274e-002  7.715675e+001  3.084324e+001
      vertex  0.000000e+000  7.700000e+001  3.100000e+001
    endloop
  endfacet
  facet normal  9.969046e-001  0.000000e+000 -7.862131e-002
    outer loop
      vertex  0.000000e+000  1.290000e+002  3.100000e+001
      vertex  0.000000e+000  7.700000e+001  3.100000e+001
      vertex -1.236274e-002  1.288432e+002  3.084324e+001
    endloop
  endfacet
  facet normal  9.969046e-001  0.000000e+000 -7.862130e-002
    outer loop
      vertex -1.236274e-002  1.288432e+002  3.084324e+001
      vertex  0.000000e+000  7.700000e+001  3.100000e+001
      vertex -1.236274e-002  7.715675e+001  3.084324e+001
    endloop
  endfacet
  facet normal  8.944907e-001  0.000000e+000 -4.470866e-001
    outer loop
      vertex -1.236274e-002  1.288432e+002  3.084324e+001
      vertex -1.236274e-002  7.715675e+001  3.084324e+001
      vertex -2.818145e-001  1.283042e+002  3.030415e+001
    endloop
  endfacet
  facet normal  8.944887e-001 -5.055044e-008 -4.470904e-001
    outer loop
      vertex -2.818145e-001  1.283042e+002  3.030415e+001
      vertex -1.236274e-002  7.715675e+001  3.084324e+001
      vertex -2.818145e-001  7.769585e+001  3.030415e+001
    endloop
  endfacet
  facet normal  5.855702e-001 -9.165325e-008 -8.106217e-001
    outer loop
      vertex -2.818145e-001  1.283042e+002  3.030415e+001
      vertex -2.818145e-001  7.769585e+001  3.030415e+001
      vertex -5.650527e-001  1.280995e+002  3.009954e+001
    endloop
  endfacet
  facet normal  5.855808e-001  0.000000e+000 -8.106140e-001
    outer loop
      vertex -5.650527e-001  1.280995e+002  3.009954e+001
      vertex -2.818145e-001  7.769585e+001  3.030415e+001
      vertex -5.650527e-001  7.790046e+001  3.009954e+001
    endloop
  endfacet
  facet normal  2.230974e-001  0.000000e+000 -9.747962e-001
    outer loop
      vertex -5.650527e-001  1.280995e+002  3.009954e+001
      vertex -5.650527e-001  7.790046e+001  3.009954e+001
      vertex -1.000000e+000  1.280000e+002  3.000000e+001
    endloop
  endfacet
  facet normal  2.230974e-001  0.000000e+000 -9.747962e-001
    outer loop
      vertex -1.000000e+000  1.280000e+002  3.000000e+001
      vertex -5.650527e-001  7.790046e+001  3.009954e+001
      vertex -1.000000e+000  7.800000e+001  3.000000e+001
    endloop
  endfacet
  facet normal  2.231055e-001 -9.747943e-001  0.000000e+000
    outer loop
      vertex -1.000000e+000  1.280000e+002  3.000000e+001
      vertex -1.000000e+000  1.280000e+002  2.000000e+001
      vertex -5.650527e-001  1.280995e+002  3.009954e+001
    endloop
  endfacet
  facet normal  2.231055e-001 -9.747943e-001  0.000000e+000
    outer loop
      vertex -5.650527e-001  1.280995e+002  3.009954e+001
      vertex -1.000000e+000  1.280000e+002  2.000000e+001
      vertex -5.650527e-001  1.280995e+002  1.990046e+001
    endloop
  endfacet
  facet normal  5.855737e-001 -8.106192e-001  0.000000e+000
    outer loop
      vertex -5.650527e-001  1.280995e+002  3.009954e+001
      vertex -5.650527e-001  1.280995e+002  1.990046e+001
      vertex -2.818145e-001  1.283042e+002  3.030415e+001
    endloop
  endfacet
  facet normal  5.855737e-001 -8.106191e-001  0.000000e+000
    outer loop
      vertex -2.818145e-001  1.283042e+002  3.030415e+001
      vertex -5.650527e-001  1.280995e+002  1.990046e+001
      vertex -2.818145e-001  1.283042e+002  1.969585e+001
    endloop
  endfacet
  facet normal  8.944900e-001 -4.470878e-001  0.000000e+000
    outer loop
      vertex -2.818145e-001  1.283042e+002  3.030415e+001
      vertex -2.818145e-001  1.283042e+002  1.969585e+001
      vertex -1.236274e-002  1.288432e+002  3.084324e+001
    endloop
  endfacet
  facet normal  8.944901e-001 -4.470878e-001  0.000000e+000
    outer loop
      vertex -1.236274e-002  1.288432e+002  3.084324e+001
      vertex -2.818145e-001  1.283042e+002  1.969585e+001
      vertex -1.236274e-002  1.288432e+002  1.915676e+001
    endloop
  endfacet
  facet normal  9.969044e-001 -7.862320e-002  0.000000e+000
    outer loop
      vertex -1.236274e-002  1.288432e+002  3.084324e+001
      vertex -1.236274e-002  1.288432e+002  1.915676e+001
      vertex  0.000000e+000  1.290000e+002  3.100000e+001
    endloop
  endfacet
  facet normal  9.969044e-001 -7.862321e-002  0.000000e+000
    outer loop
      vertex  0.000000e+000  1.290000e+002  3.100000e+001
      vertex -1.236274e-002  1.288432e+002  1.915676e+001
      vertex  0.000000e+000  1.290000e+002  1.900000e+001
    endloop
  endfacet
  facet normal -9.238799e-001  3.826826e-001  0.000000e+000
    outer loop
      vertex  2.000000e+002  1.000000e+000  1.100000e+001
      vertex  1.997071e+002  2.928932e-001  1.100000e+001
      vertex  2.000000e+002  1.000000e+000  4.400000e+001
    endloop
  endfacet
  facet normal -9.238799e-001  3.826826e-001  0.000000e+000
    outer loop
      vertex  2.000000e+002  1.000000e+000  4.400000e+001
      vertex  1.997071e+002  2.928932e-001  1.100000e+001
      vertex  1.997071e+002  2.928932e-001  4.400000e+001
    endloop
  endfacet
  facet normal -3.826831e-001  9.238797e-001  0.000000e+000
    outer loop
      vertex  1.997071e+002  2.928932e-001  1.100000e+001
      vertex  1.990000e+002  0.000000e+000  1.100000e+001
      vertex  1.997071e+002  2.928932e-001  4.400000e+001
    endloop
  endfacet
  facet normal -3.826831e-001  9.238797e-001  0.000000e+000
    outer loop
      vertex  1.997071e+002  2.928932e-001  4.400000e+001
      vertex  1.990000e+002  0.000000e+000  1.100000e+001
      vertex  1.990000e+002  0.000000e+000  4.400000e+001
    endloop
  endfacet
  facet normal -9.238800e-001 -3.826822e-001  0.000000e+000
    outer loop
      vertex  2.000000e+002  1.490000e+002  4.400000e+001
      vertex  1.997071e+002  1.497071e+002  4.400000e+001
      vertex  2.000000e+002  1.490000e+002  1.100000e+001
    endloop
  endfacet
  facet normal -9.238800e-001 -3.826822e-001  0.000000e+000
    outer loop
      vertex  2.000000e+002  1.490000e+002  1.100000e+001
      vertex  1.997071e+002  1.497071e+002  4.400000e+001
      vertex  1.997071e+002  1.497071e+002  1.100000e+001
    endloop
  endfacet
  facet normal -3.826822e-001 -9.238800e-001  0.000000e+000
    outer loop
      vertex  1.997071e+002  1.497071e+002  4.400000e+001
      vertex  1.990000e+002  1.500000e+002  4.400000e+001
      vertex  1.997071e+002  1.497071e+002  1.100000e+001
    endloop
  endfacet
  facet normal -3.826822e-001 -9.238800e-001  0.000000e+000
    outer loop
      vertex  1.997071e+002  1.497071e+002  1.100000e+001
      vertex  1.990000e+002  1.500000e+002  4.400000e+001
      vertex  1.990000e+002  1.500000e+002  1.100000e+001
    endloop
  endfacet
  facet normal  0.000000e+000 -1.000000e+000  0.000000e+000
    outer loop
      vertex  1.990000e+002  1.500000e+002  4.400000e+001
      vertex  1.000000e+000  1.500000e+002  4.400000e+001
      vertex  1.990000e+002  1.500000e+002  1.100000e+001
    endloop
  endfacet
  facet normal  0.000000e+000 -1.000000e+000  0.000000e+000
    outer loop
      vertex  1.990000e+002  1.500000e+002  1.100000e+001
      vertex  1.000000e+000  1.500000e+002  4.400000e+001
      vertex  1.000000e+000  1.500000e+002  1.100000e+001
    endloop
  endfacet
  facet normal -1.000000e+000  -0.000000e+000  0.000000e+000
    outer loop
      vertex  2.000000e+002  1.000000e+000  4.400000e+001
      vertex  2.000000e+002  1.490000e+002  4.400000e+001
      vertex  2.000000e+002  1.000000e+000  1.100000e+001
    endloop
  endfacet
  facet normal -1.000000e+000  0.000000e+000  0.000000e+000
    outer loop
      vertex  2.000000e+002  1.000000e+000  1.100000e+001
      vertex  2.000000e+002  1.490000e+002  4.400000e+001
      vertex  2.000000e+002  1.490000e+002  1.100000e+001
    endloop
  endfacet
  facet normal  9.238797e-001 -3.826831e-001  0.000000e+000
    outer loop
      vertex  0.000000e+000  1.490000e+002  1.100000e+001
      vertex  2.928932e-001  1.497071e+002  1.100000e+001
      vertex  0.000000e+000  1.490000e+002  4.400000e+001
    endloop
  endfacet
  facet normal  9.238797e-001 -3.826831e-001  0.000000e+000
    outer loop
      vertex  0.000000e+000  1.490000e+002  4.400000e+001
      vertex  2.928932e-001  1.497071e+002  1.100000e+001
      vertex  2.928932e-001  1.497071e+002  4.400000e+001
    endloop
  endfacet
  facet normal  3.826826e-001 -9.238799e-001  0.000000e+000
    outer loop
      vertex  2.928932e-001  1.497071e+002  1.100000e+001
      vertex  1.000000e+000  1.500000e+002  1.100000e+001
      vertex  2.928932e-001  1.497071e+002  4.400000e+001
    endloop
  endfacet
  facet normal  3.826826e-001 -9.238799e-001  0.000000e+000
    outer loop
      vertex  2.928932e-001  1.497071e+002  4.400000e+001
      vertex  1.000000e+000  1.500000e+002  1.100000e+001
      vertex  1.000000e+000  1.500000e+002  4.400000e+001
    endloop
  endfacet
  facet normal  9.238796e-001  3.826835e-001  0.000000e+000
    outer loop
      vertex  0.000000e+000  1.000000e+000  4.400000e+001
      vertex  2.928932e-001  2.928932e-001  4.400000e+001
      vertex  0.000000e+000  1.000000e+000  1.100000e+001
    endloop
  endfacet
  facet normal  9.238796e-001  3.826835e-001  0.000000e+000
    outer loop
      vertex  0.000000e+000  1.000000e+000  1.100000e+001
      vertex  2.928932e-001  2.928932e-001  4.400000e+001
      vertex  2.928932e-001  2.928932e-001  1.100000e+001
    endloop
  endfacet
  facet normal  3.826835e-001  9.238796e-001  0.000000e+000
    outer loop
      vertex  2.928932e-001  2.928932e-001  4.400000e+001
      vertex  1.000000e+000  0.000000e+000  4.400000e+001
      vertex  2.928932e-001  2.928932e-001  1.100000e+001
    endloop
  endfacet
  facet normal  3.826835e-001  9.238796e-001  0.000000e+000
    outer loop
      vertex  2.928932e-001  2.928932e-001  1.100000e+001
      vertex  1.000000e+000  0.000000e+000  4.400000e+001
      vertex  1.000000e+000  0.000000e+000  1.100000e+001
    endloop
  endfacet
  facet normal  1.020062e-001 -3.806861e-001  9.190608e-001
    outer loop
      vertex  1.000000e+000  1.510000e+002  4.500000e+001
      vertex  3.535534e-001  1.501197e+002  4.470711e+001
      vertex  1.000000e+000  1.502929e+002  4.470711e+001
    endloop
  endfacet
  facet normal  1.758935e-001 -4.246455e-001  8.881091e-001
    outer loop
      vertex  1.000000e+000  1.510000e+002  4.500000e+001
      vertex -4.142136e-001  1.504142e+002  4.500000e+001
      vertex  3.535534e-001  1.501197e+002  4.470711e+001
    endloop
  endfacet
  facet normal  4.246494e-001 -1.758953e-001  8.881069e-001
    outer loop
      vertex -1.000000e+000  1.490000e+002  4.500000e+001
      vertex -1.196784e-001  1.496465e+002  4.470711e+001
      vertex -4.142136e-001  1.504142e+002  4.500000e+001
    endloop
  endfacet
  facet normal  3.806865e-001 -1.020035e-001  9.190609e-001
    outer loop
      vertex -1.000000e+000  1.490000e+002  4.500000e+001
      vertex -2.928932e-001  1.490000e+002  4.470711e+001
      vertex -1.196784e-001  1.496465e+002  4.470711e+001
    endloop
  endfacet
  facet normal  8.968095e-001 -2.402967e-001  3.714702e-001
    outer loop
      vertex  0.000000e+000  1.490000e+002  4.400000e+001
      vertex -1.196784e-001  1.496465e+002  4.470711e+001
      vertex -2.928932e-001  1.490000e+002  4.470711e+001
    endloop
  endfacet
  facet normal  8.242805e-001 -3.414278e-001  4.516511e-001
    outer loop
      vertex  0.000000e+000  1.490000e+002  4.400000e+001
      vertex  2.928932e-001  1.497071e+002  4.400000e+001
      vertex -1.196784e-001  1.496465e+002  4.470711e+001
    endloop
  endfacet
  facet normal  3.414286e-001 -8.242838e-001  4.516446e-001
    outer loop
      vertex  1.000000e+000  1.500000e+002  4.400000e+001
      vertex  3.535534e-001  1.501197e+002  4.470711e+001
      vertex  2.928932e-001  1.497071e+002  4.400000e+001
    endloop
  endfacet
  facet normal  2.403032e-001 -8.968084e-001  3.714688e-001
    outer loop
      vertex  1.000000e+000  1.500000e+002  4.400000e+001
      vertex  1.000000e+000  1.502929e+002  4.470711e+001
      vertex  3.535534e-001  1.501197e+002  4.470711e+001
    endloop
  endfacet
  facet normal  2.568750e-001 -2.568810e-001  9.316799e-001
    outer loop
      vertex -4.142136e-001  1.504142e+002  4.500000e+001
      vertex -1.196784e-001  1.496465e+002  4.470711e+001
      vertex  3.535534e-001  1.501197e+002  4.470711e+001
    endloop
  endfacet
  facet normal  6.670023e-001 -6.670178e-001  3.319568e-001
    outer loop
      vertex -1.196784e-001  1.496465e+002  4.470711e+001
      vertex  2.928932e-001  1.497071e+002  4.400000e+001
      vertex  3.535534e-001  1.501197e+002  4.470711e+001
    endloop
  endfacet
  facet normal  0.000000e+000 -3.826822e-001  9.238800e-001
    outer loop
      vertex  1.990000e+002  1.510000e+002  4.500000e+001
      vertex  1.000000e+000  1.510000e+002  4.500000e+001
      vertex  1.990000e+002  1.502929e+002  4.470711e+001
    endloop
  endfacet
  facet normal  0.000000e+000 -3.826822e-001  9.238800e-001
    outer loop
      vertex  1.990000e+002  1.502929e+002  4.470711e+001
      vertex  1.000000e+000  1.510000e+002  4.500000e+001
      vertex  1.000000e+000  1.502929e+002  4.470711e+001
    endloop
  endfacet
  facet normal  0.000000e+000 -9.238800e-001  3.826822e-001
    outer loop
      vertex  1.990000e+002  1.502929e+002  4.470711e+001
      vertex  1.000000e+000  1.502929e+002  4.470711e+001
      vertex  1.990000e+002  1.500000e+002  4.400000e+001
    endloop
  endfacet
  facet normal  0.000000e+000 -9.238800e-001  3.826822e-001
    outer loop
      vertex  1.990000e+002  1.500000e+002  4.400000e+001
      vertex  1.000000e+000  1.502929e+002  4.470711e+001
      vertex  1.000000e+000  1.500000e+002  4.400000e+001
    endloop
  endfacet
  facet normal -3.806861e-001 -1.020051e-001  9.190609e-001
    outer loop
      vertex  2.010000e+002  1.490000e+002  4.500000e+001
      vertex  2.001197e+002  1.496465e+002  4.470711e+001
      vertex  2.002929e+002  1.490000e+002  4.470711e+001
    endloop
  endfacet
  facet normal -4.246470e-001 -1.758939e-001  8.881083e-001
    outer loop
      vertex  2.010000e+002  1.490000e+002  4.500000e+001
      vertex  2.004142e+002  1.504142e+002  4.500000e+001
      vertex  2.001197e+002  1.496465e+002  4.470711e+001
    endloop
  endfacet
  facet normal -1.758939e-001 -4.246470e-001  8.881083e-001
    outer loop
      vertex  1.990000e+002  1.510000e+002  4.500000e+001
      vertex  1.996465e+002  1.501197e+002  4.470711e+001
      vertex  2.004142e+002  1.504142e+002  4.500000e+001
    endloop
  endfacet
  facet normal -1.020051e-001 -3.806861e-001  9.190609e-001
    outer loop
      vertex  1.990000e+002  1.510000e+002  4.500000e+001
      vertex  1.990000e+002  1.502929e+002  4.470711e+001
      vertex  1.996465e+002  1.501197e+002  4.470711e+001
    endloop
  endfacet
  facet normal -2.403006e-001 -8.968090e-001  3.714691e-001
    outer loop
      vertex  1.990000e+002  1.500000e+002  4.400000e+001
      vertex  1.996465e+002  1.501197e+002  4.470711e+001
      vertex  1.990000e+002  1.502929e+002  4.470711e+001
    endloop
  endfacet
  facet normal -3.414278e-001 -8.242827e-001  4.516471e-001
    outer loop
      vertex  1.990000e+002  1.500000e+002  4.400000e+001
      vertex  1.997071e+002  1.497071e+002  4.400000e+001
      vertex  1.996465e+002  1.501197e+002  4.470711e+001
    endloop
  endfacet
  facet normal -8.242827e-001 -3.414278e-001  4.516471e-001
    outer loop
      vertex  2.000000e+002  1.490000e+002  4.400000e+001
      vertex  2.001197e+002  1.496465e+002  4.470711e+001
      vertex  1.997071e+002  1.497071e+002  4.400000e+001
    endloop
  endfacet
  facet normal -8.968090e-001 -2.403006e-001  3.714691e-001
    outer loop
      vertex  2.000000e+002  1.490000e+002  4.400000e+001
      vertex  2.002929e+002  1.490000e+002  4.470711e+001
      vertex  2.001197e+002  1.496465e+002  4.470711e+001
    endloop
  endfacet
  facet normal -2.568781e-001 -2.568781e-001  9.316799e-001
    outer loop
      vertex  2.004142e+002  1.504142e+002  4.500000e+001
      vertex  1.996465e+002  1.501197e+002  4.470711e+001
      vertex  2.001197e+002  1.496465e+002  4.470711e+001
    endloop
  endfacet
  facet normal -6.670098e-001 -6.670098e-001  3.319576e-001
    outer loop
      vertex  1.996465e+002  1.501197e+002  4.470711e+001
      vertex  1.997071e+002  1.497071e+002  4.400000e+001
      vertex  2.001197e+002  1.496465e+002  4.470711e+001
    endloop
  endfacet
  facet normal -3.826822e-001  0.000000e+000  9.238800e-001
    outer loop
      vertex  2.010000e+002  1.000000e+000  4.500000e+001
      vertex  2.010000e+002  1.490000e+002  4.500000e+001
      vertex  2.002929e+002  1.000000e+000  4.470711e+001
    endloop
  endfacet
  facet normal -3.826822e-001  0.000000e+000  9.238800e-001
    outer loop
      vertex  2.002929e+002  1.000000e+000  4.470711e+001
      vertex  2.010000e+002  1.490000e+002  4.500000e+001
      vertex  2.002929e+002  1.490000e+002  4.470711e+001
    endloop
  endfacet
  facet normal -9.238800e-001  0.000000e+000  3.826822e-001
    outer loop
      vertex  2.002929e+002  1.000000e+000  4.470711e+001
      vertex  2.002929e+002  1.490000e+002  4.470711e+001
      vertex  2.000000e+002  1.000000e+000  4.400000e+001
    endloop
  endfacet
  facet normal -9.238800e-001  0.000000e+000  3.826822e-001
    outer loop
      vertex  2.000000e+002  1.000000e+000  4.400000e+001
      vertex  2.002929e+002  1.490000e+002  4.470711e+001
      vertex  2.000000e+002  1.490000e+002  4.400000e+001
    endloop
  endfacet
  facet normal -1.020035e-001  3.806865e-001  9.190609e-001
    outer loop
      vertex  1.990000e+002 -1.000000e+000  4.500000e+001
      vertex  1.996465e+002 -1.196784e-001  4.470711e+001
      vertex  1.990000e+002 -2.928932e-001  4.470711e+001
    endloop
  endfacet
  facet normal -1.758953e-001  4.246493e-001  8.881068e-001
    outer loop
      vertex  1.990000e+002 -1.000000e+000  4.500000e+001
      vertex  2.004142e+002 -4.142136e-001  4.500000e+001
      vertex  1.996465e+002 -1.196784e-001  4.470711e+001
    endloop
  endfacet
  facet normal -4.246455e-001  1.758935e-001  8.881091e-001
    outer loop
      vertex  2.010000e+002  1.000000e+000  4.500000e+001
      vertex  2.001197e+002  3.535534e-001  4.470711e+001
      vertex  2.004142e+002 -4.142136e-001  4.500000e+001
    endloop
  endfacet
  facet normal -3.806861e-001  1.020062e-001  9.190608e-001
    outer loop
      vertex  2.010000e+002  1.000000e+000  4.500000e+001
      vertex  2.002929e+002  1.000000e+000  4.470711e+001
      vertex  2.001197e+002  3.535534e-001  4.470711e+001
    endloop
  endfacet
  facet normal -8.968084e-001  2.403032e-001  3.714688e-001
    outer loop
      vertex  2.000000e+002  1.000000e+000  4.400000e+001
      vertex  2.001197e+002  3.535534e-001  4.470711e+001
      vertex  2.002929e+002  1.000000e+000  4.470711e+001
    endloop
  endfacet
  facet normal -8.242838e-001  3.414286e-001  4.516446e-001
    outer loop
      vertex  2.000000e+002  1.000000e+000  4.400000e+001
      vertex  1.997071e+002  2.928932e-001  4.400000e+001
      vertex  2.001197e+002  3.535534e-001  4.470711e+001
    endloop
  endfacet
  facet normal -3.414278e-001  8.242805e-001  4.516511e-001
    outer loop
      vertex  1.990000e+002  0.000000e+000  4.400000e+001
      vertex  1.996465e+002 -1.196784e-001  4.470711e+001
      vertex  1.997071e+002  2.928932e-001  4.400000e+001
    endloop
  endfacet
  facet normal -2.402967e-001  8.968095e-001  3.714703e-001
    outer loop
      vertex  1.990000e+002  0.000000e+000  4.400000e+001
      vertex  1.990000e+002 -2.928932e-001  4.470711e+001
      vertex  1.996465e+002 -1.196784e-001  4.470711e+001
    endloop
  endfacet
  facet normal -2.568810e-001  2.568750e-001  9.316799e-001
    outer loop
      vertex  2.004142e+002 -4.142136e-001  4.500000e+001
      vertex  2.001197e+002  3.535534e-001  4.470711e+001
      vertex  1.996465e+002 -1.196784e-001  4.470711e+001
    endloop
  endfacet
  facet normal -6.670178e-001  6.670023e-001  3.319568e-001
    outer loop
      vertex  2.001197e+002  3.535534e-001  4.470711e+001
      vertex  1.997071e+002  2.928932e-001  4.400000e+001
      vertex  1.996465e+002 -1.196784e-001  4.470711e+001
    endloop
  endfacet
  facet normal  0.000000e+000  3.826826e-001  9.238799e-001
    outer loop
      vertex  1.000000e+000 -1.000000e+000  4.500000e+001
      vertex  1.990000e+002 -1.000000e+000  4.500000e+001
      vertex  1.000000e+000 -2.928932e-001  4.470711e+001
    endloop
  endfacet
  facet normal  -0.000000e+000  3.826826e-001  9.238799e-001
    outer loop
      vertex  1.000000e+000 -2.928932e-001  4.470711e+001
      vertex  1.990000e+002 -1.000000e+000  4.500000e+001
      vertex  1.990000e+002 -2.928932e-001  4.470711e+001
    endloop
  endfacet
  facet normal  0.000000e+000  9.238797e-001  3.826831e-001
    outer loop
      vertex  1.000000e+000 -2.928932e-001  4.470711e+001
      vertex  1.990000e+002 -2.928932e-001  4.470711e+001
      vertex  1.000000e+000  0.000000e+000  4.400000e+001
    endloop
  endfacet
  facet normal  -0.000000e+000  9.238797e-001  3.826831e-001
    outer loop
      vertex  1.000000e+000  0.000000e+000  4.400000e+001
      vertex  1.990000e+002 -2.928932e-001  4.470711e+001
      vertex  1.990000e+002  0.000000e+000  4.400000e+001
    endloop
  endfacet
  facet normal  3.806865e-001  1.020046e-001  9.190609e-001
    outer loop
      vertex -1.000000e+000  1.000000e+000  4.500000e+001
      vertex -1.196784e-001  3.535534e-001  4.470711e+001
      vertex -2.928932e-001  1.000000e+000  4.470711e+001
    endloop
  endfacet
  facet normal  4.246478e-001  1.758949e-001  8.881076e-001
    outer loop
      vertex -1.000000e+000  1.000000e+000  4.500000e+001
      vertex -4.142136e-001 -4.142136e-001  4.500000e+001
      vertex -1.196784e-001  3.535534e-001  4.470711e+001
    endloop
  endfacet
  facet normal  1.758949e-001  4.246478e-001  8.881076e-001
    outer loop
      vertex  1.000000e+000 -1.000000e+000  4.500000e+001
      vertex  3.535534e-001 -1.196784e-001  4.470711e+001
      vertex -4.142136e-001 -4.142136e-001  4.500000e+001
    endloop
  endfacet
  facet normal  1.020046e-001  3.806865e-001  9.190609e-001
    outer loop
      vertex  1.000000e+000 -1.000000e+000  4.500000e+001
      vertex  1.000000e+000 -2.928932e-001  4.470711e+001
      vertex  3.535534e-001 -1.196784e-001  4.470711e+001
    endloop
  endfacet
  facet normal  2.402993e-001  8.968089e-001  3.714700e-001
    outer loop
      vertex  1.000000e+000  0.000000e+000  4.400000e+001
      vertex  3.535534e-001 -1.196784e-001  4.470711e+001
      vertex  1.000000e+000 -2.928932e-001  4.470711e+001
    endloop
  endfacet
  facet normal  3.414286e-001  8.242816e-001  4.516485e-001
    outer loop
      vertex  1.000000e+000  0.000000e+000  4.400000e+001
      vertex  2.928932e-001  2.928932e-001  4.400000e+001
      vertex  3.535534e-001 -1.196784e-001  4.470711e+001
    endloop
  endfacet
  facet normal  8.242816e-001  3.414286e-001  4.516484e-001
    outer loop
      vertex  0.000000e+000  1.000000e+000  4.400000e+001
      vertex -1.196784e-001  3.535534e-001  4.470711e+001
      vertex  2.928932e-001  2.928932e-001  4.400000e+001
    endloop
  endfacet
  facet normal  8.968089e-001  2.402993e-001  3.714700e-001
    outer loop
      vertex  0.000000e+000  1.000000e+000  4.400000e+001
      vertex -2.928932e-001  1.000000e+000  4.470711e+001
      vertex -1.196784e-001  3.535534e-001  4.470711e+001
    endloop
  endfacet
  facet normal  2.568780e-001  2.568780e-001  9.316799e-001
    outer loop
      vertex -4.142136e-001 -4.142136e-001  4.500000e+001
      vertex  3.535534e-001 -1.196784e-001  4.470711e+001
      vertex -1.196784e-001  3.535534e-001  4.470711e+001
    endloop
  endfacet
  facet normal  6.670102e-001  6.670102e-001  3.319559e-001
    outer loop
      vertex  3.535534e-001 -1.196784e-001  4.470711e+001
      vertex  2.928932e-001  2.928932e-001  4.400000e+001
      vertex -1.196784e-001  3.535534e-001  4.470711e+001
    endloop
  endfacet
  facet normal  3.826826e-001  -0.000000e+000  9.238800e-001
    outer loop
      vertex -1.000000e+000  1.490000e+002  4.500000e+001
      vertex -1.000000e+000  1.000000e+000  4.500000e+001
      vertex -2.928932e-001  1.490000e+002  4.470711e+001
    endloop
  endfacet
  facet normal  3.826826e-001  0.000000e+000  9.238800e-001
    outer loop
      vertex -2.928932e-001  1.490000e+002  4.470711e+001
      vertex -1.000000e+000  1.000000e+000  4.500000e+001
      vertex -2.928932e-001  1.000000e+000  4.470711e+001
    endloop
  endfacet
  facet normal  9.238797e-001  -0.000000e+000  3.826831e-001
    outer loop
      vertex -2.928932e-001  1.490000e+002  4.470711e+001
      vertex -2.928932e-001  1.000000e+000  4.470711e+001
      vertex  0.000000e+000  1.490000e+002  4.400000e+001
    endloop
  endfacet
  facet normal  9.238797e-001  0.000000e+000  3.826831e-001
    outer loop
      vertex  0.000000e+000  1.490000e+002  4.400000e+001
      vertex -2.928932e-001  1.000000e+000  4.470711e+001
      vertex  0.000000e+000  1.000000e+000  4.400000e+001
    endloop
  endfacet
  facet normal  0.000000e+000  3.826837e-001  9.238794e-001
    outer loop
      vertex  1.000000e+000  1.000000e+000  1.000000e+001
      vertex  1.000000e+000  2.928932e-001  1.029289e+001
      vertex  1.990000e+002  1.000000e+000  1.000000e+001
    endloop
  endfacet
  facet normal  0.000000e+000  3.826837e-001  9.238794e-001
    outer loop
      vertex  1.990000e+002  1.000000e+000  1.000000e+001
      vertex  1.000000e+000  2.928932e-001  1.029289e+001
      vertex  1.990000e+002  2.928932e-001  1.029289e+001
    endloop
  endfacet
  facet normal  0.000000e+000  9.238796e-001  3.826835e-001
    outer loop
      vertex  1.000000e+000  2.928932e-001  1.029289e+001
      vertex  1.000000e+000  0.000000e+000  1.100000e+001
      vertex  1.990000e+002  2.928932e-001  1.029289e+001
    endloop
  endfacet
  facet normal  0.000000e+000  9.238796e-001  3.826835e-001
    outer loop
      vertex  1.990000e+002  2.928932e-001  1.029289e+001
      vertex  1.000000e+000  0.000000e+000  1.100000e+001
      vertex  1.990000e+002  0.000000e+000  1.100000e+001
    endloop
  endfacet
  facet normal  0.000000e+000 -3.826833e-001  9.238796e-001
    outer loop
      vertex  1.990000e+002  1.490000e+002  1.000000e+001
      vertex  1.990000e+002  1.497071e+002  1.029289e+001
      vertex  1.000000e+000  1.490000e+002  1.000000e+001
    endloop
  endfacet
  facet normal  0.000000e+000 -3.826833e-001  9.238796e-001
    outer loop
      vertex  1.000000e+000  1.490000e+002  1.000000e+001
      vertex  1.990000e+002  1.497071e+002  1.029289e+001
      vertex  1.000000e+000  1.497071e+002  1.029289e+001
    endloop
  endfacet
  facet normal  0.000000e+000 -9.238798e-001  3.826827e-001
    outer loop
      vertex  1.990000e+002  1.497071e+002  1.029289e+001
      vertex  1.990000e+002  1.500000e+002  1.100000e+001
      vertex  1.000000e+000  1.497071e+002  1.029289e+001
    endloop
  endfacet
  facet normal  0.000000e+000 -9.238798e-001  3.826827e-001
    outer loop
      vertex  1.000000e+000  1.497071e+002  1.029289e+001
      vertex  1.990000e+002  1.500000e+002  1.100000e+001
      vertex  1.000000e+000  1.500000e+002  1.100000e+001
    endloop
  endfacet
  facet normal -9.124874e-001 -3.779633e-001  1.565581e-001
    outer loop
      vertex  1.997071e+002  1.497071e+002  1.100000e+001
      vertex  1.997071e+002  1.495000e+002  1.050000e+001
      vertex  2.000000e+002  1.490000e+002  1.100000e+001
    endloop
  endfacet
  facet normal -9.124874e-001 -1.565576e-001  3.779638e-001
    outer loop
      vertex  1.997071e+002  1.495000e+002  1.050000e+001
      vertex  1.997071e+002  1.490000e+002  1.029289e+001
      vertex  2.000000e+002  1.490000e+002  1.100000e+001
    endloop
  endfacet
  facet normal -3.574066e-001 -3.574065e-001  8.628563e-001
    outer loop
      vertex  1.997071e+002  1.490000e+002  1.029289e+001
      vertex  1.997071e+002  1.495000e+002  1.050000e+001
      vertex  1.990000e+002  1.490000e+002  1.000000e+001
    endloop
  endfacet
  facet normal -3.574065e-001 -3.574066e-001  8.628563e-001
    outer loop
      vertex  1.990000e+002  1.490000e+002  1.000000e+001
      vertex  1.997071e+002  1.495000e+002  1.050000e+001
      vertex  1.990000e+002  1.497071e+002  1.029289e+001
    endloop
  endfacet
  facet normal -3.574073e-001 -8.628555e-001  3.574077e-001
    outer loop
      vertex  1.997071e+002  1.495000e+002  1.050000e+001
      vertex  1.997071e+002  1.497071e+002  1.100000e+001
      vertex  1.990000e+002  1.497071e+002  1.029289e+001
    endloop
  endfacet
  facet normal -3.574057e-001 -8.628569e-001  3.574062e-001
    outer loop
      vertex  1.990000e+002  1.497071e+002  1.029289e+001
      vertex  1.997071e+002  1.497071e+002  1.100000e+001
      vertex  1.990000e+002  1.500000e+002  1.100000e+001
    endloop
  endfacet
  facet normal -9.238799e-001  0.000000e+000  3.826827e-001
    outer loop
      vertex  2.000000e+002  1.490000e+002  1.100000e+001
      vertex  1.997071e+002  1.490000e+002  1.029289e+001
      vertex  2.000000e+002  1.000000e+000  1.100000e+001
    endloop
  endfacet
  facet normal -9.238799e-001  0.000000e+000  3.826827e-001
    outer loop
      vertex  2.000000e+002  1.000000e+000  1.100000e+001
      vertex  1.997071e+002  1.490000e+002  1.029289e+001
      vertex  1.997071e+002  1.000000e+000  1.029289e+001
    endloop
  endfacet
  facet normal -3.826833e-001  0.000000e+000  9.238796e-001
    outer loop
      vertex  1.997071e+002  1.490000e+002  1.029289e+001
      vertex  1.990000e+002  1.490000e+002  1.000000e+001
      vertex  1.997071e+002  1.000000e+000  1.029289e+001
    endloop
  endfacet
  facet normal -3.826833e-001  0.000000e+000  9.238796e-001
    outer loop
      vertex  1.997071e+002  1.000000e+000  1.029289e+001
      vertex  1.990000e+002  1.490000e+002  1.000000e+001
      vertex  1.990000e+002  1.000000e+000  1.000000e+001
    endloop
  endfacet
  facet normal -9.124874e-001  1.565576e-001  3.779638e-001
    outer loop
      vertex  1.997071e+002  1.000000e+000  1.029289e+001
      vertex  1.997071e+002  5.000000e-001  1.050000e+001
      vertex  2.000000e+002  1.000000e+000  1.100000e+001
    endloop
  endfacet
  facet normal -9.124873e-001  3.779637e-001  1.565577e-001
    outer loop
      vertex  1.997071e+002  5.000000e-001  1.050000e+001
      vertex  1.997071e+002  2.928932e-001  1.100000e+001
      vertex  2.000000e+002  1.000000e+000  1.100000e+001
    endloop
  endfacet
  facet normal -3.574064e-001  8.628563e-001  3.574068e-001
    outer loop
      vertex  1.997071e+002  2.928932e-001  1.100000e+001
      vertex  1.997071e+002  5.000000e-001  1.050000e+001
      vertex  1.990000e+002  0.000000e+000  1.100000e+001
    endloop
  endfacet
  facet normal -3.574063e-001  8.628563e-001  3.574069e-001
    outer loop
      vertex  1.990000e+002  0.000000e+000  1.100000e+001
      vertex  1.997071e+002  5.000000e-001  1.050000e+001
      vertex  1.990000e+002  2.928932e-001  1.029289e+001
    endloop
  endfacet
  facet normal -3.574061e-001  3.574065e-001  8.628565e-001
    outer loop
      vertex  1.997071e+002  5.000000e-001  1.050000e+001
      vertex  1.997071e+002  1.000000e+000  1.029289e+001
      vertex  1.990000e+002  2.928932e-001  1.029289e+001
    endloop
  endfacet
  facet normal -3.574066e-001  3.574070e-001  8.628562e-001
    outer loop
      vertex  1.990000e+002  2.928932e-001  1.029289e+001
      vertex  1.997071e+002  1.000000e+000  1.029289e+001
      vertex  1.990000e+002  1.000000e+000  1.000000e+001
    endloop
  endfacet
  facet normal  9.124869e-001  3.779645e-001  1.565580e-001
    outer loop
      vertex  2.928932e-001  2.928932e-001  1.100000e+001
      vertex  2.928932e-001  5.000000e-001  1.050000e+001
      vertex  0.000000e+000  1.000000e+000  1.100000e+001
    endloop
  endfacet
  facet normal  9.124870e-001  1.565579e-001  3.779646e-001
    outer loop
      vertex  2.928932e-001  5.000000e-001  1.050000e+001
      vertex  2.928932e-001  1.000000e+000  1.029289e+001
      vertex  0.000000e+000  1.000000e+000  1.100000e+001
    endloop
  endfacet
  facet normal  3.574070e-001  3.574064e-001  8.628562e-001
    outer loop
      vertex  2.928932e-001  1.000000e+000  1.029289e+001
      vertex  2.928932e-001  5.000000e-001  1.050000e+001
      vertex  1.000000e+000  1.000000e+000  1.000000e+001
    endloop
  endfacet
  facet normal  3.574066e-001  3.574070e-001  8.628561e-001
    outer loop
      vertex  1.000000e+000  1.000000e+000  1.000000e+001
      vertex  2.928932e-001  5.000000e-001  1.050000e+001
      vertex  1.000000e+000  2.928932e-001  1.029289e+001
    endloop
  endfacet
  facet normal  3.574066e-001  8.628562e-001  3.574067e-001
    outer loop
      vertex  2.928932e-001  5.000000e-001  1.050000e+001
      vertex  2.928932e-001  2.928932e-001  1.100000e+001
      vertex  1.000000e+000  2.928932e-001  1.029289e+001
    endloop
  endfacet
  facet normal  3.574067e-001  8.628561e-001  3.574068e-001
    outer loop
      vertex  1.000000e+000  2.928932e-001  1.029289e+001
      vertex  2.928932e-001  2.928932e-001  1.100000e+001
      vertex  1.000000e+000  0.000000e+000  1.100000e+001
    endloop
  endfacet
  facet normal  3.826836e-001  0.000000e+000  9.238794e-001
    outer loop
      vertex  1.000000e+000  1.490000e+002  1.000000e+001
      vertex  2.928932e-001  1.490000e+002  1.029289e+001
      vertex  1.000000e+000  1.000000e+000  1.000000e+001
    endloop
  endfacet
  facet normal  3.826836e-001  0.000000e+000  9.238794e-001
    outer loop
      vertex  1.000000e+000  1.000000e+000  1.000000e+001
      vertex  2.928932e-001  1.490000e+002  1.029289e+001
      vertex  2.928932e-001  1.000000e+000  1.029289e+001
    endloop
  endfacet
  facet normal  9.238794e-001  0.000000e+000  3.826835e-001
    outer loop
      vertex  2.928932e-001  1.490000e+002  1.029289e+001
      vertex  0.000000e+000  1.490000e+002  1.100000e+001
      vertex  2.928932e-001  1.000000e+000  1.029289e+001
    endloop
  endfacet
  facet normal  9.238794e-001  0.000000e+000  3.826835e-001
    outer loop
      vertex  2.928932e-001  1.000000e+000  1.029289e+001
      vertex  0.000000e+000  1.490000e+002  1.100000e+001
      vertex  0.000000e+000  1.000000e+000  1.100000e+001
    endloop
  endfacet
  facet normal  9.124870e-001 -1.565579e-001  3.779646e-001
    outer loop
      vertex  2.928932e-001  1.490000e+002  1.029289e+001
      vertex  2.928932e-001  1.495000e+002  1.050000e+001
      vertex  0.000000e+000  1.490000e+002  1.100000e+001
    endloop
  endfacet
  facet normal  9.124870e-001 -3.779641e-001  1.565584e-001
    outer loop
      vertex  2.928932e-001  1.495000e+002  1.050000e+001
      vertex  2.928932e-001  1.497071e+002  1.100000e+001
      vertex  0.000000e+000  1.490000e+002  1.100000e+001
    endloop
  endfacet
  facet normal  3.574058e-001 -8.628561e-001  3.574080e-001
    outer loop
      vertex  2.928932e-001  1.497071e+002  1.100000e+001
      vertex  2.928932e-001  1.495000e+002  1.050000e+001
      vertex  1.000000e+000  1.500000e+002  1.100000e+001
    endloop
  endfacet
  facet normal  3.574074e-001 -8.628563e-001  3.574059e-001
    outer loop
      vertex  1.000000e+000  1.500000e+002  1.100000e+001
      vertex  2.928932e-001  1.495000e+002  1.050000e+001
      vertex  1.000000e+000  1.497071e+002  1.029289e+001
    endloop
  endfacet
  facet normal  3.574068e-001 -3.574064e-001  8.628562e-001
    outer loop
      vertex  2.928932e-001  1.495000e+002  1.050000e+001
      vertex  2.928932e-001  1.490000e+002  1.029289e+001
      vertex  1.000000e+000  1.497071e+002  1.029289e+001
    endloop
  endfacet
  facet normal  3.574070e-001 -3.574066e-001  8.628562e-001
    outer loop
      vertex  1.000000e+000  1.497071e+002  1.029289e+001
      vertex  2.928932e-001  1.490000e+002  1.029289e+001
      vertex  1.000000e+000  1.490000e+002  1.000000e+001
    endloop
  endfacet
  facet normal  3.797590e-001  1.233890e-001  9.168197e-001
    outer loop
      vertex  7.665000e+001  7.000000e+001  1.000000e+001
      vertex  7.767087e+001  6.903433e+001  9.707107e+000
      vertex  7.735711e+001  7.000000e+001  9.707107e+000
    endloop
  endfacet
  facet normal  4.201432e-001  1.740299e-001  8.906140e-001
    outer loop
      vertex  7.665000e+001  7.000000e+001  1.000000e+001
      vertex  7.733830e+001  6.833830e+001  1.000000e+001
      vertex  7.767087e+001  6.903433e+001  9.707107e+000
    endloop
  endfacet
  facet normal -4.201432e-001  1.740299e-001  8.906140e-001
    outer loop
      vertex  8.135000e+001  7.000000e+001  1.000000e+001
      vertex  8.032913e+001  6.903433e+001  9.707107e+000
      vertex  8.066170e+001  6.833830e+001  1.000000e+001
    endloop
  endfacet
  facet normal -3.797590e-001  1.233890e-001  9.168197e-001
    outer loop
      vertex  8.135000e+001  7.000000e+001  1.000000e+001
      vertex  8.064289e+001  7.000000e+001  9.707107e+000
      vertex  8.032913e+001  6.903433e+001  9.707107e+000
    endloop
  endfacet
  facet normal -8.848723e-001  2.875073e-001  3.665252e-001
    outer loop
      vertex  8.035000e+001  7.000000e+001  9.000000e+000
      vertex  8.032913e+001  6.903433e+001  9.707107e+000
      vertex  8.064289e+001  7.000000e+001  9.707107e+000
    endloop
  endfacet
  facet normal -8.278805e-001  3.429140e-001  4.438737e-001
    outer loop
      vertex  8.035000e+001  7.000000e+001  9.000000e+000
      vertex  7.995460e+001  6.904540e+001  9.000000e+000
      vertex  8.032913e+001  6.903433e+001  9.707107e+000
    endloop
  endfacet
  facet normal  8.278805e-001  3.429140e-001  4.438737e-001
    outer loop
      vertex  7.765000e+001  7.000000e+001  9.000000e+000
      vertex  7.767087e+001  6.903433e+001  9.707107e+000
      vertex  7.804540e+001  6.904540e+001  9.000000e+000
    endloop
  endfacet
  facet normal  8.848723e-001  2.875073e-001  3.665252e-001
    outer loop
      vertex  7.765000e+001  7.000000e+001  9.000000e+000
      vertex  7.735711e+001  7.000000e+001  9.707107e+000
      vertex  7.767087e+001  6.903433e+001  9.707107e+000
    endloop
  endfacet
  facet normal -5.591676e-001  7.696293e-001  3.082246e-001
    outer loop
      vertex  7.995460e+001  6.904540e+001  9.000000e+000
      vertex  7.950768e+001  6.843752e+001  9.707107e+000
      vertex  8.032913e+001  6.903433e+001  9.707107e+000
    endloop
  endfacet
  facet normal  -0.000000e+000  9.576941e-001  2.877881e-001
    outer loop
      vertex  7.900000e+001  6.865000e+001  9.000000e+000
      vertex  7.849232e+001  6.843752e+001  9.707107e+000
      vertex  7.950768e+001  6.843752e+001  9.707107e+000
    endloop
  endfacet
  facet normal -3.349716e-001  8.087057e-001  4.835172e-001
    outer loop
      vertex  7.900000e+001  6.865000e+001  9.000000e+000
      vertex  7.950768e+001  6.843752e+001  9.707107e+000
      vertex  7.995460e+001  6.904540e+001  9.000000e+000
    endloop
  endfacet
  facet normal -1.842236e-001  4.447528e-001  8.765025e-001
    outer loop
      vertex  7.950768e+001  6.843752e+001  9.707107e+000
      vertex  7.900000e+001  6.765000e+001  1.000000e+001
      vertex  8.066170e+001  6.833830e+001  1.000000e+001
    endloop
  endfacet
  facet normal -2.117157e-001  2.914021e-001  9.328780e-001
    outer loop
      vertex  7.950768e+001  6.843752e+001  9.707107e+000
      vertex  8.066170e+001  6.833830e+001  1.000000e+001
      vertex  8.032913e+001  6.903433e+001  9.707107e+000
    endloop
  endfacet
  facet normal  5.591676e-001  7.696293e-001  3.082246e-001
    outer loop
      vertex  7.804540e+001  6.904540e+001  9.000000e+000
      vertex  7.767087e+001  6.903433e+001  9.707107e+000
      vertex  7.849232e+001  6.843752e+001  9.707107e+000
    endloop
  endfacet
  facet normal  3.349716e-001  8.087057e-001  4.835172e-001
    outer loop
      vertex  7.804540e+001  6.904540e+001  9.000000e+000
      vertex  7.849232e+001  6.843752e+001  9.707107e+000
      vertex  7.900000e+001  6.865000e+001  9.000000e+000
    endloop
  endfacet
  facet normal  1.842236e-001  4.447528e-001  8.765025e-001
    outer loop
      vertex  7.849232e+001  6.843752e+001  9.707107e+000
      vertex  7.733830e+001  6.833830e+001  1.000000e+001
      vertex  7.900000e+001  6.765000e+001  1.000000e+001
    endloop
  endfacet
  facet normal  0.000000e+000  3.485926e-001  9.372744e-001
    outer loop
      vertex  7.849232e+001  6.843752e+001  9.707107e+000
      vertex  7.900000e+001  6.765000e+001  1.000000e+001
      vertex  7.950768e+001  6.843752e+001  9.707107e+000
    endloop
  endfacet
  facet normal  2.117157e-001  2.914021e-001  9.328780e-001
    outer loop
      vertex  7.767087e+001  6.903433e+001  9.707107e+000
      vertex  7.733830e+001  6.833830e+001  1.000000e+001
      vertex  7.849232e+001  6.843752e+001  9.707107e+000
    endloop
  endfacet
  facet normal -3.797590e-001 -1.233890e-001  9.168197e-001
    outer loop
      vertex  8.135000e+001  7.000000e+001  1.000000e+001
      vertex  8.032913e+001  7.096567e+001  9.707107e+000
      vertex  8.064289e+001  7.000000e+001  9.707107e+000
    endloop
  endfacet
  facet normal -4.201432e-001 -1.740299e-001  8.906140e-001
    outer loop
      vertex  8.135000e+001  7.000000e+001  1.000000e+001
      vertex  8.066170e+001  7.166170e+001  1.000000e+001
      vertex  8.032913e+001  7.096567e+001  9.707107e+000
    endloop
  endfacet
  facet normal  4.201432e-001 -1.740299e-001  8.906140e-001
    outer loop
      vertex  7.665000e+001  7.000000e+001  1.000000e+001
      vertex  7.767087e+001  7.096567e+001  9.707107e+000
      vertex  7.733830e+001  7.166170e+001  1.000000e+001
    endloop
  endfacet
  facet normal  3.797590e-001 -1.233890e-001  9.168197e-001
    outer loop
      vertex  7.665000e+001  7.000000e+001  1.000000e+001
      vertex  7.735711e+001  7.000000e+001  9.707107e+000
      vertex  7.767087e+001  7.096567e+001  9.707107e+000
    endloop
  endfacet
  facet normal  8.848723e-001 -2.875073e-001  3.665252e-001
    outer loop
      vertex  7.765000e+001  7.000000e+001  9.000000e+000
      vertex  7.767087e+001  7.096567e+001  9.707107e+000
      vertex  7.735711e+001  7.000000e+001  9.707107e+000
    endloop
  endfacet
  facet normal  8.278805e-001 -3.429140e-001  4.438737e-001
    outer loop
      vertex  7.765000e+001  7.000000e+001  9.000000e+000
      vertex  7.804540e+001  7.095460e+001  9.000000e+000
      vertex  7.767087e+001  7.096567e+001  9.707107e+000
    endloop
  endfacet
  facet normal -8.278805e-001 -3.429140e-001  4.438737e-001
    outer loop
      vertex  8.035000e+001  7.000000e+001  9.000000e+000
      vertex  8.032913e+001  7.096567e+001  9.707107e+000
      vertex  7.995460e+001  7.095460e+001  9.000000e+000
    endloop
  endfacet
  facet normal -8.848723e-001 -2.875073e-001  3.665252e-001
    outer loop
      vertex  8.035000e+001  7.000000e+001  9.000000e+000
      vertex  8.064289e+001  7.000000e+001  9.707107e+000
      vertex  8.032913e+001  7.096567e+001  9.707107e+000
    endloop
  endfacet
  facet normal  5.591676e-001 -7.696293e-001  3.082246e-001
    outer loop
      vertex  7.804540e+001  7.095460e+001  9.000000e+000
      vertex  7.849232e+001  7.156248e+001  9.707107e+000
      vertex  7.767087e+001  7.096567e+001  9.707107e+000
    endloop
  endfacet
  facet normal  0.000000e+000 -9.576941e-001  2.877881e-001
    outer loop
      vertex  7.900000e+001  7.135000e+001  9.000000e+000
      vertex  7.950768e+001  7.156248e+001  9.707107e+000
      vertex  7.849232e+001  7.156248e+001  9.707107e+000
    endloop
  endfacet
  facet normal  3.349716e-001 -8.087057e-001  4.835172e-001
    outer loop
      vertex  7.900000e+001  7.135000e+001  9.000000e+000
      vertex  7.849232e+001  7.156248e+001  9.707107e+000
      vertex  7.804540e+001  7.095460e+001  9.000000e+000
    endloop
  endfacet
  facet normal  1.842236e-001 -4.447528e-001  8.765025e-001
    outer loop
      vertex  7.849232e+001  7.156248e+001  9.707107e+000
      vertex  7.900000e+001  7.235000e+001  1.000000e+001
      vertex  7.733830e+001  7.166170e+001  1.000000e+001
    endloop
  endfacet
  facet normal  2.117157e-001 -2.914021e-001  9.328780e-001
    outer loop
      vertex  7.849232e+001  7.156248e+001  9.707107e+000
      vertex  7.733830e+001  7.166170e+001  1.000000e+001
      vertex  7.767087e+001  7.096567e+001  9.707107e+000
    endloop
  endfacet
  facet normal -5.591676e-001 -7.696293e-001  3.082246e-001
    outer loop
      vertex  7.995460e+001  7.095460e+001  9.000000e+000
      vertex  8.032913e+001  7.096567e+001  9.707107e+000
      vertex  7.950768e+001  7.156248e+001  9.707107e+000
    endloop
  endfacet
  facet normal -3.349716e-001 -8.087057e-001  4.835172e-001
    outer loop
      vertex  7.995460e+001  7.095460e+001  9.000000e+000
      vertex  7.950768e+001  7.156248e+001  9.707107e+000
      vertex  7.900000e+001  7.135000e+001  9.000000e+000
    endloop
  endfacet
  facet normal -1.842236e-001 -4.447528e-001  8.765025e-001
    outer loop
      vertex  7.950768e+001  7.156248e+001  9.707107e+000
      vertex  8.066170e+001  7.166170e+001  1.000000e+001
      vertex  7.900000e+001  7.235000e+001  1.000000e+001
    endloop
  endfacet
  facet normal  0.000000e+000 -3.485926e-001  9.372744e-001
    outer loop
      vertex  7.950768e+001  7.156248e+001  9.707107e+000
      vertex  7.900000e+001  7.235000e+001  1.000000e+001
      vertex  7.849232e+001  7.156248e+001  9.707107e+000
    endloop
  endfacet
  facet normal -2.117157e-001 -2.914021e-001  9.328780e-001
    outer loop
      vertex  8.032913e+001  7.096567e+001  9.707107e+000
      vertex  8.066170e+001  7.166170e+001  1.000000e+001
      vertex  7.950768e+001  7.156248e+001  9.707107e+000
    endloop
  endfacet
  facet normal  3.797590e-001  1.233890e-001  9.168197e-001
    outer loop
      vertex  7.665000e+001  1.280000e+002  1.000000e+001
      vertex  7.767087e+001  1.270343e+002  9.707107e+000
      vertex  7.735711e+001  1.280000e+002  9.707107e+000
    endloop
  endfacet
  facet normal  4.201432e-001  1.740299e-001  8.906140e-001
    outer loop
      vertex  7.665000e+001  1.280000e+002  1.000000e+001
      vertex  7.733830e+001  1.263383e+002  1.000000e+001
      vertex  7.767087e+001  1.270343e+002  9.707107e+000
    endloop
  endfacet
  facet normal -4.201432e-001  1.740299e-001  8.906140e-001
    outer loop
      vertex  8.135000e+001  1.280000e+002  1.000000e+001
      vertex  8.032913e+001  1.270343e+002  9.707107e+000
      vertex  8.066170e+001  1.263383e+002  1.000000e+001
    endloop
  endfacet
  facet normal -3.797590e-001  1.233890e-001  9.168197e-001
    outer loop
      vertex  8.135000e+001  1.280000e+002  1.000000e+001
      vertex  8.064289e+001  1.280000e+002  9.707107e+000
      vertex  8.032913e+001  1.270343e+002  9.707107e+000
    endloop
  endfacet
  facet normal -8.848723e-001  2.875073e-001  3.665252e-001
    outer loop
      vertex  8.035000e+001  1.280000e+002  9.000000e+000
      vertex  8.032913e+001  1.270343e+002  9.707107e+000
      vertex  8.064289e+001  1.280000e+002  9.707107e+000
    endloop
  endfacet
  facet normal -8.278805e-001  3.429140e-001  4.438737e-001
    outer loop
      vertex  8.035000e+001  1.280000e+002  9.000000e+000
      vertex  7.995460e+001  1.270454e+002  9.000000e+000
      vertex  8.032913e+001  1.270343e+002  9.707107e+000
    endloop
  endfacet
  facet normal  8.278805e-001  3.429140e-001  4.438737e-001
    outer loop
      vertex  7.765000e+001  1.280000e+002  9.000000e+000
      vertex  7.767087e+001  1.270343e+002  9.707107e+000
      vertex  7.804540e+001  1.270454e+002  9.000000e+000
    endloop
  endfacet
  facet normal  8.848723e-001  2.875073e-001  3.665252e-001
    outer loop
      vertex  7.765000e+001  1.280000e+002  9.000000e+000
      vertex  7.735711e+001  1.280000e+002  9.707107e+000
      vertex  7.767087e+001  1.270343e+002  9.707107e+000
    endloop
  endfacet
  facet normal -5.591676e-001  7.696293e-001  3.082246e-001
    outer loop
      vertex  7.995460e+001  1.270454e+002  9.000000e+000
      vertex  7.950768e+001  1.264375e+002  9.707107e+000
      vertex  8.032913e+001  1.270343e+002  9.707107e+000
    endloop
  endfacet
  facet normal  -0.000000e+000  9.576941e-001  2.877881e-001
    outer loop
      vertex  7.900000e+001  1.266500e+002  9.000000e+000
      vertex  7.849232e+001  1.264375e+002  9.707107e+000
      vertex  7.950768e+001  1.264375e+002  9.707107e+000
    endloop
  endfacet
  facet normal -3.349716e-001  8.087057e-001  4.835172e-001
    outer loop
      vertex  7.900000e+001  1.266500e+002  9.000000e+000
      vertex  7.950768e+001  1.264375e+002  9.707107e+000
      vertex  7.995460e+001  1.270454e+002  9.000000e+000
    endloop
  endfacet
  facet normal -1.842236e-001  4.447528e-001  8.765025e-001
    outer loop
      vertex  7.950768e+001  1.264375e+002  9.707107e+000
      vertex  7.900000e+001  1.256500e+002  1.000000e+001
      vertex  8.066170e+001  1.263383e+002  1.000000e+001
    endloop
  endfacet
  facet normal -2.117157e-001  2.914021e-001  9.328780e-001
    outer loop
      vertex  7.950768e+001  1.264375e+002  9.707107e+000
      vertex  8.066170e+001  1.263383e+002  1.000000e+001
      vertex  8.032913e+001  1.270343e+002  9.707107e+000
    endloop
  endfacet
  facet normal  5.591676e-001  7.696293e-001  3.082246e-001
    outer loop
      vertex  7.804540e+001  1.270454e+002  9.000000e+000
      vertex  7.767087e+001  1.270343e+002  9.707107e+000
      vertex  7.849232e+001  1.264375e+002  9.707107e+000
    endloop
  endfacet
  facet normal  3.349716e-001  8.087057e-001  4.835172e-001
    outer loop
      vertex  7.804540e+001  1.270454e+002  9.000000e+000
      vertex  7.849232e+001  1.264375e+002  9.707107e+000
      vertex  7.900000e+001  1.266500e+002  9.000000e+000
    endloop
  endfacet
  facet normal  1.842236e-001  4.447528e-001  8.765025e-001
    outer loop
      vertex  7.849232e+001  1.264375e+002  9.707107e+000
      vertex  7.733830e+001  1.263383e+002  1.000000e+001
      vertex  7.900000e+001  1.256500e+002  1.000000e+001
    endloop
  endfacet
  facet normal  0.000000e+000  3.485926e-001  9.372744e-001
    outer loop
      vertex  7.849232e+001  1.264375e+002  9.707107e+000
      vertex  7.900000e+001  1.256500e+002  1.000000e+001
      vertex  7.950768e+001  1.264375e+002  9.707107e+000
    endloop
  endfacet
  facet normal  2.117157e-001  2.914021e-001  9.328780e-001
    outer loop
      vertex  7.767087e+001  1.270343e+002  9.707107e+000
      vertex  7.733830e+001  1.263383e+002  1.000000e+001
      vertex  7.849232e+001  1.264375e+002  9.707107e+000
    endloop
  endfacet
  facet normal -3.797590e-001 -1.233890e-001  9.168197e-001
    outer loop
      vertex  8.135000e+001  1.280000e+002  1.000000e+001
      vertex  8.032913e+001  1.289657e+002  9.707107e+000
      vertex  8.064289e+001  1.280000e+002  9.707107e+000
    endloop
  endfacet
  facet normal -4.201432e-001 -1.740299e-001  8.906140e-001
    outer loop
      vertex  8.135000e+001  1.280000e+002  1.000000e+001
      vertex  8.066170e+001  1.296617e+002  1.000000e+001
      vertex  8.032913e+001  1.289657e+002  9.707107e+000
    endloop
  endfacet
  facet normal  4.201432e-001 -1.740299e-001  8.906140e-001
    outer loop
      vertex  7.665000e+001  1.280000e+002  1.000000e+001
      vertex  7.767087e+001  1.289657e+002  9.707107e+000
      vertex  7.733830e+001  1.296617e+002  1.000000e+001
    endloop
  endfacet
  facet normal  3.797590e-001 -1.233890e-001  9.168197e-001
    outer loop
      vertex  7.665000e+001  1.280000e+002  1.000000e+001
      vertex  7.735711e+001  1.280000e+002  9.707107e+000
      vertex  7.767087e+001  1.289657e+002  9.707107e+000
    endloop
  endfacet
  facet normal  8.848723e-001 -2.875073e-001  3.665252e-001
    outer loop
      vertex  7.765000e+001  1.280000e+002  9.000000e+000
      vertex  7.767087e+001  1.289657e+002  9.707107e+000
      vertex  7.735711e+001  1.280000e+002  9.707107e+000
    endloop
  endfacet
  facet normal  8.278784e-001 -3.429158e-001  4.438763e-001
    outer loop
      vertex  7.765000e+001  1.280000e+002  9.000000e+000
      vertex  7.804540e+001  1.289546e+002  9.000000e+000
      vertex  7.767087e+001  1.289657e+002  9.707107e+000
    endloop
  endfacet
  facet normal -8.278784e-001 -3.429158e-001  4.438763e-001
    outer loop
      vertex  8.035000e+001  1.280000e+002  9.000000e+000
      vertex  8.032913e+001  1.289657e+002  9.707107e+000
      vertex  7.995460e+001  1.289546e+002  9.000000e+000
    endloop
  endfacet
  facet normal -8.848723e-001 -2.875073e-001  3.665252e-001
    outer loop
      vertex  8.035000e+001  1.280000e+002  9.000000e+000
      vertex  8.064289e+001  1.280000e+002  9.707107e+000
      vertex  8.032913e+001  1.289657e+002  9.707107e+000
    endloop
  endfacet
  facet normal  5.591662e-001 -7.696273e-001  3.082320e-001
    outer loop
      vertex  7.804540e+001  1.289546e+002  9.000000e+000
      vertex  7.849232e+001  1.295625e+002  9.707107e+000
      vertex  7.767087e+001  1.289657e+002  9.707107e+000
    endloop
  endfacet
  facet normal  0.000000e+000 -9.576970e-001  2.877786e-001
    outer loop
      vertex  7.900000e+001  1.293500e+002  9.000000e+000
      vertex  7.950768e+001  1.295625e+002  9.707107e+000
      vertex  7.849232e+001  1.295625e+002  9.707107e+000
    endloop
  endfacet
  facet normal  3.349830e-001 -8.087021e-001  4.835155e-001
    outer loop
      vertex  7.900000e+001  1.293500e+002  9.000000e+000
      vertex  7.849232e+001  1.295625e+002  9.707107e+000
      vertex  7.804540e+001  1.289546e+002  9.000000e+000
    endloop
  endfacet
  facet normal  1.842242e-001 -4.447495e-001  8.765040e-001
    outer loop
      vertex  7.849232e+001  1.295625e+002  9.707107e+000
      vertex  7.900000e+001  1.303500e+002  1.000000e+001
      vertex  7.733830e+001  1.296617e+002  1.000000e+001
    endloop
  endfacet
  facet normal  2.117157e-001 -2.914021e-001  9.328780e-001
    outer loop
      vertex  7.849232e+001  1.295625e+002  9.707107e+000
      vertex  7.733830e+001  1.296617e+002  1.000000e+001
      vertex  7.767087e+001  1.289657e+002  9.707107e+000
    endloop
  endfacet
  facet normal -5.591662e-001 -7.696273e-001  3.082320e-001
    outer loop
      vertex  7.995460e+001  1.289546e+002  9.000000e+000
      vertex  8.032913e+001  1.289657e+002  9.707107e+000
      vertex  7.950768e+001  1.295625e+002  9.707107e+000
    endloop
  endfacet
  facet normal -3.349830e-001 -8.087021e-001  4.835155e-001
    outer loop
      vertex  7.995460e+001  1.289546e+002  9.000000e+000
      vertex  7.950768e+001  1.295625e+002  9.707107e+000
      vertex  7.900000e+001  1.293500e+002  9.000000e+000
    endloop
  endfacet
  facet normal -1.842242e-001 -4.447495e-001  8.765040e-001
    outer loop
      vertex  7.950768e+001  1.295625e+002  9.707107e+000
      vertex  8.066170e+001  1.296617e+002  1.000000e+001
      vertex  7.900000e+001  1.303500e+002  1.000000e+001
    endloop
  endfacet
  facet normal  0.000000e+000 -3.485897e-001  9.372755e-001
    outer loop
      vertex  7.950768e+001  1.295625e+002  9.707107e+000
      vertex  7.900000e+001  1.303500e+002  1.000000e+001
      vertex  7.849232e+001  1.295625e+002  9.707107e+000
    endloop
  endfacet
  facet normal -2.117157e-001 -2.914021e-001  9.328780e-001
    outer loop
      vertex  8.032913e+001  1.289657e+002  9.707107e+000
      vertex  8.066170e+001  1.296617e+002  1.000000e+001
      vertex  7.950768e+001  1.295625e+002  9.707107e+000
    endloop
  endfacet
  facet normal  3.797589e-001  1.233912e-001  9.168193e-001
    outer loop
      vertex  2.765000e+001  1.280000e+002  1.000000e+001
      vertex  2.867087e+001  1.270343e+002  9.707107e+000
      vertex  2.835711e+001  1.280000e+002  9.707107e+000
    endloop
  endfacet
  facet normal  4.201395e-001  1.740279e-001  8.906161e-001
    outer loop
      vertex  2.765000e+001  1.280000e+002  1.000000e+001
      vertex  2.833830e+001  1.263383e+002  1.000000e+001
      vertex  2.867087e+001  1.270343e+002  9.707107e+000
    endloop
  endfacet
  facet normal -4.201400e-001  1.740276e-001  8.906160e-001
    outer loop
      vertex  3.235000e+001  1.280000e+002  1.000000e+001
      vertex  3.132913e+001  1.270343e+002  9.707107e+000
      vertex  3.166170e+001  1.263383e+002  1.000000e+001
    endloop
  endfacet
  facet normal -3.797597e-001  1.233915e-001  9.168190e-001
    outer loop
      vertex  3.235000e+001  1.280000e+002  1.000000e+001
      vertex  3.164289e+001  1.280000e+002  9.707107e+000
      vertex  3.132913e+001  1.270343e+002  9.707107e+000
    endloop
  endfacet
  facet normal -8.848709e-001  2.875121e-001  3.665247e-001
    outer loop
      vertex  3.135000e+001  1.280000e+002  9.000000e+000
      vertex  3.132913e+001  1.270343e+002  9.707107e+000
      vertex  3.164289e+001  1.280000e+002  9.707107e+000
    endloop
  endfacet
  facet normal -8.278791e-001  3.429183e-001  4.438730e-001
    outer loop
      vertex  3.135000e+001  1.280000e+002  9.000000e+000
      vertex  3.095459e+001  1.270454e+002  9.000000e+000
      vertex  3.132913e+001  1.270343e+002  9.707107e+000
    endloop
  endfacet
  facet normal  8.278791e-001  3.429183e-001  4.438730e-001
    outer loop
      vertex  2.865000e+001  1.280000e+002  9.000000e+000
      vertex  2.867087e+001  1.270343e+002  9.707107e+000
      vertex  2.904541e+001  1.270454e+002  9.000000e+000
    endloop
  endfacet
  facet normal  8.848709e-001  2.875121e-001  3.665247e-001
    outer loop
      vertex  2.865000e+001  1.280000e+002  9.000000e+000
      vertex  2.835711e+001  1.280000e+002  9.707107e+000
      vertex  2.867087e+001  1.270343e+002  9.707107e+000
    endloop
  endfacet
  facet normal -5.591692e-001  7.696279e-001  3.082254e-001
    outer loop
      vertex  3.095459e+001  1.270454e+002  9.000000e+000
      vertex  3.050768e+001  1.264375e+002  9.707107e+000
      vertex  3.132913e+001  1.270343e+002  9.707107e+000
    endloop
  endfacet
  facet normal  -0.000000e+000  9.576941e-001  2.877881e-001
    outer loop
      vertex  3.000000e+001  1.266500e+002  9.000000e+000
      vertex  2.949232e+001  1.264375e+002  9.707107e+000
      vertex  3.050768e+001  1.264375e+002  9.707107e+000
    endloop
  endfacet
  facet normal -3.349727e-001  8.087050e-001  4.835177e-001
    outer loop
      vertex  3.000000e+001  1.266500e+002  9.000000e+000
      vertex  3.050768e+001  1.264375e+002  9.707107e+000
      vertex  3.095459e+001  1.270454e+002  9.000000e+000
    endloop
  endfacet
  facet normal -1.842231e-001  4.447525e-001  8.765028e-001
    outer loop
      vertex  3.050768e+001  1.264375e+002  9.707107e+000
      vertex  3.000000e+001  1.256500e+002  1.000000e+001
      vertex  3.166170e+001  1.263383e+002  1.000000e+001
    endloop
  endfacet
  facet normal -2.117153e-001  2.914002e-001  9.328786e-001
    outer loop
      vertex  3.050768e+001  1.264375e+002  9.707107e+000
      vertex  3.166170e+001  1.263383e+002  1.000000e+001
      vertex  3.132913e+001  1.270343e+002  9.707107e+000
    endloop
  endfacet
  facet normal  5.591692e-001  7.696279e-001  3.082254e-001
    outer loop
      vertex  2.904541e+001  1.270454e+002  9.000000e+000
      vertex  2.867087e+001  1.270343e+002  9.707107e+000
      vertex  2.949232e+001  1.264375e+002  9.707107e+000
    endloop
  endfacet
  facet normal  3.349727e-001  8.087050e-001  4.835177e-001
    outer loop
      vertex  2.904541e+001  1.270454e+002  9.000000e+000
      vertex  2.949232e+001  1.264375e+002  9.707107e+000
      vertex  3.000000e+001  1.266500e+002  9.000000e+000
    endloop
  endfacet
  facet normal  1.842231e-001  4.447525e-001  8.765028e-001
    outer loop
      vertex  2.949232e+001  1.264375e+002  9.707107e+000
      vertex  2.833830e+001  1.263383e+002  1.000000e+001
      vertex  3.000000e+001  1.256500e+002  1.000000e+001
    endloop
  endfacet
  facet normal  0.000000e+000  3.485926e-001  9.372744e-001
    outer loop
      vertex  2.949232e+001  1.264375e+002  9.707107e+000
      vertex  3.000000e+001  1.256500e+002  1.000000e+001
      vertex  3.050768e+001  1.264375e+002  9.707107e+000
    endloop
  endfacet
  facet normal  2.117153e-001  2.914002e-001  9.328786e-001
    outer loop
      vertex  2.867087e+001  1.270343e+002  9.707107e+000
      vertex  2.833830e+001  1.263383e+002  1.000000e+001
      vertex  2.949232e+001  1.264375e+002  9.707107e+000
    endloop
  endfacet
  facet normal -3.797597e-001 -1.233915e-001  9.168190e-001
    outer loop
      vertex  3.235000e+001  1.280000e+002  1.000000e+001
      vertex  3.132913e+001  1.289657e+002  9.707107e+000
      vertex  3.164289e+001  1.280000e+002  9.707107e+000
    endloop
  endfacet
  facet normal -4.201400e-001 -1.740276e-001  8.906160e-001
    outer loop
      vertex  3.235000e+001  1.280000e+002  1.000000e+001
      vertex  3.166170e+001  1.296617e+002  1.000000e+001
      vertex  3.132913e+001  1.289657e+002  9.707107e+000
    endloop
  endfacet
  facet normal  4.201395e-001 -1.740279e-001  8.906161e-001
    outer loop
      vertex  2.765000e+001  1.280000e+002  1.000000e+001
      vertex  2.867087e+001  1.289657e+002  9.707107e+000
      vertex  2.833830e+001  1.296617e+002  1.000000e+001
    endloop
  endfacet
  facet normal  3.797589e-001 -1.233912e-001  9.168193e-001
    outer loop
      vertex  2.765000e+001  1.280000e+002  1.000000e+001
      vertex  2.835711e+001  1.280000e+002  9.707107e+000
      vertex  2.867087e+001  1.289657e+002  9.707107e+000
    endloop
  endfacet
  facet normal  8.848709e-001 -2.875121e-001  3.665247e-001
    outer loop
      vertex  2.865000e+001  1.280000e+002  9.000000e+000
      vertex  2.867087e+001  1.289657e+002  9.707107e+000
      vertex  2.835711e+001  1.280000e+002  9.707107e+000
    endloop
  endfacet
  facet normal  8.278769e-001 -3.429201e-001  4.438756e-001
    outer loop
      vertex  2.865000e+001  1.280000e+002  9.000000e+000
      vertex  2.904541e+001  1.289546e+002  9.000000e+000
      vertex  2.867087e+001  1.289657e+002  9.707107e+000
    endloop
  endfacet
  facet normal -8.278769e-001 -3.429201e-001  4.438756e-001
    outer loop
      vertex  3.135000e+001  1.280000e+002  9.000000e+000
      vertex  3.132913e+001  1.289657e+002  9.707107e+000
      vertex  3.095459e+001  1.289546e+002  9.000000e+000
    endloop
  endfacet
  facet normal -8.848709e-001 -2.875121e-001  3.665247e-001
    outer loop
      vertex  3.135000e+001  1.280000e+002  9.000000e+000
      vertex  3.164289e+001  1.280000e+002  9.707107e+000
      vertex  3.132913e+001  1.289657e+002  9.707107e+000
    endloop
  endfacet
  facet normal  5.591677e-001 -7.696258e-001  3.082328e-001
    outer loop
      vertex  2.904541e+001  1.289546e+002  9.000000e+000
      vertex  2.949232e+001  1.295625e+002  9.707107e+000
      vertex  2.867087e+001  1.289657e+002  9.707107e+000
    endloop
  endfacet
  facet normal  0.000000e+000 -9.576970e-001  2.877786e-001
    outer loop
      vertex  3.000000e+001  1.293500e+002  9.000000e+000
      vertex  3.050768e+001  1.295625e+002  9.707107e+000
      vertex  2.949232e+001  1.295625e+002  9.707107e+000
    endloop
  endfacet
  facet normal  3.349841e-001 -8.087013e-001  4.835161e-001
    outer loop
      vertex  3.000000e+001  1.293500e+002  9.000000e+000
      vertex  2.949232e+001  1.295625e+002  9.707107e+000
      vertex  2.904541e+001  1.289546e+002  9.000000e+000
    endloop
  endfacet
  facet normal  1.842237e-001 -4.447493e-001  8.765043e-001
    outer loop
      vertex  2.949232e+001  1.295625e+002  9.707107e+000
      vertex  3.000000e+001  1.303500e+002  1.000000e+001
      vertex  2.833830e+001  1.296617e+002  1.000000e+001
    endloop
  endfacet
  facet normal  2.117153e-001 -2.914002e-001  9.328786e-001
    outer loop
      vertex  2.949232e+001  1.295625e+002  9.707107e+000
      vertex  2.833830e+001  1.296617e+002  1.000000e+001
      vertex  2.867087e+001  1.289657e+002  9.707107e+000
    endloop
  endfacet
  facet normal -5.591677e-001 -7.696258e-001  3.082328e-001
    outer loop
      vertex  3.095459e+001  1.289546e+002  9.000000e+000
      vertex  3.132913e+001  1.289657e+002  9.707107e+000
      vertex  3.050768e+001  1.295625e+002  9.707107e+000
    endloop
  endfacet
  facet normal -3.349841e-001 -8.087013e-001  4.835161e-001
    outer loop
      vertex  3.095459e+001  1.289546e+002  9.000000e+000
      vertex  3.050768e+001  1.295625e+002  9.707107e+000
      vertex  3.000000e+001  1.293500e+002  9.000000e+000
    endloop
  endfacet
  facet normal -1.842237e-001 -4.447493e-001  8.765043e-001
    outer loop
      vertex  3.050768e+001  1.295625e+002  9.707107e+000
      vertex  3.166170e+001  1.296617e+002  1.000000e+001
      vertex  3.000000e+001  1.303500e+002  1.000000e+001
    endloop
  endfacet
  facet normal  0.000000e+000 -3.485897e-001  9.372755e-001
    outer loop
      vertex  3.050768e+001  1.295625e+002  9.707107e+000
      vertex  3.000000e+001  1.303500e+002  1.000000e+001
      vertex  2.949232e+001  1.295625e+002  9.707107e+000
    endloop
  endfacet
  facet normal -2.117153e-001 -2.914002e-001  9.328786e-001
    outer loop
      vertex  3.132913e+001  1.289657e+002  9.707107e+000
      vertex  3.166170e+001  1.296617e+002  1.000000e+001
      vertex  3.050768e+001  1.295625e+002  9.707107e+000
    endloop
  endfacet
  facet normal  3.797589e-001  1.233912e-001  9.168193e-001
    outer loop
      vertex  2.765000e+001  7.000000e+001  1.000000e+001
      vertex  2.867087e+001  6.903433e+001  9.707107e+000
      vertex  2.835711e+001  7.000000e+001  9.707107e+000
    endloop
  endfacet
  facet normal  4.201395e-001  1.740279e-001  8.906161e-001
    outer loop
      vertex  2.765000e+001  7.000000e+001  1.000000e+001
      vertex  2.833830e+001  6.833830e+001  1.000000e+001
      vertex  2.867087e+001  6.903433e+001  9.707107e+000
    endloop
  endfacet
  facet normal -4.201400e-001  1.740276e-001  8.906160e-001
    outer loop
      vertex  3.235000e+001  7.000000e+001  1.000000e+001
      vertex  3.132913e+001  6.903433e+001  9.707107e+000
      vertex  3.166170e+001  6.833830e+001  1.000000e+001
    endloop
  endfacet
  facet normal -3.797597e-001  1.233915e-001  9.168190e-001
    outer loop
      vertex  3.235000e+001  7.000000e+001  1.000000e+001
      vertex  3.164289e+001  7.000000e+001  9.707107e+000
      vertex  3.132913e+001  6.903433e+001  9.707107e+000
    endloop
  endfacet
  facet normal -8.848709e-001  2.875121e-001  3.665247e-001
    outer loop
      vertex  3.135000e+001  7.000000e+001  9.000000e+000
      vertex  3.132913e+001  6.903433e+001  9.707107e+000
      vertex  3.164289e+001  7.000000e+001  9.707107e+000
    endloop
  endfacet
  facet normal -8.278791e-001  3.429183e-001  4.438730e-001
    outer loop
      vertex  3.135000e+001  7.000000e+001  9.000000e+000
      vertex  3.095459e+001  6.904540e+001  9.000000e+000
      vertex  3.132913e+001  6.903433e+001  9.707107e+000
    endloop
  endfacet
  facet normal  8.278791e-001  3.429183e-001  4.438730e-001
    outer loop
      vertex  2.865000e+001  7.000000e+001  9.000000e+000
      vertex  2.867087e+001  6.903433e+001  9.707107e+000
      vertex  2.904541e+001  6.904540e+001  9.000000e+000
    endloop
  endfacet
  facet normal  8.848709e-001  2.875121e-001  3.665247e-001
    outer loop
      vertex  2.865000e+001  7.000000e+001  9.000000e+000
      vertex  2.835711e+001  7.000000e+001  9.707107e+000
      vertex  2.867087e+001  6.903433e+001  9.707107e+000
    endloop
  endfacet
  facet normal -5.591692e-001  7.696279e-001  3.082254e-001
    outer loop
      vertex  3.095459e+001  6.904540e+001  9.000000e+000
      vertex  3.050768e+001  6.843752e+001  9.707107e+000
      vertex  3.132913e+001  6.903433e+001  9.707107e+000
    endloop
  endfacet
  facet normal  -0.000000e+000  9.576941e-001  2.877881e-001
    outer loop
      vertex  3.000000e+001  6.865000e+001  9.000000e+000
      vertex  2.949232e+001  6.843752e+001  9.707107e+000
      vertex  3.050768e+001  6.843752e+001  9.707107e+000
    endloop
  endfacet
  facet normal -3.349727e-001  8.087050e-001  4.835177e-001
    outer loop
      vertex  3.000000e+001  6.865000e+001  9.000000e+000
      vertex  3.050768e+001  6.843752e+001  9.707107e+000
      vertex  3.095459e+001  6.904540e+001  9.000000e+000
    endloop
  endfacet
  facet normal -1.842231e-001  4.447525e-001  8.765028e-001
    outer loop
      vertex  3.050768e+001  6.843752e+001  9.707107e+000
      vertex  3.000000e+001  6.765000e+001  1.000000e+001
      vertex  3.166170e+001  6.833830e+001  1.000000e+001
    endloop
  endfacet
  facet normal -2.117153e-001  2.914002e-001  9.328786e-001
    outer loop
      vertex  3.050768e+001  6.843752e+001  9.707107e+000
      vertex  3.166170e+001  6.833830e+001  1.000000e+001
      vertex  3.132913e+001  6.903433e+001  9.707107e+000
    endloop
  endfacet
  facet normal  5.591692e-001  7.696279e-001  3.082254e-001
    outer loop
      vertex  2.904541e+001  6.904540e+001  9.000000e+000
      vertex  2.867087e+001  6.903433e+001  9.707107e+000
      vertex  2.949232e+001  6.843752e+001  9.707107e+000
    endloop
  endfacet
  facet normal  3.349727e-001  8.087050e-001  4.835177e-001
    outer loop
      vertex  2.904541e+001  6.904540e+001  9.000000e+000
      vertex  2.949232e+001  6.843752e+001  9.707107e+000
      vertex  3.000000e+001  6.865000e+001  9.000000e+000
    endloop
  endfacet
  facet normal  1.842231e-001  4.447525e-001  8.765028e-001
    outer loop
      vertex  2.949232e+001  6.843752e+001  9.707107e+000
      vertex  2.833830e+001  6.833830e+001  1.000000e+001
      vertex  3.000000e+001  6.765000e+001  1.000000e+001
    endloop
  endfacet
  facet normal  0.000000e+000  3.485926e-001  9.372744e-001
    outer loop
      vertex  2.949232e+001  6.843752e+001  9.707107e+000
      vertex  3.000000e+001  6.765000e+001  1.000000e+001
      vertex  3.050768e+001  6.843752e+001  9.707107e+000
    endloop
  endfacet
  facet normal  2.117153e-001  2.914002e-001  9.328786e-001
    outer loop
      vertex  2.867087e+001  6.903433e+001  9.707107e+000
      vertex  2.833830e+001  6.833830e+001  1.000000e+001
      vertex  2.949232e+001  6.843752e+001  9.707107e+000
    endloop
  endfacet
  facet normal -3.797597e-001 -1.233915e-001  9.168190e-001
    outer loop
      vertex  3.235000e+001  7.000000e+001  1.000000e+001
      vertex  3.132913e+001  7.096567e+001  9.707107e+000
      vertex  3.164289e+001  7.000000e+001  9.707107e+000
    endloop
  endfacet
  facet normal -4.201400e-001 -1.740276e-001  8.906160e-001
    outer loop
      vertex  3.235000e+001  7.000000e+001  1.000000e+001
      vertex  3.166170e+001  7.166170e+001  1.000000e+001
      vertex  3.132913e+001  7.096567e+001  9.707107e+000
    endloop
  endfacet
  facet normal  4.201395e-001 -1.740279e-001  8.906161e-001
    outer loop
      vertex  2.765000e+001  7.000000e+001  1.000000e+001
      vertex  2.867087e+001  7.096567e+001  9.707107e+000
      vertex  2.833830e+001  7.166170e+001  1.000000e+001
    endloop
  endfacet
  facet normal  3.797589e-001 -1.233912e-001  9.168193e-001
    outer loop
      vertex  2.765000e+001  7.000000e+001  1.000000e+001
      vertex  2.835711e+001  7.000000e+001  9.707107e+000
      vertex  2.867087e+001  7.096567e+001  9.707107e+000
    endloop
  endfacet
  facet normal  8.848709e-001 -2.875121e-001  3.665247e-001
    outer loop
      vertex  2.865000e+001  7.000000e+001  9.000000e+000
      vertex  2.867087e+001  7.096567e+001  9.707107e+000
      vertex  2.835711e+001  7.000000e+001  9.707107e+000
    endloop
  endfacet
  facet normal  8.278791e-001 -3.429183e-001  4.438730e-001
    outer loop
      vertex  2.865000e+001  7.000000e+001  9.000000e+000
      vertex  2.904541e+001  7.095460e+001  9.000000e+000
      vertex  2.867087e+001  7.096567e+001  9.707107e+000
    endloop
  endfacet
  facet normal -8.278791e-001 -3.429183e-001  4.438730e-001
    outer loop
      vertex  3.135000e+001  7.000000e+001  9.000000e+000
      vertex  3.132913e+001  7.096567e+001  9.707107e+000
      vertex  3.095459e+001  7.095460e+001  9.000000e+000
    endloop
  endfacet
  facet normal -8.848709e-001 -2.875121e-001  3.665247e-001
    outer loop
      vertex  3.135000e+001  7.000000e+001  9.000000e+000
      vertex  3.164289e+001  7.000000e+001  9.707107e+000
      vertex  3.132913e+001  7.096567e+001  9.707107e+000
    endloop
  endfacet
  facet normal  5.591692e-001 -7.696279e-001  3.082254e-001
    outer loop
      vertex  2.904541e+001  7.095460e+001  9.000000e+000
      vertex  2.949232e+001  7.156248e+001  9.707107e+000
      vertex  2.867087e+001  7.096567e+001  9.707107e+000
    endloop
  endfacet
  facet normal  0.000000e+000 -9.576941e-001  2.877881e-001
    outer loop
      vertex  3.000000e+001  7.135000e+001  9.000000e+000
      vertex  3.050768e+001  7.156248e+001  9.707107e+000
      vertex  2.949232e+001  7.156248e+001  9.707107e+000
    endloop
  endfacet
  facet normal  3.349727e-001 -8.087050e-001  4.835177e-001
    outer loop
      vertex  3.000000e+001  7.135000e+001  9.000000e+000
      vertex  2.949232e+001  7.156248e+001  9.707107e+000
      vertex  2.904541e+001  7.095460e+001  9.000000e+000
    endloop
  endfacet
  facet normal  1.842231e-001 -4.447525e-001  8.765028e-001
    outer loop
      vertex  2.949232e+001  7.156248e+001  9.707107e+000
      vertex  3.000000e+001  7.235000e+001  1.000000e+001
      vertex  2.833830e+001  7.166170e+001  1.000000e+001
    endloop
  endfacet
  facet normal  2.117153e-001 -2.914002e-001  9.328786e-001
    outer loop
      vertex  2.949232e+001  7.156248e+001  9.707107e+000
      vertex  2.833830e+001  7.166170e+001  1.000000e+001
      vertex  2.867087e+001  7.096567e+001  9.707107e+000
    endloop
  endfacet
  facet normal -5.591692e-001 -7.696279e-001  3.082254e-001
    outer loop
      vertex  3.095459e+001  7.095460e+001  9.000000e+000
      vertex  3.132913e+001  7.096567e+001  9.707107e+000
      vertex  3.050768e+001  7.156248e+001  9.707107e+000
    endloop
  endfacet
  facet normal -3.349727e-001 -8.087050e-001  4.835177e-001
    outer loop
      vertex  3.095459e+001  7.095460e+001  9.000000e+000
      vertex  3.050768e+001  7.156248e+001  9.707107e+000
      vertex  3.000000e+001  7.135000e+001  9.000000e+000
    endloop
  endfacet
  facet normal -1.842231e-001 -4.447525e-001  8.765028e-001
    outer loop
      vertex  3.050768e+001  7.156248e+001  9.707107e+000
      vertex  3.166170e+001  7.166170e+001  1.000000e+001
      vertex  3.000000e+001  7.235000e+001  1.000000e+001
    endloop
  endfacet
  facet normal  0.000000e+000 -3.485926e-001  9.372744e-001
    outer loop
      vertex  3.050768e+001  7.156248e+001  9.707107e+000
      vertex  3.000000e+001  7.235000e+001  1.000000e+001
      vertex  2.949232e+001  7.156248e+001  9.707107e+000
    endloop
  endfacet
  facet normal -2.117153e-001 -2.914002e-001  9.328786e-001
    outer loop
      vertex  3.132913e+001  7.096567e+001  9.707107e+000
      vertex  3.166170e+001  7.166170e+001  1.000000e+001
      vertex  3.050768e+001  7.156248e+001  9.707107e+000
    endloop
  endfacet
  facet normal -8.848709e-001  2.875119e-001  3.665247e-001
    outer loop
      vertex  1.697000e+002  1.043560e+002  9.000000e+000
      vertex  1.696314e+002  1.032434e+002  9.707107e+000
      vertex  1.699929e+002  1.043560e+002  9.707107e+000
    endloop
  endfacet
  facet normal -8.221952e-001  3.405636e-001  4.560826e-001
    outer loop
      vertex  1.697000e+002  1.043560e+002  9.000000e+000
      vertex  1.692314e+002  1.032246e+002  9.000000e+000
      vertex  1.696314e+002  1.032434e+002  9.707107e+000
    endloop
  endfacet
  facet normal  8.221952e-001  3.405636e-001  4.560826e-001
    outer loop
      vertex  1.665000e+002  1.043560e+002  9.000000e+000
      vertex  1.665686e+002  1.032434e+002  9.707107e+000
      vertex  1.669686e+002  1.032246e+002  9.000000e+000
    endloop
  endfacet
  facet normal  8.848709e-001  2.875119e-001  3.665247e-001
    outer loop
      vertex  1.665000e+002  1.043560e+002  9.000000e+000
      vertex  1.662071e+002  1.043560e+002  9.707107e+000
      vertex  1.665686e+002  1.032434e+002  9.707107e+000
    endloop
  endfacet
  facet normal -5.612634e-001  7.725047e-001  2.970184e-001
    outer loop
      vertex  1.692314e+002  1.032246e+002  9.000000e+000
      vertex  1.686849e+002  1.025557e+002  9.707107e+000
      vertex  1.696314e+002  1.032434e+002  9.707107e+000
    endloop
  endfacet
  facet normal  -0.000000e+000  9.621618e-001  2.724789e-001
    outer loop
      vertex  1.681000e+002  1.027560e+002  9.000000e+000
      vertex  1.675151e+002  1.025557e+002  9.707107e+000
      vertex  1.686849e+002  1.025557e+002  9.707107e+000
    endloop
  endfacet
  facet normal -3.312968e-001  7.998047e-001  5.005546e-001
    outer loop
      vertex  1.681000e+002  1.027560e+002  9.000000e+000
      vertex  1.686849e+002  1.025557e+002  9.707107e+000
      vertex  1.692314e+002  1.032246e+002  9.000000e+000
    endloop
  endfacet
  facet normal  5.612634e-001  7.725047e-001  2.970184e-001
    outer loop
      vertex  1.669686e+002  1.032246e+002  9.000000e+000
      vertex  1.665686e+002  1.032434e+002  9.707107e+000
      vertex  1.675151e+002  1.025557e+002  9.707107e+000
    endloop
  endfacet
  facet normal  3.312922e-001  7.998044e-001  5.005579e-001
    outer loop
      vertex  1.669686e+002  1.032246e+002  9.000000e+000
      vertex  1.675151e+002  1.025557e+002  9.707107e+000
      vertex  1.681000e+002  1.027560e+002  9.000000e+000
    endloop
  endfacet
  facet normal -3.797590e-001  1.233899e-001  9.168196e-001
    outer loop
      vertex  1.707000e+002  1.043560e+002  1.000000e+001
      vertex  1.699929e+002  1.043560e+002  9.707107e+000
      vertex  1.702034e+002  1.028278e+002  1.000000e+001
    endloop
  endfacet
  facet normal -3.797566e-001  1.233904e-001  9.168204e-001
    outer loop
      vertex  1.702034e+002  1.028278e+002  1.000000e+001
      vertex  1.699929e+002  1.043560e+002  9.707107e+000
      vertex  1.696314e+002  1.032434e+002  9.707107e+000
    endloop
  endfacet
  facet normal -2.347027e-001  3.230419e-001  9.168199e-001
    outer loop
      vertex  1.702034e+002  1.028278e+002  1.000000e+001
      vertex  1.696314e+002  1.032434e+002  9.707107e+000
      vertex  1.689034e+002  1.018833e+002  1.000000e+001
    endloop
  endfacet
  facet normal -2.347077e-001  3.230441e-001  9.168177e-001
    outer loop
      vertex  1.689034e+002  1.018833e+002  1.000000e+001
      vertex  1.696314e+002  1.032434e+002  9.707107e+000
      vertex  1.686849e+002  1.025557e+002  9.707107e+000
    endloop
  endfacet
  facet normal  0.000000e+000  3.993053e-001  9.168181e-001
    outer loop
      vertex  1.689034e+002  1.018833e+002  1.000000e+001
      vertex  1.686849e+002  1.025557e+002  9.707107e+000
      vertex  1.672966e+002  1.018833e+002  1.000000e+001
    endloop
  endfacet
  facet normal  0.000000e+000  3.993052e-001  9.168180e-001
    outer loop
      vertex  1.672966e+002  1.018833e+002  1.000000e+001
      vertex  1.686849e+002  1.025557e+002  9.707107e+000
      vertex  1.675151e+002  1.025557e+002  9.707107e+000
    endloop
  endfacet
  facet normal  2.347051e-001  3.230451e-001  9.168181e-001
    outer loop
      vertex  1.672966e+002  1.018833e+002  1.000000e+001
      vertex  1.675151e+002  1.025557e+002  9.707107e+000
      vertex  1.659966e+002  1.028278e+002  1.000000e+001
    endloop
  endfacet
  facet normal  2.347045e-001  3.230396e-001  9.168202e-001
    outer loop
      vertex  1.659966e+002  1.028278e+002  1.000000e+001
      vertex  1.675151e+002  1.025557e+002  9.707107e+000
      vertex  1.665686e+002  1.032434e+002  9.707107e+000
    endloop
  endfacet
  facet normal  3.797573e-001  1.233894e-001  9.168203e-001
    outer loop
      vertex  1.659966e+002  1.028278e+002  1.000000e+001
      vertex  1.665686e+002  1.032434e+002  9.707107e+000
      vertex  1.655000e+002  1.043560e+002  1.000000e+001
    endloop
  endfacet
  facet normal  3.797589e-001  1.233911e-001  9.168195e-001
    outer loop
      vertex  1.655000e+002  1.043560e+002  1.000000e+001
      vertex  1.665686e+002  1.032434e+002  9.707107e+000
      vertex  1.662071e+002  1.043560e+002  9.707107e+000
    endloop
  endfacet
  facet normal  8.848704e-001 -2.875137e-001  3.665245e-001
    outer loop
      vertex  1.665000e+002  1.043560e+002  9.000000e+000
      vertex  1.665686e+002  1.054686e+002  9.707107e+000
      vertex  1.662071e+002  1.043560e+002  9.707107e+000
    endloop
  endfacet
  facet normal  8.221967e-001 -3.405642e-001  4.560797e-001
    outer loop
      vertex  1.665000e+002  1.043560e+002  9.000000e+000
      vertex  1.669686e+002  1.054874e+002  9.000000e+000
      vertex  1.665686e+002  1.054686e+002  9.707107e+000
    endloop
  endfacet
  facet normal -8.221967e-001 -3.405642e-001  4.560797e-001
    outer loop
      vertex  1.697000e+002  1.043560e+002  9.000000e+000
      vertex  1.696314e+002  1.054686e+002  9.707107e+000
      vertex  1.692314e+002  1.054874e+002  9.000000e+000
    endloop
  endfacet
  facet normal -8.848704e-001 -2.875137e-001  3.665245e-001
    outer loop
      vertex  1.697000e+002  1.043560e+002  9.000000e+000
      vertex  1.699929e+002  1.043560e+002  9.707107e+000
      vertex  1.696314e+002  1.054686e+002  9.707107e+000
    endloop
  endfacet
  facet normal  5.612648e-001 -7.725066e-001  2.970108e-001
    outer loop
      vertex  1.669686e+002  1.054874e+002  9.000000e+000
      vertex  1.675151e+002  1.061563e+002  9.707107e+000
      vertex  1.665686e+002  1.054686e+002  9.707107e+000
    endloop
  endfacet
  facet normal  0.000000e+000 -9.621618e-001  2.724789e-001
    outer loop
      vertex  1.681000e+002  1.059560e+002  9.000000e+000
      vertex  1.686849e+002  1.061563e+002  9.707107e+000
      vertex  1.675151e+002  1.061563e+002  9.707107e+000
    endloop
  endfacet
  facet normal  3.312882e-001 -7.998077e-001  5.005555e-001
    outer loop
      vertex  1.681000e+002  1.059560e+002  9.000000e+000
      vertex  1.675151e+002  1.061563e+002  9.707107e+000
      vertex  1.669686e+002  1.054874e+002  9.000000e+000
    endloop
  endfacet
  facet normal -5.612648e-001 -7.725066e-001  2.970108e-001
    outer loop
      vertex  1.692314e+002  1.054874e+002  9.000000e+000
      vertex  1.696314e+002  1.054686e+002  9.707107e+000
      vertex  1.686849e+002  1.061563e+002  9.707107e+000
    endloop
  endfacet
  facet normal -3.312927e-001 -7.998078e-001  5.005521e-001
    outer loop
      vertex  1.692314e+002  1.054874e+002  9.000000e+000
      vertex  1.686849e+002  1.061563e+002  9.707107e+000
      vertex  1.681000e+002  1.059560e+002  9.000000e+000
    endloop
  endfacet
  facet normal  3.797589e-001 -1.233905e-001  9.168195e-001
    outer loop
      vertex  1.655000e+002  1.043560e+002  1.000000e+001
      vertex  1.662071e+002  1.043560e+002  9.707107e+000
      vertex  1.659966e+002  1.058842e+002  1.000000e+001
    endloop
  endfacet
  facet normal  3.797562e-001 -1.233911e-001  9.168205e-001
    outer loop
      vertex  1.659966e+002  1.058842e+002  1.000000e+001
      vertex  1.662071e+002  1.043560e+002  9.707107e+000
      vertex  1.665686e+002  1.054686e+002  9.707107e+000
    endloop
  endfacet
  facet normal  2.347037e-001 -3.230406e-001  9.168200e-001
    outer loop
      vertex  1.659966e+002  1.058842e+002  1.000000e+001
      vertex  1.665686e+002  1.054686e+002  9.707107e+000
      vertex  1.672966e+002  1.068288e+002  1.000000e+001
    endloop
  endfacet
  facet normal  2.347059e-001 -3.230416e-001  9.168191e-001
    outer loop
      vertex  1.672966e+002  1.068288e+002  1.000000e+001
      vertex  1.665686e+002  1.054686e+002  9.707107e+000
      vertex  1.675151e+002  1.061563e+002  9.707107e+000
    endloop
  endfacet
  facet normal  0.000000e+000 -3.993014e-001  9.168197e-001
    outer loop
      vertex  1.672966e+002  1.068288e+002  1.000000e+001
      vertex  1.675151e+002  1.061563e+002  9.707107e+000
      vertex  1.689034e+002  1.068288e+002  1.000000e+001
    endloop
  endfacet
  facet normal  0.000000e+000 -3.993014e-001  9.168197e-001
    outer loop
      vertex  1.689034e+002  1.068288e+002  1.000000e+001
      vertex  1.675151e+002  1.061563e+002  9.707107e+000
      vertex  1.686849e+002  1.061563e+002  9.707107e+000
    endloop
  endfacet
  facet normal -2.347047e-001 -3.230420e-001  9.168192e-001
    outer loop
      vertex  1.689034e+002  1.068288e+002  1.000000e+001
      vertex  1.686849e+002  1.061563e+002  9.707107e+000
      vertex  1.702034e+002  1.058842e+002  1.000000e+001
    endloop
  endfacet
  facet normal -2.347045e-001 -3.230396e-001  9.168202e-001
    outer loop
      vertex  1.702034e+002  1.058842e+002  1.000000e+001
      vertex  1.686849e+002  1.061563e+002  9.707107e+000
      vertex  1.696314e+002  1.054686e+002  9.707107e+000
    endloop
  endfacet
  facet normal -3.797570e-001 -1.233899e-001  9.168203e-001
    outer loop
      vertex  1.702034e+002  1.058842e+002  1.000000e+001
      vertex  1.696314e+002  1.054686e+002  9.707107e+000
      vertex  1.707000e+002  1.043560e+002  1.000000e+001
    endloop
  endfacet
  facet normal -3.797588e-001 -1.233919e-001  9.168193e-001
    outer loop
      vertex  1.707000e+002  1.043560e+002  1.000000e+001
      vertex  1.696314e+002  1.054686e+002  9.707107e+000
      vertex  1.699929e+002  1.043560e+002  9.707107e+000
    endloop
  endfacet
  facet normal -8.848707e-001  2.875128e-001  3.665246e-001
    outer loop
      vertex  1.316000e+002  5.000000e+001  9.000000e+000
      vertex  1.315314e+002  4.888739e+001  9.707107e+000
      vertex  1.318929e+002  5.000000e+001  9.707107e+000
    endloop
  endfacet
  facet normal -8.221959e-001  3.405639e-001  4.560812e-001
    outer loop
      vertex  1.316000e+002  5.000000e+001  9.000000e+000
      vertex  1.311314e+002  4.886863e+001  9.000000e+000
      vertex  1.315314e+002  4.888739e+001  9.707107e+000
    endloop
  endfacet
  facet normal  8.221959e-001  3.405639e-001  4.560812e-001
    outer loop
      vertex  1.284000e+002  5.000000e+001  9.000000e+000
      vertex  1.284686e+002  4.888739e+001  9.707107e+000
      vertex  1.288686e+002  4.886863e+001  9.000000e+000
    endloop
  endfacet
  facet normal  8.848707e-001  2.875128e-001  3.665246e-001
    outer loop
      vertex  1.284000e+002  5.000000e+001  9.000000e+000
      vertex  1.281071e+002  5.000000e+001  9.707107e+000
      vertex  1.284686e+002  4.888739e+001  9.707107e+000
    endloop
  endfacet
  facet normal -5.612569e-001  7.725124e-001  2.970104e-001
    outer loop
      vertex  1.311314e+002  4.886863e+001  9.000000e+000
      vertex  1.305849e+002  4.819975e+001  9.707107e+000
      vertex  1.315314e+002  4.888739e+001  9.707107e+000
    endloop
  endfacet
  facet normal  -0.000000e+000  9.621617e-001  2.724789e-001
    outer loop
      vertex  1.300000e+002  4.840000e+001  9.000000e+000
      vertex  1.294151e+002  4.819975e+001  9.707107e+000
      vertex  1.305849e+002  4.819975e+001  9.707107e+000
    endloop
  endfacet
  facet normal -3.312894e-001  7.998105e-001  5.005501e-001
    outer loop
      vertex  1.300000e+002  4.840000e+001  9.000000e+000
      vertex  1.305849e+002  4.819975e+001  9.707107e+000
      vertex  1.311314e+002  4.886863e+001  9.000000e+000
    endloop
  endfacet
  facet normal  5.612569e-001  7.725124e-001  2.970104e-001
    outer loop
      vertex  1.288686e+002  4.886863e+001  9.000000e+000
      vertex  1.284686e+002  4.888739e+001  9.707107e+000
      vertex  1.294151e+002  4.819975e+001  9.707107e+000
    endloop
  endfacet
  facet normal  3.312894e-001  7.998105e-001  5.005501e-001
    outer loop
      vertex  1.288686e+002  4.886863e+001  9.000000e+000
      vertex  1.294151e+002  4.819975e+001  9.707107e+000
      vertex  1.300000e+002  4.840000e+001  9.000000e+000
    endloop
  endfacet
  facet normal -3.797587e-001  1.233939e-001  9.168192e-001
    outer loop
      vertex  1.326000e+002  5.000000e+001  1.000000e+001
      vertex  1.318929e+002  5.000000e+001  9.707107e+000
      vertex  1.321034e+002  4.847176e+001  1.000000e+001
    endloop
  endfacet
  facet normal -3.797633e-001  1.233930e-001  9.168174e-001
    outer loop
      vertex  1.321034e+002  4.847176e+001  1.000000e+001
      vertex  1.318929e+002  5.000000e+001  9.707107e+000
      vertex  1.315314e+002  4.888739e+001  9.707107e+000
    endloop
  endfacet
  facet normal -2.347073e-001  3.230430e-001  9.168183e-001
    outer loop
      vertex  1.321034e+002  4.847176e+001  1.000000e+001
      vertex  1.315314e+002  4.888739e+001  9.707107e+000
      vertex  1.308035e+002  4.752725e+001  1.000000e+001
    endloop
  endfacet
  facet normal -2.346993e-001  3.230394e-001  9.168215e-001
    outer loop
      vertex  1.308035e+002  4.752725e+001  1.000000e+001
      vertex  1.315314e+002  4.888739e+001  9.707107e+000
      vertex  1.305849e+002  4.819975e+001  9.707107e+000
    endloop
  endfacet
  facet normal  0.000000e+000  3.993014e-001  9.168197e-001
    outer loop
      vertex  1.308035e+002  4.752725e+001  1.000000e+001
      vertex  1.305849e+002  4.819975e+001  9.707107e+000
      vertex  1.291965e+002  4.752725e+001  1.000000e+001
    endloop
  endfacet
  facet normal  0.000000e+000  3.993014e-001  9.168197e-001
    outer loop
      vertex  1.291965e+002  4.752725e+001  1.000000e+001
      vertex  1.305849e+002  4.819975e+001  9.707107e+000
      vertex  1.294151e+002  4.819975e+001  9.707107e+000
    endloop
  endfacet
  facet normal  2.347024e-001  3.230383e-001  9.168211e-001
    outer loop
      vertex  1.291965e+002  4.752725e+001  1.000000e+001
      vertex  1.294151e+002  4.819975e+001  9.707107e+000
      vertex  1.278966e+002  4.847176e+001  1.000000e+001
    endloop
  endfacet
  facet normal  2.347031e-001  3.230448e-001  9.168187e-001
    outer loop
      vertex  1.278966e+002  4.847176e+001  1.000000e+001
      vertex  1.294151e+002  4.819975e+001  9.707107e+000
      vertex  1.284686e+002  4.888739e+001  9.707107e+000
    endloop
  endfacet
  facet normal  3.797606e-001  1.233907e-001  9.168187e-001
    outer loop
      vertex  1.278966e+002  4.847176e+001  1.000000e+001
      vertex  1.284686e+002  4.888739e+001  9.707107e+000
      vertex  1.274000e+002  5.000000e+001  1.000000e+001
    endloop
  endfacet
  facet normal  3.797623e-001  1.233926e-001  9.168177e-001
    outer loop
      vertex  1.274000e+002  5.000000e+001  1.000000e+001
      vertex  1.284686e+002  4.888739e+001  9.707107e+000
      vertex  1.281071e+002  5.000000e+001  9.707107e+000
    endloop
  endfacet
  facet normal  8.848707e-001 -2.875128e-001  3.665246e-001
    outer loop
      vertex  1.284000e+002  5.000000e+001  9.000000e+000
      vertex  1.284686e+002  5.111261e+001  9.707107e+000
      vertex  1.281071e+002  5.000000e+001  9.707107e+000
    endloop
  endfacet
  facet normal  8.221959e-001 -3.405639e-001  4.560812e-001
    outer loop
      vertex  1.284000e+002  5.000000e+001  9.000000e+000
      vertex  1.288686e+002  5.113137e+001  9.000000e+000
      vertex  1.284686e+002  5.111261e+001  9.707107e+000
    endloop
  endfacet
  facet normal -8.221959e-001 -3.405639e-001  4.560812e-001
    outer loop
      vertex  1.316000e+002  5.000000e+001  9.000000e+000
      vertex  1.315314e+002  5.111261e+001  9.707107e+000
      vertex  1.311314e+002  5.113137e+001  9.000000e+000
    endloop
  endfacet
  facet normal -8.848707e-001 -2.875128e-001  3.665246e-001
    outer loop
      vertex  1.316000e+002  5.000000e+001  9.000000e+000
      vertex  1.318929e+002  5.000000e+001  9.707107e+000
      vertex  1.315314e+002  5.111261e+001  9.707107e+000
    endloop
  endfacet
  facet normal  5.612569e-001 -7.725124e-001  2.970104e-001
    outer loop
      vertex  1.288686e+002  5.113137e+001  9.000000e+000
      vertex  1.294151e+002  5.180025e+001  9.707107e+000
      vertex  1.284686e+002  5.111261e+001  9.707107e+000
    endloop
  endfacet
  facet normal  0.000000e+000 -9.621617e-001  2.724789e-001
    outer loop
      vertex  1.300000e+002  5.160000e+001  9.000000e+000
      vertex  1.305849e+002  5.180025e+001  9.707107e+000
      vertex  1.294151e+002  5.180025e+001  9.707107e+000
    endloop
  endfacet
  facet normal  3.312894e-001 -7.998105e-001  5.005501e-001
    outer loop
      vertex  1.300000e+002  5.160000e+001  9.000000e+000
      vertex  1.294151e+002  5.180025e+001  9.707107e+000
      vertex  1.288686e+002  5.113137e+001  9.000000e+000
    endloop
  endfacet
  facet normal -5.612569e-001 -7.725124e-001  2.970104e-001
    outer loop
      vertex  1.311314e+002  5.113137e+001  9.000000e+000
      vertex  1.315314e+002  5.111261e+001  9.707107e+000
      vertex  1.305849e+002  5.180025e+001  9.707107e+000
    endloop
  endfacet
  facet normal -3.312894e-001 -7.998105e-001  5.005501e-001
    outer loop
      vertex  1.311314e+002  5.113137e+001  9.000000e+000
      vertex  1.305849e+002  5.180025e+001  9.707107e+000
      vertex  1.300000e+002  5.160000e+001  9.000000e+000
    endloop
  endfacet
  facet normal  3.797624e-001 -1.233913e-001  9.168179e-001
    outer loop
      vertex  1.274000e+002  5.000000e+001  1.000000e+001
      vertex  1.281071e+002  5.000000e+001  9.707107e+000
      vertex  1.278966e+002  5.152824e+001  1.000000e+001
    endloop
  endfacet
  facet normal  3.797599e-001 -1.233918e-001  9.168189e-001
    outer loop
      vertex  1.278966e+002  5.152824e+001  1.000000e+001
      vertex  1.281071e+002  5.000000e+001  9.707107e+000
      vertex  1.284686e+002  5.111261e+001  9.707107e+000
    endloop
  endfacet
  facet normal  2.347053e-001 -3.230422e-001  9.168191e-001
    outer loop
      vertex  1.278966e+002  5.152824e+001  1.000000e+001
      vertex  1.284686e+002  5.111261e+001  9.707107e+000
      vertex  1.291965e+002  5.247275e+001  1.000000e+001
    endloop
  endfacet
  facet normal  2.346993e-001 -3.230394e-001  9.168215e-001
    outer loop
      vertex  1.291965e+002  5.247275e+001  1.000000e+001
      vertex  1.284686e+002  5.111261e+001  9.707107e+000
      vertex  1.294151e+002  5.180025e+001  9.707107e+000
    endloop
  endfacet
  facet normal  0.000000e+000 -3.993014e-001  9.168197e-001
    outer loop
      vertex  1.291965e+002  5.247275e+001  1.000000e+001
      vertex  1.294151e+002  5.180025e+001  9.707107e+000
      vertex  1.308035e+002  5.247275e+001  1.000000e+001
    endloop
  endfacet
  facet normal  0.000000e+000 -3.993014e-001  9.168197e-001
    outer loop
      vertex  1.308035e+002  5.247275e+001  1.000000e+001
      vertex  1.294151e+002  5.180025e+001  9.707107e+000
      vertex  1.305849e+002  5.180025e+001  9.707107e+000
    endloop
  endfacet
  facet normal -2.347035e-001 -3.230379e-001  9.168210e-001
    outer loop
      vertex  1.308035e+002  5.247275e+001  1.000000e+001
      vertex  1.305849e+002  5.180025e+001  9.707107e+000
      vertex  1.321034e+002  5.152824e+001  1.000000e+001
    endloop
  endfacet
  facet normal -2.347044e-001 -3.230465e-001  9.168177e-001
    outer loop
      vertex  1.321034e+002  5.152824e+001  1.000000e+001
      vertex  1.305849e+002  5.180025e+001  9.707107e+000
      vertex  1.315314e+002  5.111261e+001  9.707107e+000
    endloop
  endfacet
  facet normal -3.797620e-001 -1.233950e-001  9.168176e-001
    outer loop
      vertex  1.321034e+002  5.152824e+001  1.000000e+001
      vertex  1.315314e+002  5.111261e+001  9.707107e+000
      vertex  1.326000e+002  5.000000e+001  1.000000e+001
    endloop
  endfacet
  facet normal -3.797589e-001 -1.233915e-001  9.168193e-001
    outer loop
      vertex  1.326000e+002  5.000000e+001  1.000000e+001
      vertex  1.315314e+002  5.111261e+001  9.707107e+000
      vertex  1.318929e+002  5.000000e+001  9.707107e+000
    endloop
  endfacet
  facet normal -8.848709e-001  2.875119e-001  3.665247e-001
    outer loop
      vertex  1.316000e+002  1.043560e+002  9.000000e+000
      vertex  1.315314e+002  1.032434e+002  9.707107e+000
      vertex  1.318929e+002  1.043560e+002  9.707107e+000
    endloop
  endfacet
  facet normal -8.221952e-001  3.405636e-001  4.560826e-001
    outer loop
      vertex  1.316000e+002  1.043560e+002  9.000000e+000
      vertex  1.311314e+002  1.032246e+002  9.000000e+000
      vertex  1.315314e+002  1.032434e+002  9.707107e+000
    endloop
  endfacet
  facet normal  8.221952e-001  3.405636e-001  4.560826e-001
    outer loop
      vertex  1.284000e+002  1.043560e+002  9.000000e+000
      vertex  1.284686e+002  1.032434e+002  9.707107e+000
      vertex  1.288686e+002  1.032246e+002  9.000000e+000
    endloop
  endfacet
  facet normal  8.848709e-001  2.875119e-001  3.665247e-001
    outer loop
      vertex  1.284000e+002  1.043560e+002  9.000000e+000
      vertex  1.281071e+002  1.043560e+002  9.707107e+000
      vertex  1.284686e+002  1.032434e+002  9.707107e+000
    endloop
  endfacet
  facet normal -5.612581e-001  7.725098e-001  2.970153e-001
    outer loop
      vertex  1.311314e+002  1.032246e+002  9.000000e+000
      vertex  1.305849e+002  1.025557e+002  9.707107e+000
      vertex  1.315314e+002  1.032434e+002  9.707107e+000
    endloop
  endfacet
  facet normal  -0.000000e+000  9.621617e-001  2.724789e-001
    outer loop
      vertex  1.300000e+002  1.027560e+002  9.000000e+000
      vertex  1.294151e+002  1.025557e+002  9.707107e+000
      vertex  1.305849e+002  1.025557e+002  9.707107e+000
    endloop
  endfacet
  facet normal -3.312934e-001  7.998073e-001  5.005525e-001
    outer loop
      vertex  1.300000e+002  1.027560e+002  9.000000e+000
      vertex  1.305849e+002  1.025557e+002  9.707107e+000
      vertex  1.311314e+002  1.032246e+002  9.000000e+000
    endloop
  endfacet
  facet normal  5.612581e-001  7.725098e-001  2.970153e-001
    outer loop
      vertex  1.288686e+002  1.032246e+002  9.000000e+000
      vertex  1.284686e+002  1.032434e+002  9.707107e+000
      vertex  1.294151e+002  1.025557e+002  9.707107e+000
    endloop
  endfacet
  facet normal  3.312934e-001  7.998073e-001  5.005525e-001
    outer loop
      vertex  1.288686e+002  1.032246e+002  9.000000e+000
      vertex  1.294151e+002  1.025557e+002  9.707107e+000
      vertex  1.300000e+002  1.027560e+002  9.000000e+000
    endloop
  endfacet
  facet normal -3.797587e-001  1.233936e-001  9.168192e-001
    outer loop
      vertex  1.326000e+002  1.043560e+002  1.000000e+001
      vertex  1.318929e+002  1.043560e+002  9.707107e+000
      vertex  1.321034e+002  1.028278e+002  1.000000e+001
    endloop
  endfacet
  facet normal -3.797635e-001  1.233926e-001  9.168173e-001
    outer loop
      vertex  1.321034e+002  1.028278e+002  1.000000e+001
      vertex  1.318929e+002  1.043560e+002  9.707107e+000
      vertex  1.315314e+002  1.032434e+002  9.707107e+000
    endloop
  endfacet
  facet normal -2.347068e-001  3.230437e-001  9.168182e-001
    outer loop
      vertex  1.321034e+002  1.028278e+002  1.000000e+001
      vertex  1.315314e+002  1.032434e+002  9.707107e+000
      vertex  1.308035e+002  1.018833e+002  1.000000e+001
    endloop
  endfacet
  facet normal -2.347021e-001  3.230416e-001  9.168200e-001
    outer loop
      vertex  1.308035e+002  1.018833e+002  1.000000e+001
      vertex  1.315314e+002  1.032434e+002  9.707107e+000
      vertex  1.305849e+002  1.025557e+002  9.707107e+000
    endloop
  endfacet
  facet normal  0.000000e+000  3.993053e-001  9.168180e-001
    outer loop
      vertex  1.308035e+002  1.018833e+002  1.000000e+001
      vertex  1.305849e+002  1.025557e+002  9.707107e+000
      vertex  1.291965e+002  1.018833e+002  1.000000e+001
    endloop
  endfacet
  facet normal  0.000000e+000  3.993053e-001  9.168181e-001
    outer loop
      vertex  1.291965e+002  1.018833e+002  1.000000e+001
      vertex  1.305849e+002  1.025557e+002  9.707107e+000
      vertex  1.294151e+002  1.025557e+002  9.707107e+000
    endloop
  endfacet
  facet normal  2.347035e-001  3.230411e-001  9.168199e-001
    outer loop
      vertex  1.291965e+002  1.018833e+002  1.000000e+001
      vertex  1.294151e+002  1.025557e+002  9.707107e+000
      vertex  1.278966e+002  1.028278e+002  1.000000e+001
    endloop
  endfacet
  facet normal  2.347038e-001  3.230439e-001  9.168189e-001
    outer loop
      vertex  1.278966e+002  1.028278e+002  1.000000e+001
      vertex  1.294151e+002  1.025557e+002  9.707107e+000
      vertex  1.284686e+002  1.032434e+002  9.707107e+000
    endloop
  endfacet
  facet normal  3.797607e-001  1.233905e-001  9.168187e-001
    outer loop
      vertex  1.278966e+002  1.028278e+002  1.000000e+001
      vertex  1.284686e+002  1.032434e+002  9.707107e+000
      vertex  1.274000e+002  1.043560e+002  1.000000e+001
    endloop
  endfacet
  facet normal  3.797623e-001  1.233922e-001  9.168178e-001
    outer loop
      vertex  1.274000e+002  1.043560e+002  1.000000e+001
      vertex  1.284686e+002  1.032434e+002  9.707107e+000
      vertex  1.281071e+002  1.043560e+002  9.707107e+000
    endloop
  endfacet
  facet normal  8.848704e-001 -2.875137e-001  3.665245e-001
    outer loop
      vertex  1.284000e+002  1.043560e+002  9.000000e+000
      vertex  1.284686e+002  1.054686e+002  9.707107e+000
      vertex  1.281071e+002  1.043560e+002  9.707107e+000
    endloop
  endfacet
  facet normal  8.221967e-001 -3.405642e-001  4.560797e-001
    outer loop
      vertex  1.284000e+002  1.043560e+002  9.000000e+000
      vertex  1.288686e+002  1.054874e+002  9.000000e+000
      vertex  1.284686e+002  1.054686e+002  9.707107e+000
    endloop
  endfacet
  facet normal -8.221967e-001 -3.405642e-001  4.560797e-001
    outer loop
      vertex  1.316000e+002  1.043560e+002  9.000000e+000
      vertex  1.315314e+002  1.054686e+002  9.707107e+000
      vertex  1.311314e+002  1.054874e+002  9.000000e+000
    endloop
  endfacet
  facet normal -8.848704e-001 -2.875137e-001  3.665245e-001
    outer loop
      vertex  1.316000e+002  1.043560e+002  9.000000e+000
      vertex  1.318929e+002  1.043560e+002  9.707107e+000
      vertex  1.315314e+002  1.054686e+002  9.707107e+000
    endloop
  endfacet
  facet normal  5.612594e-001 -7.725117e-001  2.970077e-001
    outer loop
      vertex  1.288686e+002  1.054874e+002  9.000000e+000
      vertex  1.294151e+002  1.061563e+002  9.707107e+000
      vertex  1.284686e+002  1.054686e+002  9.707107e+000
    endloop
  endfacet
  facet normal  0.000000e+000 -9.621617e-001  2.724789e-001
    outer loop
      vertex  1.300000e+002  1.059560e+002  9.000000e+000
      vertex  1.305849e+002  1.061563e+002  9.707107e+000
      vertex  1.294151e+002  1.061563e+002  9.707107e+000
    endloop
  endfacet
  facet normal  3.312894e-001 -7.998105e-001  5.005501e-001
    outer loop
      vertex  1.300000e+002  1.059560e+002  9.000000e+000
      vertex  1.294151e+002  1.061563e+002  9.707107e+000
      vertex  1.288686e+002  1.054874e+002  9.000000e+000
    endloop
  endfacet
  facet normal -5.612594e-001 -7.725117e-001  2.970077e-001
    outer loop
      vertex  1.311314e+002  1.054874e+002  9.000000e+000
      vertex  1.315314e+002  1.054686e+002  9.707107e+000
      vertex  1.305849e+002  1.061563e+002  9.707107e+000
    endloop
  endfacet
  facet normal -3.312894e-001 -7.998105e-001  5.005501e-001
    outer loop
      vertex  1.311314e+002  1.054874e+002  9.000000e+000
      vertex  1.305849e+002  1.061563e+002  9.707107e+000
      vertex  1.300000e+002  1.059560e+002  9.000000e+000
    endloop
  endfacet
  facet normal  3.797624e-001 -1.233916e-001  9.168180e-001
    outer loop
      vertex  1.274000e+002  1.043560e+002  1.000000e+001
      vertex  1.281071e+002  1.043560e+002  9.707107e+000
      vertex  1.278966e+002  1.058842e+002  1.000000e+001
    endloop
  endfacet
  facet normal  3.797596e-001 -1.233922e-001  9.168189e-001
    outer loop
      vertex  1.278966e+002  1.058842e+002  1.000000e+001
      vertex  1.281071e+002  1.043560e+002  9.707107e+000
      vertex  1.284686e+002  1.054686e+002  9.707107e+000
    endloop
  endfacet
  facet normal  2.347057e-001 -3.230415e-001  9.168192e-001
    outer loop
      vertex  1.278966e+002  1.058842e+002  1.000000e+001
      vertex  1.284686e+002  1.054686e+002  9.707107e+000
      vertex  1.291965e+002  1.068288e+002  1.000000e+001
    endloop
  endfacet
  facet normal  2.347003e-001 -3.230391e-001  9.168214e-001
    outer loop
      vertex  1.291965e+002  1.068288e+002  1.000000e+001
      vertex  1.284686e+002  1.054686e+002  9.707107e+000
      vertex  1.294151e+002  1.061563e+002  9.707107e+000
    endloop
  endfacet
  facet normal  0.000000e+000 -3.993014e-001  9.168197e-001
    outer loop
      vertex  1.291965e+002  1.068288e+002  1.000000e+001
      vertex  1.294151e+002  1.061563e+002  9.707107e+000
      vertex  1.308035e+002  1.068288e+002  1.000000e+001
    endloop
  endfacet
  facet normal  0.000000e+000 -3.993014e-001  9.168197e-001
    outer loop
      vertex  1.308035e+002  1.068288e+002  1.000000e+001
      vertex  1.294151e+002  1.061563e+002  9.707107e+000
      vertex  1.305849e+002  1.061563e+002  9.707107e+000
    endloop
  endfacet
  facet normal -2.347042e-001 -3.230376e-001  9.168209e-001
    outer loop
      vertex  1.308035e+002  1.068288e+002  1.000000e+001
      vertex  1.305849e+002  1.061563e+002  9.707107e+000
      vertex  1.321034e+002  1.058842e+002  1.000000e+001
    endloop
  endfacet
  facet normal -2.347051e-001 -3.230457e-001  9.168178e-001
    outer loop
      vertex  1.321034e+002  1.058842e+002  1.000000e+001
      vertex  1.305849e+002  1.061563e+002  9.707107e+000
      vertex  1.315314e+002  1.054686e+002  9.707107e+000
    endloop
  endfacet
  facet normal -3.797618e-001 -1.233952e-001  9.168177e-001
    outer loop
      vertex  1.321034e+002  1.058842e+002  1.000000e+001
      vertex  1.315314e+002  1.054686e+002  9.707107e+000
      vertex  1.326000e+002  1.043560e+002  1.000000e+001
    endloop
  endfacet
  facet normal -3.797588e-001 -1.233919e-001  9.168193e-001
    outer loop
      vertex  1.326000e+002  1.043560e+002  1.000000e+001
      vertex  1.315314e+002  1.054686e+002  9.707107e+000
      vertex  1.318929e+002  1.043560e+002  9.707107e+000
    endloop
  endfacet
  facet normal -8.848707e-001  2.875128e-001  3.665246e-001
    outer loop
      vertex  1.697000e+002  5.000000e+001  9.000000e+000
      vertex  1.696314e+002  4.888739e+001  9.707107e+000
      vertex  1.699929e+002  5.000000e+001  9.707107e+000
    endloop
  endfacet
  facet normal -8.221959e-001  3.405639e-001  4.560812e-001
    outer loop
      vertex  1.697000e+002  5.000000e+001  9.000000e+000
      vertex  1.692314e+002  4.886863e+001  9.000000e+000
      vertex  1.696314e+002  4.888739e+001  9.707107e+000
    endloop
  endfacet
  facet normal  8.221959e-001  3.405639e-001  4.560812e-001
    outer loop
      vertex  1.665000e+002  5.000000e+001  9.000000e+000
      vertex  1.665686e+002  4.888739e+001  9.707107e+000
      vertex  1.669686e+002  4.886863e+001  9.000000e+000
    endloop
  endfacet
  facet normal  8.848707e-001  2.875128e-001  3.665246e-001
    outer loop
      vertex  1.665000e+002  5.000000e+001  9.000000e+000
      vertex  1.662071e+002  5.000000e+001  9.707107e+000
      vertex  1.665686e+002  4.888739e+001  9.707107e+000
    endloop
  endfacet
  facet normal -5.612623e-001  7.725074e-001  2.970135e-001
    outer loop
      vertex  1.692314e+002  4.886863e+001  9.000000e+000
      vertex  1.686849e+002  4.819975e+001  9.707107e+000
      vertex  1.696314e+002  4.888739e+001  9.707107e+000
    endloop
  endfacet
  facet normal  -0.000000e+000  9.621618e-001  2.724789e-001
    outer loop
      vertex  1.681000e+002  4.840000e+001  9.000000e+000
      vertex  1.675151e+002  4.819975e+001  9.707107e+000
      vertex  1.686849e+002  4.819975e+001  9.707107e+000
    endloop
  endfacet
  facet normal -3.312927e-001  7.998078e-001  5.005521e-001
    outer loop
      vertex  1.681000e+002  4.840000e+001  9.000000e+000
      vertex  1.686849e+002  4.819975e+001  9.707107e+000
      vertex  1.692314e+002  4.886863e+001  9.000000e+000
    endloop
  endfacet
  facet normal  5.612623e-001  7.725074e-001  2.970135e-001
    outer loop
      vertex  1.669686e+002  4.886863e+001  9.000000e+000
      vertex  1.665686e+002  4.888739e+001  9.707107e+000
      vertex  1.675151e+002  4.819975e+001  9.707107e+000
    endloop
  endfacet
  facet normal  3.312882e-001  7.998077e-001  5.005555e-001
    outer loop
      vertex  1.669686e+002  4.886863e+001  9.000000e+000
      vertex  1.675151e+002  4.819975e+001  9.707107e+000
      vertex  1.681000e+002  4.840000e+001  9.000000e+000
    endloop
  endfacet
  facet normal -3.797589e-001  1.233902e-001  9.168195e-001
    outer loop
      vertex  1.707000e+002  5.000000e+001  1.000000e+001
      vertex  1.699929e+002  5.000000e+001  9.707107e+000
      vertex  1.702034e+002  4.847176e+001  1.000000e+001
    endloop
  endfacet
  facet normal -3.797564e-001  1.233907e-001  9.168205e-001
    outer loop
      vertex  1.702034e+002  4.847176e+001  1.000000e+001
      vertex  1.699929e+002  5.000000e+001  9.707107e+000
      vertex  1.696314e+002  4.888739e+001  9.707107e+000
    endloop
  endfacet
  facet normal -2.347032e-001  3.230412e-001  9.168199e-001
    outer loop
      vertex  1.702034e+002  4.847176e+001  1.000000e+001
      vertex  1.696314e+002  4.888739e+001  9.707107e+000
      vertex  1.689034e+002  4.752725e+001  1.000000e+001
    endloop
  endfacet
  facet normal -2.347049e-001  3.230420e-001  9.168193e-001
    outer loop
      vertex  1.689034e+002  4.752725e+001  1.000000e+001
      vertex  1.696314e+002  4.888739e+001  9.707107e+000
      vertex  1.686849e+002  4.819975e+001  9.707107e+000
    endloop
  endfacet
  facet normal  0.000000e+000  3.993014e-001  9.168197e-001
    outer loop
      vertex  1.689034e+002  4.752725e+001  1.000000e+001
      vertex  1.686849e+002  4.819975e+001  9.707107e+000
      vertex  1.672966e+002  4.752725e+001  1.000000e+001
    endloop
  endfacet
  facet normal  0.000000e+000  3.993014e-001  9.168197e-001
    outer loop
      vertex  1.672966e+002  4.752725e+001  1.000000e+001
      vertex  1.686849e+002  4.819975e+001  9.707107e+000
      vertex  1.675151e+002  4.819975e+001  9.707107e+000
    endloop
  endfacet
  facet normal  2.347040e-001  3.230423e-001  9.168193e-001
    outer loop
      vertex  1.672966e+002  4.752725e+001  1.000000e+001
      vertex  1.675151e+002  4.819975e+001  9.707107e+000
      vertex  1.659966e+002  4.847176e+001  1.000000e+001
    endloop
  endfacet
  facet normal  2.347038e-001  3.230405e-001  9.168201e-001
    outer loop
      vertex  1.659966e+002  4.847176e+001  1.000000e+001
      vertex  1.675151e+002  4.819975e+001  9.707107e+000
      vertex  1.665686e+002  4.888739e+001  9.707107e+000
    endloop
  endfacet
  facet normal  3.797571e-001  1.233896e-001  9.168203e-001
    outer loop
      vertex  1.659966e+002  4.847176e+001  1.000000e+001
      vertex  1.665686e+002  4.888739e+001  9.707107e+000
      vertex  1.655000e+002  5.000000e+001  1.000000e+001
    endloop
  endfacet
  facet normal  3.797589e-001  1.233915e-001  9.168193e-001
    outer loop
      vertex  1.655000e+002  5.000000e+001  1.000000e+001
      vertex  1.665686e+002  4.888739e+001  9.707107e+000
      vertex  1.662071e+002  5.000000e+001  9.707107e+000
    endloop
  endfacet
  facet normal  8.848707e-001 -2.875128e-001  3.665246e-001
    outer loop
      vertex  1.665000e+002  5.000000e+001  9.000000e+000
      vertex  1.665686e+002  5.111261e+001  9.707107e+000
      vertex  1.662071e+002  5.000000e+001  9.707107e+000
    endloop
  endfacet
  facet normal  8.221959e-001 -3.405639e-001  4.560812e-001
    outer loop
      vertex  1.665000e+002  5.000000e+001  9.000000e+000
      vertex  1.669686e+002  5.113137e+001  9.000000e+000
      vertex  1.665686e+002  5.111261e+001  9.707107e+000
    endloop
  endfacet
  facet normal -8.221959e-001 -3.405639e-001  4.560812e-001
    outer loop
      vertex  1.697000e+002  5.000000e+001  9.000000e+000
      vertex  1.696314e+002  5.111261e+001  9.707107e+000
      vertex  1.692314e+002  5.113137e+001  9.000000e+000
    endloop
  endfacet
  facet normal -8.848707e-001 -2.875128e-001  3.665246e-001
    outer loop
      vertex  1.697000e+002  5.000000e+001  9.000000e+000
      vertex  1.699929e+002  5.000000e+001  9.707107e+000
      vertex  1.696314e+002  5.111261e+001  9.707107e+000
    endloop
  endfacet
  facet normal  5.612623e-001 -7.725074e-001  2.970135e-001
    outer loop
      vertex  1.669686e+002  5.113137e+001  9.000000e+000
      vertex  1.675151e+002  5.180025e+001  9.707107e+000
      vertex  1.665686e+002  5.111261e+001  9.707107e+000
    endloop
  endfacet
  facet normal  0.000000e+000 -9.621618e-001  2.724789e-001
    outer loop
      vertex  1.681000e+002  5.160000e+001  9.000000e+000
      vertex  1.686849e+002  5.180025e+001  9.707107e+000
      vertex  1.675151e+002  5.180025e+001  9.707107e+000
    endloop
  endfacet
  facet normal  3.312882e-001 -7.998077e-001  5.005555e-001
    outer loop
      vertex  1.681000e+002  5.160000e+001  9.000000e+000
      vertex  1.675151e+002  5.180025e+001  9.707107e+000
      vertex  1.669686e+002  5.113137e+001  9.000000e+000
    endloop
  endfacet
  facet normal -5.612623e-001 -7.725074e-001  2.970135e-001
    outer loop
      vertex  1.692314e+002  5.113137e+001  9.000000e+000
      vertex  1.696314e+002  5.111261e+001  9.707107e+000
      vertex  1.686849e+002  5.180025e+001  9.707107e+000
    endloop
  endfacet
  facet normal -3.312927e-001 -7.998078e-001  5.005521e-001
    outer loop
      vertex  1.692314e+002  5.113137e+001  9.000000e+000
      vertex  1.686849e+002  5.180025e+001  9.707107e+000
      vertex  1.681000e+002  5.160000e+001  9.000000e+000
    endloop
  endfacet
  facet normal  3.797589e-001 -1.233902e-001  9.168195e-001
    outer loop
      vertex  1.655000e+002  5.000000e+001  1.000000e+001
      vertex  1.662071e+002  5.000000e+001  9.707107e+000
      vertex  1.659966e+002  5.152824e+001  1.000000e+001
    endloop
  endfacet
  facet normal  3.797564e-001 -1.233907e-001  9.168205e-001
    outer loop
      vertex  1.659966e+002  5.152824e+001  1.000000e+001
      vertex  1.662071e+002  5.000000e+001  9.707107e+000
      vertex  1.665686e+002  5.111261e+001  9.707107e+000
    endloop
  endfacet
  facet normal  2.347032e-001 -3.230412e-001  9.168199e-001
    outer loop
      vertex  1.659966e+002  5.152824e+001  1.000000e+001
      vertex  1.665686e+002  5.111261e+001  9.707107e+000
      vertex  1.672966e+002  5.247275e+001  1.000000e+001
    endloop
  endfacet
  facet normal  2.347049e-001 -3.230420e-001  9.168193e-001
    outer loop
      vertex  1.672966e+002  5.247275e+001  1.000000e+001
      vertex  1.665686e+002  5.111261e+001  9.707107e+000
      vertex  1.675151e+002  5.180025e+001  9.707107e+000
    endloop
  endfacet
  facet normal  0.000000e+000 -3.993014e-001  9.168197e-001
    outer loop
      vertex  1.672966e+002  5.247275e+001  1.000000e+001
      vertex  1.675151e+002  5.180025e+001  9.707107e+000
      vertex  1.689034e+002  5.247275e+001  1.000000e+001
    endloop
  endfacet
  facet normal  0.000000e+000 -3.993014e-001  9.168197e-001
    outer loop
      vertex  1.689034e+002  5.247275e+001  1.000000e+001
      vertex  1.675151e+002  5.180025e+001  9.707107e+000
      vertex  1.686849e+002  5.180025e+001  9.707107e+000
    endloop
  endfacet
  facet normal -2.347040e-001 -3.230423e-001  9.168193e-001
    outer loop
      vertex  1.689034e+002  5.247275e+001  1.000000e+001
      vertex  1.686849e+002  5.180025e+001  9.707107e+000
      vertex  1.702034e+002  5.152824e+001  1.000000e+001
    endloop
  endfacet
  facet normal -2.347038e-001 -3.230405e-001  9.168201e-001
    outer loop
      vertex  1.702034e+002  5.152824e+001  1.000000e+001
      vertex  1.686849e+002  5.180025e+001  9.707107e+000
      vertex  1.696314e+002  5.111261e+001  9.707107e+000
    endloop
  endfacet
  facet normal -3.797571e-001 -1.233896e-001  9.168203e-001
    outer loop
      vertex  1.702034e+002  5.152824e+001  1.000000e+001
      vertex  1.696314e+002  5.111261e+001  9.707107e+000
      vertex  1.707000e+002  5.000000e+001  1.000000e+001
    endloop
  endfacet
  facet normal -3.797589e-001 -1.233915e-001  9.168193e-001
    outer loop
      vertex  1.707000e+002  5.000000e+001  1.000000e+001
      vertex  1.696314e+002  5.111261e+001  9.707107e+000
      vertex  1.699929e+002  5.000000e+001  9.707107e+000
    endloop
  endfacet
endsolid CATIA STL
